node,display_name,country,citations,first_publication,community
A5012701585,Michael Inzlicht,CA,2105,2015,0
A5022754313,Hause Lin,CA,511,2017,0
A5044056170,Carolyn K. Dean Wolf,US,291,2018,0
A5067008528,Romy Frömer,US,427,2011,0
A5071496598,Amitai Shenhav,US,5539,2012,0
A5010205815,Andrew Westbrook,US,111,2016,0
A5062483057,Frank Fan,CN,12,2024,0
A5045510685,Anikó Gregor,HU,140,2020,1
A5051996438,Eszter Kováts,HU,140,2020,1
A5069473136,Éva Fodor,AT,124,2020,1
A5084303908,Júlia Koltai,HU,237,2018,1
A5017534073,Michael W. Macy,US,4569,1994,2
A5034327826,Patrick Park,CA,144,2015,2
A5054622320,Joshua Blumenstock,US,807,2010,3
A5020488191,Kaitlyn M. Werner,US,669,2016,0
A5014437029,Jana Lasser,AT,154,2015,4
A5017914184,Stephan Lewandowsky,GB,18926,1983,4
A5020533147,Gordon Pennycook,US,11189,2012,5
A5056499434,David G. Rand,US,20685,2008,5
A5076732230,Andrew Gully,US,114,2021,5
A5112992954,Rocky Cole,US,114,2021,5
A5012591331,Luhang Sun,US,24,2023,2
A5027112658,Sijia Yang,CN,717,2013,2
A5056681654,Yibing Sun,US,24,2023,2
A5064270411,Liwei Shen,US,24,2023,2
A5089178335,Yoo Ji Suh,US,44,2022,6
A5103070334,Mian Wei,US,24,2023,2
A5069359768,Ray D. Bollman,CA,130,1997,7
A5085714892,John Bryden,NO,448,1991,7
A5022994077,Daphne Ippolito,US,565,2019,8
A5042805801,Arun Kirubarajan,US,44,2020,8
A5059969678,Liam Dugan,US,61,2020,8
A5066720336,Sherry Shi,US,16,2023,8
A5068508539,Chris Callison-Burch,US,4927,2003,8
A5019016245,Blair Saunders,GB,455,2015,0
A5087740106,Marina Milyavskaya,CA,942,2015,0
A5001127585,Christie Newton,US,150,2020,5
A5001549070,Puneet Bhargava,US,12,2023,5
A5036380965,Katie MacDonald,CA,12,2023,5
A5005487360,Stig S. Gezelius,NO,46,2017,7
A5027172638,Karen Refsgaard,SE,79,2008,7
A5080708019,Judith Sutz,UY,46,2017,7
A5033656008,Ingmar Weber,DE,4512,2009,9
A5037186646,Michael Macy,US,871,2010,6
A5061189564,Bogdan State,GB,389,2013,9
A5000602483,Gergely Röst,HU,18,2022,1
A5078032253,Orsolya Vásárhelyi,HU,18,2022,1
A5079596102,Márton Karsai,AT,1657,2012,10
A5011994255,Caitlin Hinson,GB,18,2022,7
A5076767393,Jimmy O’Keeffe,IE,101,2016,7
A5083597638,Alexandra Collins,GB,43,2022,7
A5088111791,Jessica Van Grootveld,Unknown,18,2022,7
A5088123066,Ana Mijić,GB,101,2016,7
A5060826510,Keith Hart,NO,65,2004,7
A5023248712,Neil J. MacKinnon,CA,132,1987,7
A5058660740,Anthony M. Fuller,CA,83,1991,7
A5073984304,Claudia Bell,NZ,62,1991,7
A5079137119,M Leroy Spearman,US,2196,1991,7
A5007972350,László Lőrincz,HU,36,2018,1
A5015566794,Károly Takács,HU,348,2008,11
A5016152627,Anna Fruzsina Győr,HU,36,2018,1
A5007791481,Zoë Francis,CA,147,2018,0
A5004047792,Etan Ginsberg,US,17,2022,8
A5046422522,Eleni Miltsakaki,US,376,2003,8
A5068377890,Shriyash Upadhyay,US,17,2022,8
A5070619747,Hannah Gonzalez,US,17,2022,8
A5076548181,DaHyeon Choi,US,17,2022,8
A5085101123,Chuning Yuan,US,17,2022,8
A5037923102,Niek C. de Schipper,NL,31,2018,12
A5046746723,Bas Hofstra,NL,996,2017,12
A5073770089,Tamás Tófalvy,HU,20,2021,1
A5064518469,Gillian Munro,GB,51,2000,7
A5055890108,Oshin Vartanian,CA,65,2011,0
A5012017884,Rotem Petranker,CA,66,2020,30
A5080801332,Norman A. S. Farb,CA,952,2015,30
A5082063863,Thomas Anderson,CA,136,2018,30
A5020418858,Anders Giovanni Møller,DK,19,2020,8
A5039811894,Rob van der Goot,DK,311,2014,8
A5088832285,Barbara Plank,DE,545,2013,8
A5013127864,Renáta Németh,HU,27,2021,1
A5021346979,Filippo Menczer,BR,15639,1992,14
A5070356107,Matthew DeVerna,BR,227,2021,14
A5082563790,Rachith Aiyappa,US,11,2022,14
A5090663249,Diogo Pacheco,GB,140,2017,14
A5002073039,Sou Hyun Jang,KR,31,2015,15
A5051204759,David B. Monaghan,US,19,2017,15
A5061600161,Malte Friese,DE,1991,2006,0
A5103280164,Nathan J. Evans,US,219,2018,0
A5034547835,Klaus Mittenzwei,NO,18,2013,7
A5006225383,Hawoong Jeong,KR,1583,1999,10
A5039707142,Byunghwee Lee,KR,16,2018,10
A5054894743,Seunghye Sun,KR,16,2018,10
A5070147321,Juyong Park,US,305,2005,10
A5100372601,Daniel Kim,US,84,2014,10
A5049389261,Bence Ságvári,HU,271,2013,16
A5101437231,Attila Gulyás,HU,12,2021,1
A5050548130,Beáta Dávid,HU,46,2017,1
A5066939601,Fruzsina Albert,HU,46,2017,1
A5109330693,Pyong Gap Min,US,12,2015,15
A5025860046,Ryan Compton,US,186,2013,2
A5068965681,Tsai-Ching Lu,US,239,2013,2
A5103355352,W. van den Bor,NL,21,1995,7
A5000986799,Sara Alva Lizarraga,Unknown,12,2008,7
A5052664280,Thomas G. Johnson,US,33,2008,7
A5026000073,E.A. Hawkins,GB,14,1993,7
A5040714157,N. Gilliatt,GB,14,1993,7
A5073517440,Niall MacKinnon,GB,14,1993,7
A5032538899,Jonathan Nagler,US,6256,1992,17
A5048165961,Andrew M. Guess,US,3359,2018,17
A5072046918,Joshua A. Tucker,US,7315,2002,17
A5010601798,Pablo Barberá,US,2524,2013,17
A5055203249,Richard Bonneau,US,2375,2013,17
A5077630021,John T. Jost,US,3566,2013,17
A5091187284,R. Michael Alvarez,US,1579,1994,17
A5010913808,Ning Wang,GB,835,2013,10
A5064437896,Sandra González‐Bailón,US,2424,2011,10
A5015458200,Gregory Eady,DK,454,2019,17
A5022179384,Jan Zilinsky,DE,315,2019,17
A5014666782,Cristian Vaccari,GB,942,2013,17
A5069292100,Rich Bonneau,US,238,2015,17
A5073517348,Augusto Valeriani,IT,1074,2013,17
A5004979407,Sucheta Ghoshal,US,311,2018,6
A5024795472,Éric Gilbert,US,5929,1957,6
A5030047353,Shagun Jhaver,US,1134,2017,6
A5072925582,Amy Bruckman,US,5479,2004,6
A5083866672,Jan E. Leighley,US,695,1992,17
A5018158882,Satish V. Ukkusuri,US,1366,2012,18
A5024842056,Yoshihide Sekimoto,JP,416,2016,18
A5039493399,Naoya Fujiwara,JP,330,2009,18
A5043621466,Kota Tsubouchi,JP,472,2016,18
A5075756309,Takahiro Yabe,US,863,2016,18
A5091634932,Takayuki Wada,JP,212,2020,18
A5010879920,Mattia Samory,IT,575,2017,6
A5011449176,Cliff Lampe,US,21183,2004,6
A5025436534,Hunter Charvat,US,180,2018,6
A5047699861,Jacob Eisenstein,DK,2723,2006,6
A5069919112,Eshwar Chandrasekharan,US,1114,2017,6
A5060339045,Benjamin Sugar,US,132,2021,6
A5102962995,Munmun De Choudhury,US,9767,2007,6
A5068986034,Christian Boylston,US,115,2021,6
A5089413311,Diyi Yang,US,7093,2013,8
A5004320483,Albert W. Wu,US,617,2000,30
A5015752834,Katharine E. Henry,US,172,2013,30
A5017344436,Bilge Mutlu,US,2026,2005,30
A5040808365,Anirudh Sridharan,IN,113,2022,30
A5055371276,Suchi Saria,US,284,2007,30
A5060905224,Rachel Kornfield,US,681,2013,30
A5077339225,Robert C. Linton,US,113,2022,30
A5079739837,Catherine Groh,US,113,2022,30
A5101508273,Xiaoshan Wang,DE,150,2016,30
A5015053453,Susan L. Cutter,US,121,2012,18
A5033107100,P. Suresh C. Rao,US,315,2017,18
A5035307290,Tom Paskhalis,IE,69,2023,17
A5004489992,Kevin Aslett,US,192,2020,17
A5089789371,Nicholas K. W. Jones,US,66,2022,18
A5111672074,Marta C. González,US,3591,2007,3
A5007730464,Paul Pronyk,SG,414,2006,19
A5036822409,Tony Barnett,GB,507,1994,19
A5101854616,Julia Kim,US,478,1997,19
A5113226133,Charlotte Watts,GB,414,2006,19
A5015279450,Kevin Fleming,US,198,1989,19
A5030997914,Carole Bandy,US,138,2010,19
A5047775140,Andrea Zambetti,US,138,2010,19
A5089111778,Matthew Kimble,US,187,2010,19
A5015016192,Denzel Woode,US,134,2017,19
A5030578153,J. Chance Miller,US,166,2017,19
A5041494411,Eugene Jang,US,264,2014,19
A5056405420,David P. Trofa,US,180,2017,19
A5072497003,J. Turner Vosseller,US,233,2014,19
A5076157118,Justin Greisberg,US,219,2014,19
A5048574875,Jonathan Ronen,DE,148,2016,17
A5082408253,Jennifer Larson,US,241,2016,17
A5001960715,Alison Singer,US,191,2019,18
A5012176291,Antonie Jetter,US,167,2020,18
A5050709026,Joshua Introne,US,342,2006,20
A5057944399,Payam Aminpour,US,321,2017,18
A5064047566,Robert Arlinghaus,DE,881,2009,18
A5103904513,Steven A. Gray,US,332,2017,18
A5026568539,Sherry Emery,US,1398,2012,30
A5028357047,Jidong Huang,US,568,2013,30
A5012517034,Yoni Karpfen,Unknown,93,2018,6
A5077969491,Judd Antin,Unknown,1261,2009,6
A5015770363,Kevin Munger,IT,659,2018,17
A5038833789,Julia Mendelsohn,US,190,2017,6
A5057120924,Jonathan Bassen,US,715,2015,6
A5076189854,Michael S. Bernstein,US,8376,2006,6
A5089313267,Ethan Fast,US,765,2010,6
A5100687676,Binbin Chen,CN,288,2016,6
A5062910836,Yulia Tsvetkov,US,2526,2013,8
A5087088138,Dan Jurafsky,US,11981,1999,12
A5001030322,Nejla Asimovic,US,64,2021,17
A5028813886,Jiawei Xue,US,103,2021,18
A5047703518,Qiyuan Pang,US,51,2022,18
A5074269040,Jianzhu Ma,CN,220,2018,18
A5081680496,Senwei Liang,US,51,2022,18
A5101948829,Nan Jiang,US,51,2022,18
A5007340041,Detlef Knauss,US,39,2022,6
A5037054163,Quan Ze Chen,US,549,2016,6
A5037569091,Amy X. Zhang,US,720,2013,6
A5026128402,Zituo Wang,US,26,2023,21
A5100736030,Dong-Gyu Kim,US,26,2023,21
A5089449170,Alice Qian Zhang,US,26,2023,6
A5102797041,Ruotong Wang,CN,417,2019,6
A5103025433,Nikhila Natarajan,US,26,2023,6
A5007160163,William Godel,US,71,2021,17
A5019904524,Nathaniel Persily,US,405,2008,17
A5057729251,Zeve Sanderson,US,71,2021,17
A5060147448,Carole Kennedy Chaney,US,164,1998,17
A5061494907,Jennifer R Willette,US,157,2000,17
A5007461556,Mark G. Core,US,546,2005,19
A5040712214,Melissa W. Dixon,Unknown,110,2006,19
A5056861677,James Belanich,US,330,2006,19
A5082080745,Eric Forbell,US,305,2006,19
A5087186667,H. Chad Lane,US,622,2005,19
A5101841548,John Hart,US,264,2006,19
A5104029524,Randall W. Hill,US,550,1997,19
A5002583268,Lisa Vera,US,412,2013,30
A5003148701,Ernst R. Berndt,US,316,1995,30
A5010621055,G. Caleb Alexander,US,101,2012,30
A5058147391,Julie M. Donohue,US,173,2008,30
A5012862025,Christopher J. Dy,US,66,2014,19
A5016971867,Kathleen N. Meyers,US,94,1997,19
A5084751534,Scott W. Wolfe,US,80,2014,19
A5101820563,Samuel A. Taylor,US,66,2014,19
A5008800167,Satoshi Ikemoto,US,92,2016,18
A5023558826,Yunchang Zhang,CN,55,2020,18
A5027163845,Cody Buntain,US,331,2016,17
A5005679010,Osman Mutlu,TR,179,2019,22
A5014581579,Ritesh Kumar,IN,1427,2019,22
A5015126986,Shyam Ratan,IN,39,2021,22
A5041253633,Ali Hürriyetoğlu,TR,210,2018,22
A5052957309,Farhana Ferdousi Liza,GB,39,2021,22
A5080592381,Erdem Yörük,GB,390,2008,22
A5017953005,Theresa Nguyen,US,125,2010,30
A5031008982,Jonah Meyerhoff,US,203,2021,30
A5035015117,Madhu Reddy,US,1428,2002,30
A5051245888,David C. Mohr,US,6698,1990,30
A5071429578,Kaylee Payne Kruzan,US,124,2021,30
A5022089542,Seth Frey,US,135,2013,6
A5058656783,Ananya Bhattacharjee,CA,55,2022,30
A5058862746,Alex Mariakakis,CA,33,2022,30
A5059798408,Harsh Kumar,CA,33,2023,30
A5069476228,Joseph Jay Williams,CA,3043,2009,30
A5041492481,Patrick Y. Wu,US,15,2023,17
A5069884896,Solomon Messing,US,2615,2010,17
A5031739800,Shaun Bowler,US,114,2000,17
A5014296059,Giuseppe M. L. Sarné,IT,1154,2004,14
A5016381010,Lora Aroyo,US,151,2013,14
A5018975350,Pasquale De Meo,IT,1710,2004,14
A5024552529,Katarzyna Musial-Gabrys,GB,67,2017,14
A5035309719,Domenico Rosaci,IT,1180,2004,14
A5009187597,Yanna Krupnikov,US,1405,2010,17
A5045580371,Elizabeth Simas,US,48,2017,17
A5057862739,Kerri Milita,US,140,2017,17
A5101522880,John Barry Ryan,US,674,2008,17
A5013359305,Stephen M. Schueller,US,5348,2013,30
A5021292146,Scott Allen Cambo,US,59,2020,30
A5046152817,Jennifer Nicholas,AU,1203,2018,30
A5087277171,Renwen Zhang,CN,42,2020,30
A5041252321,Stuart Soroka,US,4854,2004,17
A5067778258,Patrick Kraft,ES,78,2017,17
A5080431457,Rajat Verma,IN,50,2021,18
A5029098298,P. Suresh C. Rao,US,38,2021,18
A5108695718,Satish V. Ukkusuri,US,73,2019,18
A5081795643,Hannah Studd,US,22,2022,30
A5025920509,Robert Laubacher,US,402,2000,20
A5054429343,Gary M. Olson,US,862,1995,20
A5079825006,Thomas W. Malone,US,11007,1983,20
A5001597021,Luca Iandoli,US,325,2004,23
A5016320043,Julia R. DeCook,US,45,2018,20
A5019186947,Shaima Elzeini,US,45,2018,20
A5071992024,Irem Yildirim,SE,45,2018,20
A5023371191,Sharareh Noorbaloochi,US,126,2007,17
A5104357062,Kevin L. Jones,US,40,2017,17
A5018810600,Michael B. Brennan,US,37,2019,30
A5038049072,Ada Ng,US,95,2018,30
A5042259286,Alyson K. Zalta,US,165,2018,30
A5071313046,Wakenda K. Tyler,US,64,2019,19
A5087352487,Anne A. Smartt,US,36,2019,19
A5004550829,Fridolin Linder,US,136,2018,17
A5038183818,Zhanna Terechshenko,US,36,2020,17
A5052649262,Vishakh Padmakumar,IN,100,2020,17
A5100333916,Michael C. Liu,US,36,2020,17
A5007187227,Savvas Zannettou,NL,2287,2017,24
A5011195481,Manoel Horta Ribeiro,CH,861,2017,9
A5035799220,Emiliano De Cristofaro,US,2866,2014,24
A5046881273,Gianluca Stringhini,US,3036,2016,24
A5052381671,Jeremy Blackburn,US,3789,2010,24
A5101446790,Robert West,CH,2099,2012,12
A5004596083,Fırat Duruşan,TR,87,2019,22
A5013522667,Deniz Yüret,TR,1324,2007,22
A5069272720,Burak Gürel,TR,87,2019,22
A5078558272,Çağrı Yoltar,TR,87,2019,22
A5014266613,Hristo Tanev,BE,428,2004,22
A5035084467,Reyyan Yeniterzi,TR,33,2021,22
A5069175616,Vanni Zavarella,IT,106,2011,22
A5048364752,Yoonsang Kim,US,451,2012,30
A5053356728,Catherine L Jo,DE,129,2015,30
A5065957671,Kurt M. Ribisl,US,844,2001,30
A5029769161,Nick Beauchamp,MX,76,2017,17
A5049752109,Marko Klašnja,US,417,2013,17
A5029392463,Spencer Piston,US,169,2010,17
A5038218592,Arda Akdemir,JP,33,2019,22
A5053236714,Ana Çapi,US,28,2020,19
A5073217462,Lynn Ann Forrester,US,28,2020,19
A5081251867,Michelle Lawson,US,28,2020,19
A5029605074,Ishita Gopal,US,38,2021,17
A5072502985,Edgar Castro,US,23,2021,2
A5083670541,Daniel T. O’Brien,US,59,2021,2
A5084047654,Riley Tucker,US,37,2021,2
A5091299318,Alexandra Ciomek,US,37,2021,2
A5101987392,Qi Wang,CN,23,2021,2
A5109998161,Nolan Edward Phillips,US,79,2021,2
A5034595816,Karrie Chou,CA,17,2022,30
A5067094165,Justice Tomlinson,CA,17,2022,30
A5022479813,Anjalie Field,US,429,2018,8
A5100608515,Chan Young Park,US,102,2022,8
A5009928886,Suzanna Linn,US,69,2010,17
A5101567768,Marco A. Morales,CL,38,2010,17
A5012657061,Frank W. Sellke,US,70,2011,25
A5044021778,Shizu Oyamada,US,35,2011,25
A5063617416,Neel R. Sodha,US,35,2011,25
A5069364660,Michael P. Robich,US,70,2011,25
A5091158444,Louis M. Chu,US,35,2011,25
A5045353494,Scott A. Wade,Unknown,32,2015,6
A5054847228,Dan Neilans,Unknown,32,2015,6
A5065387784,Ryan McGrady,US,46,2010,6
A5073325117,Scott Peterson,US,32,2015,6
A5077572973,J Pugh,US,32,2015,6
A5101435916,Peter Zhang,US,32,2015,6
A5067534857,Dhavan V. Shah,NP,3568,2000,1
A5069235702,Catalina L. Toma,US,1807,2007,1
A5075777334,David H. Gustafson,US,2544,1993,1
A5103746136,Tae Joon Moon,US,196,2011,1
A5062605770,Mina Choi,KR,308,2014,1
A5066958631,Leila Takayama,US,1756,2004,6
A5076918406,Akihito Sudo,JP,44,2016,18
A5031498810,Maya Holikatti,US,26,2019,6
A5088363723,Neha Kumar,US,1945,2011,6
A5076310142,Ali Safaya,TR,302,2020,22
A5015858846,Frank Russo,CA,374,2009,19
A5024571210,Carmen Branje,CA,219,2005,19
A5063166908,Deborah I. Fels,CA,443,2005,19
A5086716569,Anant Baijal,KR,31,2012,19
A5022049038,Megan MacDuffee Metzger,US,89,2015,17
A5037107679,Sean Goggins,US,198,2013,6
A5048101000,Bryan Semaan,US,380,2016,6
A5019148563,Bret Shaw,US,762,2005,1
A5070430471,Yan Liu,CN,26,2017,1
A5081820571,Fiona McTavish,US,1800,1993,1
A5053962679,Gábor Simonovits,AT,1689,2014,17
A5088617975,Larry Chan,US,302,2017,6
A5082946336,Stiene Praet,BE,17,2021,17
A5023229681,Andreu Casas,GB,174,2019,17
A5044652655,Magdalena Wojcieszak,US,485,2011,17
A5066850067,Xudong Yu,US,17,2021,17
A5060607844,Fatima Arroyo Arroyo,US,27,2019,18
A5087401191,Shagun Mittal,US,12,2022,18
A5026985652,Angela Lai,US,12,2022,17
A5072261480,Megan Brown,US,135,2020,17
A5091324572,James Bisbee,US,173,2017,17
A5053823442,Aline Villavicencio,GB,15,2021,22
A5090741889,Jakub Piskorski,PL,252,2007,22
A5070622921,Pranil Vora,Unknown,20,2017,6
A5097813877,Sean Goggins,US,18,2019,20
A5028774923,Gizem Abali,TR,16,2018,22
A5051304181,Enis Karaarslan,TR,16,2018,22
A5084148786,Feriştah Dalkılıç,TR,16,2018,22
A5020723477,Ingrid Erickson,US,174,2013,6
A5066945625,Elizabeth C. Connors,US,46,2019,17
A5091432624,Mustafa Mikdat Yildirim,US,13,2021,17
A5091423486,Richard Alterman,US,24,2006,20
A5010971302,Leni Krsova,US,13,2020,20
A5023050245,Ania Korsunska,US,13,2020,20
A5101588342,Zefeng Zhang,US,31,2020,20
A5030655956,Christopher M. Jones,US,47,2009,30
A5047522207,Vincent Aleven,US,4083,2000,30
A5085877358,Amy Ogan,CH,556,2003,30
A5005801334,Akanda Wahid Ul Ashraf,GB,13,2017,26
A5085428364,Marcin Budka,GB,537,2011,26
A5050115090,Hristo Tanev,Unknown,12,2020,22
A5037129157,Toru Shimizu,US,11,2020,18
A5043070901,Jillian York,US,14,2010,6
A5049679668,Ethan Zuckerman,US,205,2009,6
A5068074599,John Palfrey,US,248,2009,6
A5085572235,Hal Roberts,US,14,2010,6
A5008212744,Fernando Caravaggio,CA,40,2017,19
A5016285763,M. Mallar Chakravarty,CA,51,2012,19
A5017059941,Philip Gerretsen,CA,12,2017,19
A5022096029,Gary Remington,CA,12,2017,19
A5031423812,Eric Plitman,CA,12,2017,19
A5044840695,Ariel Graff‐Guerrero,CA,40,2017,19
A5101418217,Yusuke Iwata,CA,12,2017,19
A5112776895,Jun Ku Chung,CA,12,2017,19
A5000507495,David Trace,US,14,1997,19
A5039008492,Martha Evens,US,14,1997,19
A5002709735,Fred Morstatter,US,4711,2013,27
A5049634383,Kristina Lerman,US,10099,1990,14
A5056269049,Ninareh Mehrabi,US,3054,2019,27
A5091625866,Nripsuta Ani Saxena,US,3188,2018,27
A5101715504,Aram Galstyan,AM,5864,2002,27
A5014442059,Maxime Lucas,IT,1307,2020,10
A5027706684,Vito Latora,AT,4652,2008,10
A5052553537,Iacopo Iacopini,US,1445,2019,10
A5058033787,Giulia Cencetti,IT,1418,2015,10
A5063367289,Giovanni Petri,MX,2510,2014,10
A5068687626,Alice Patania,US,1413,2017,10
A5070850590,Jean-Gabriel Young,US,1372,2020,28
A5088448789,Federico Battiston,AT,2422,2016,10
A5024377883,Emily Chen,US,1319,2020,14
A5078699564,Emilio Ferrara,US,9478,2010,14
A5021501103,Antonio A. Arechar,MX,1438,2017,5
A5052536455,Mohsen Mosleh,US,1660,2013,5
A5076651767,Ziv Epstein,US,1553,2014,5
A5080265907,Dean Eckles,US,2569,2007,5
A5026380797,Xiaoran Yan,CN,812,2014,14
A5055019793,Xin-Zeng Wu,US,670,2016,14
A5109213033,Rumi Ghosh,US,1374,2009,14
A5002055143,Marcelo Ferreira da Costa Gomes,BR,357,2014,14
A5009012039,M. Elizabeth Halloran,US,1939,1995,14
A5016589479,Luca Rossi,IT,346,2014,14
A5020306286,Ana Pastore y Piontti,US,357,2014,14
A5046546654,Alessandro Vespignani,US,13777,1995,14
A5048216017,Dennis L. Chao,US,1012,2010,14
A5069878224,Ira M. Longini,US,2105,1986,14
A5075372235,Tad Hogg,US,2806,1987,12
A5014662127,Alain Barrat,FR,7309,2001,14
A5040515977,Adam Badawy,US,618,2018,14
A5025218700,Amit Goldenberg,US,1091,2014,29
A5051095866,James J. Gross,US,14232,1995,29
A5021261847,Justin Cheng,US,2741,2011,12
A5033172946,Adrien Friggeri,IL,406,2012,6
A5047847314,Lada A. Adamic,US,12334,1999,6
A5016656924,Francesco Vaccarino,IT,365,2016,10
A5023810719,Sabina Čehajić‐Clancy,SE,169,2016,29
A5042631896,Eran Halperin,IL,1898,2011,29
A5013074509,Yan Shen,US,181,2019,14
A5053492559,Julie Jiang,US,245,2020,14
A5048877432,Bruno Lepri,IT,4570,2006,3
A5003261311,Andrea Santoro,CH,72,2019,10
A5046534116,Enrico Amico,CH,96,2018,10
A5005129420,Avinash Collis,US,544,2019,20
A5017393131,Sinan Aral,US,11337,2005,20
A5063557800,Kiran Garimella,US,478,2013,9
A5084502036,Alex Moehring,US,153,2021,20
A5101965763,M. Amin Rahimian,US,449,2010,20
A5063784062,Bhaskar Krishnamachari,US,1273,2002,27
A5112520804,Sundeep Pattem,US,732,2003,27
A5062462809,B. J. Fogg,US,1860,1995,6
A5027110040,Martijn van Zomeren,NL,851,2012,29
A5006700143,Eytan Bakshy,US,7126,2010,5
A5017533451,Itamar Rosenn,IL,2157,2009,5
A5033563552,Rong Yan,CN,155,2012,5
A5008639824,Angkoon Phinyomark,CA,379,2014,10
A5012319049,Esther Ibáñez‐Marcelo,IT,230,2017,10
A5042628196,Sean T. Osis,CA,318,2014,10
A5045864780,Reed Ferber,CA,318,2014,10
A5023448303,Nathan O. Hodas,US,323,2012,14
A5080066602,Jason Jones,US,3358,1991,5
A5082330712,James H. Fowler,US,14080,2005,5
A5085452154,Robert M. Bond,US,3001,2012,5
A5071778778,René F. Kizilcec,US,1716,2013,6
A5034406723,Luca Maria Aiello,IT,2295,2008,24
A5073187608,Mihajlo Grbovic,US,1123,2014,14
A5077270335,Farshad Kooti,US,561,2012,14
A5082498217,Nemanja Djuric,RS,1083,2014,14
A5085497926,Vladan Radosavljević,US,1083,2014,14
A5034426215,Aseel Addawood,SA,236,2017,14
A5082698243,Cameron Martel,US,652,2019,5
A5022414084,Tiago P. Peixoto,AT,139,2017,10
A5007056150,Shirley Anugrah Hayati,US,106,2020,8
A5040821714,Dongyeop Kang,US,294,2011,8
A5089522357,Weiyan Shi,SG,386,2019,2
A5089601075,Qingxiaoyang Zhu,DE,74,2020,2
A5101815945,Zhou Yu,US,658,2019,2
A5021366318,Aanjaneya Kumar,IN,217,2020,10
A5039215185,Sandeep Chowdhary,AT,119,2021,10
A5003101081,Penelope Hasking,AU,593,2015,29
A5003282344,Mark Boyes,AU,535,2015,29
A5049365731,David A. Preece,AU,1255,2017,29
A5057733690,Rodrigo Becerra,AU,1211,2017,29
A5003473641,Andrew Head,US,138,2020,6
A5019933387,Marti A. Hearst,US,7189,1996,6
A5066433489,Raymond Fok,US,103,2018,6
A5066588555,Kyle Lo,US,2108,2018,6
A5073233842,Sam Skjonsberg,US,62,2021,6
A5085011940,Daniel S. Weld,US,4358,1995,6
A5039411900,Brandon Anderson,US,109,2021,12
A5049073875,Peter Henderson,US,744,2018,12
A5052391231,Lucia Zheng,US,124,2021,12
A5058408154,Daniel E. Ho,US,1628,2005,12
A5068178240,Neel Guha,US,220,2020,12
A5009943357,Keith Burghardt,US,253,2016,14
A5042757290,Minda Hu,US,71,2020,14
A5066325938,Ashwin Rao,US,71,2020,14
A5073443117,Jay Pujara,US,225,2011,27
A5103158614,Yulin Yu,US,37,2022,27
A5063223563,Paramveer S. Dhillon,US,543,2009,30
A5101407672,Jeremy Yang,US,23,2023,20
A5041060862,Onn Shehory,IL,242,1998,27
A5000327528,Milind Tambe,US,6443,1991,23
A5019807694,Jean Oh,US,337,2001,8
A5035800199,David V. Pynadath,US,1394,1999,23
A5040878653,Yolanda Gil,US,1289,1987,8
A5059444198,Hans Chalupsky,US,266,2001,8
A5089542402,Craig A. Knoblock,US,1920,1989,8
A5103380057,Thomas A. Russ,US,222,2001,8
A5080713076,Alcherio Martinoli,CH,129,2005,27
A5062878408,Maurits Kaptein,NL,223,2010,5
A5080863783,Tawan Surachawala,Unknown,90,2012,14
A5063766667,Chris Chao Su,US,181,2017,26
A5074551803,Ngai Keung Chan,HK,81,2017,26
A5000702925,Nazgol Tavabi,US,75,2018,14
A5011797382,Palash Goyal,US,109,2018,14
A5076796267,Mohammed Almukaynizi,SA,103,2018,14
A5081115472,Paulo Shakarian,US,303,2011,14
A5033519947,Anfan Chen,HK,191,2019,26
A5066165708,Zhuo Chen,FI,140,2017,26
A5016338164,Tim J. van Hartevelt,DK,286,2015,10
A5038640590,Henrique M. Fernandes,DK,91,2016,10
A5043559110,Morten L. Kringelbach,GB,5515,2012,10
A5047963275,Gustavo Deco,ES,8641,2008,10
A5050966346,Paul Expert,GB,712,2010,10
A5079810332,Federico Turkheimer,GB,1142,2006,10
A5083781376,Louis-David Lord,GB,219,2016,10
A5067523596,Lisa Campioni,IT,81,2019,10
A5090572063,Enrica L. Santarcangelo,IT,142,2007,10
A5024451217,Gaurav Suri,GB,2033,2012,29
A5033484534,Maxim Milyavsky,IL,263,2015,29
A5058826186,Jessica R. Fernandez,US,97,2018,29
A5075852205,Arie W. Kruglanski,US,1942,2010,29
A5103084598,David Webber,US,675,2015,29
A5002202464,Olaf Sporns,US,8362,1994,14
A5045525642,Manish Saggar,US,330,2009,10
A5069546508,Caleb Geniesse,US,69,2019,10
A5038897083,Andrés Abeliuk,CL,326,2013,23
A5068804090,Vikram Krishnamurthy,US,242,2013,14
A5080503570,Buddhika Nettasinghe,US,89,2019,14
A5090572574,Nazanin Alipourfard,US,262,2017,14
A5001716299,Jodi Schneider,US,121,2010,31
A5057976295,Tzu‐Kun Hsiao,US,65,2019,31
A5000361569,Erika Weisz,US,941,2016,29
A5017619946,Mina Cikara,US,1041,2008,29
A5022827102,Timothy D. Sweeny,US,155,2013,29
A5036895728,Johannes Uhl,BE,272,2017,8
A5087645671,Stefan Leyk,US,272,2017,8
A5046006076,Christopher D. Manning,US,56240,2003,12
A5063737268,Mark Krass,US,31,2022,12
A5011344987,Ion Muslea,US,725,1998,8
A5045363082,Steven Minton,US,1212,1989,8
A5102917040,Rong Yan,CN,333,2003,5
A5007532004,Zornitsa Kozareva,US,1875,2006,8
A5022377869,Linhong Zhu,US,261,2013,27
A5048159177,Laura Mazzoli Smith,GB,65,2013,27
A5080306538,Smadar Cohen‐Chen,GB,754,2013,29
A5016082884,James Cheng,HK,275,2014,27
A5035632114,Chiwoo Park,KR,57,2014,32
A5055900838,Taylor J. Woehl,US,57,2014,32
A5071261828,James Evans,US,102,2014,32
A5077792493,Nigel D. Browning,GB,57,2014,32
A5045603917,J. Parker Goyer,US,410,2016,29
A5046821941,Carol S. Dweck,US,3984,2007,29
A5059385158,Amin Mantrach,LU,256,2014,14
A5057802135,Garrett Johnson,US,143,2015,33
A5077873111,Brett R. Gordon,US,281,2012,33
A5005557626,Yilei Zeng,CN,47,2018,14
A5017155131,Alessandro Bessi,US,5239,2014,10
A5091783761,Anna Sapienza,US,203,2017,14
A5019655566,Philipe Melo,BR,303,2018,9
A5077142904,Júlio C. S. Reis,BR,422,2014,9
A5084044470,Jussara M. Almeida,BR,1977,2004,9
A5085054435,Fabrí­cio Benevenuto,BR,5990,2006,9
A5061851539,Francisco A. Rodrigues,MD,1630,2011,10
A5084793824,Yamir Moreno,ES,12024,2006,10
A5085643411,Guilherme Ferraz de Arruda,IT,994,2014,10
A5066288697,Nathan Bartley,US,58,2019,14
A5052543412,Thomas Robiglio,AT,13,2023,10
A5083384682,Marco Mancastroppa,FR,41,2020,10
A5002689104,Jonas Schöne,US,12,2023,10
A5046189945,Brian Parkinson,GB,426,2005,10
A5084395089,David García,AT,3430,2010,10
A5032134660,Gireesh Mahajan,US,11,2023,14
A5044430330,Georgios Chochlakis,US,11,2023,14
A5047472290,Sabyasachee Baruah,US,11,2023,14
A5103555640,Shrikanth Narayanan,US,1252,2008,14
A5060362045,Negar Mokhberian,US,47,2020,14
A5102971757,Siyi Guo,US,11,2023,14
A5033230100,Marco Tamietto,IT,204,2013,10
A5046270560,Matteo Diano,IT,56,2020,10
A5050415063,Alan Perotti,IT,118,2013,10
A5078830616,Davide Orsenigo,IT,32,2022,10
A5086261784,Alessia Celeghin,IT,204,2013,10
A5092413021,Alessio Borriero,IT,11,2023,10
A5102532062,Carlos Andrés Méndez Guerrero,FR,11,2023,10
A5027859418,Dhruv Kumar,US,11,2023,8
A5051484319,Vipul Raheja,SK,11,2023,8
A5066804511,Ryan Koo,US,11,2023,8
A5051112909,Alessio Cardillo,ES,1200,2010,10
A5056242621,Roberta Sinatra,DK,2632,2009,10
A5059033705,Vincenzo Nicosia,GB,2043,2006,10
A5084972098,Jesús Gómez‐Gardeñes,ES,5603,2005,10
A5020104747,Daniel Lamprecht,AT,43,2016,34
A5071422618,Markus Strohmaier,DE,3028,2005,34
A5074698656,Denis Helić,AT,305,2011,34
A5022080437,Francesco Zamponi,IT,302,2011,10
A5024005494,Marco Tarzia,FR,350,2003,10
A5082204641,Stanislao Gualdi,FR,382,2013,10
A5083813378,Jean‐Philippe Bouchaud,FR,1395,1995,10
A5113606083,Patrick J. Cummings,US,102,2009,14
A5077170004,Emmanuel Shpigel,US,35,2019,29
A5024790234,Ruthie Pliskin,NL,371,2014,29
A5032988915,Jacob Billings,IT,399,2014,10
A5040682292,Jaroslav Hlinka,CZ,29,2021,10
A5080980159,Shella Keilholz,US,484,2014,10
A5032965080,Leor Zmigrod,SS,305,2017,24
A5021112927,Kayhan Özcimder,US,106,2016,0
A5025550714,Sebastian Musslick,US,1733,2016,0
A5032507309,Biswadip Dey,US,132,2016,0
A5038113815,Theodore L. Willke,US,128,2016,0
A5059294839,Nesreen K. Ahmed,US,1148,2014,26
A5088141761,Jonathan D. Cohen,US,31907,1990,0
A5103149675,David Turner,US,26,2021,0
A5005962026,Zegni Triki,CH,146,2018,11
A5056557463,Francesca Giardini,NL,148,2013,11
A5063123119,Angelo Romano,IT,26,2021,11
A5069451287,Chris Snijders,NL,145,2017,11
A5077599346,Erik W. de Kwaadsteniet,NL,26,2021,11
A5086113588,Simon Columbus,US,150,2020,11
A5089498148,Kristin Hagel,DE,77,2016,11
A5091314544,Dorottya Kisfalusi,SE,75,2018,11
A5072959720,Marina del Rey,IT,79,2001,8
A5039066271,Kar‐Hai Chu,US,683,2015,35
A5054790435,Tess Boley Cruz,US,1447,2006,35
A5059896811,Jennifer B. Unger,US,2665,2001,35
A5061746596,Jon-Patrick Allem,US,1325,2015,35
A5103212852,Jagannathan Ramanujam,US,37,2017,35
A5025977681,Philipp Singer,US,906,2013,34
A5035098825,Arthur Huang,US,181,2015,14
A5035337056,Luciano Gallegos,BR,83,2015,14
A5022752740,Varun Gangal,US,585,2017,8
A5041080886,Ang Lu,US,35,2017,8
A5060225743,Eduard Hovy,AU,8878,1997,8
A5100370684,Zheng Chen,JP,143,2010,8
A5006191066,Scott Baker,US,34,2015,32
A5015601396,Galya Orr,US,34,2015,32
A5039065189,Ryan Kelly,US,34,2015,32
A5053038005,Tao Geng,CN,34,2015,32
A5084994165,Craig Szymanski,US,34,2015,32
A5089544677,Erin Bredeweg,US,34,2015,32
A5101755142,Bingwen Liu,CN,34,2015,32
A5017906200,Michelle Girvan,GB,238,2015,14
A5077452538,William Rand,US,127,2010,14
A5082692617,Emanuel Federico Alsina,IT,34,2017,14
A5011428379,Andrew Saxe,GB,2206,2010,0
A5052927800,Abigail Novick Hoskin,US,63,2018,0
A5057448746,Yotam Sagiv,US,103,2018,0
A5081855980,Daniel Reichman,US,88,2019,0
A5021142881,Leili Tavabi,US,76,2019,3
A5024169758,Mohammad Soleymani,US,3214,2011,3
A5090904454,Zihao He,US,24,2021,3
A5014802852,Stephanie Zonszein,US,22,2021,5
A5029291566,Peter M. Aronow,US,748,2012,5
A5082513276,Cyrus Samii,US,710,2012,5
A5040580626,Chun‐Nan Hsu,US,526,2011,14
A5046477105,Tsung-Ting Kuo,US,651,2011,14
A5087480257,Shou-De Lin,TW,366,2003,14
A5014408386,Luís Felipe Riehs Camargo,BR,38,2011,36
A5044191812,Vinícius Andrade Brei,BR,70,2011,36
A5049329549,Juliana Engels,BR,38,2011,36
A5082726088,Lívia Castro D'Ávila,BR,38,2011,36
A5038121229,Mark Tadajewski,GB,32,2015,36
A5004439426,Moira Burke,US,4552,2007,6
A5067731708,Peter G. Fennell,IE,58,2018,14
A5076037542,Kinneret Endevelt,IL,40,2016,29
A5107999727,Eran Halperin,IL,884,2012,29
A5033495203,Sean J. Taylor,US,855,2013,20
A5044943654,Golijeh Golarai,US,557,2007,29
A5047315859,Jamil Zaki,US,1529,2015,29
A5081995440,Danyang Kong,US,27,2019,29
A5058914493,Louis-David Lord,GB,337,2011,10
A5067013133,Yuzi He,US,26,2020,14
A5074458532,Anon Plangprasopchok,TH,102,2006,14
A5012362296,Nir Halevy,US,834,2011,37
A5048207460,Ori Weisel,IL,117,2015,37
A5080726516,Tamar A. Kreps,US,186,2011,37
A5102005063,Shang‐Hua Teng,US,362,2005,14
A5018633289,Arhur Huang,US,24,2016,14
A5028359498,Hsien-Te Kao,US,125,2019,14
A5056972984,Di Huang,CN,225,2009,14
A5102775579,Homa Hosseinmardi,US,189,2014,14
A5034389677,Risham Sidhu,US,21,2020,6
A5023529737,Hsuan‐Ting Chen,HK,284,2016,26
A5067619601,Лэй Гуо,CN,575,2017,26
A5044944954,Lyle Ungar,US,10894,1988,30
A5005272789,Ibukun Akinrinade,PT,12,2022,10
A5021639534,Rui F. Oliveira,PT,233,2010,10
A5081811075,María Florencia Scaia,AR,12,2022,10
A5000067757,Sejin Paik,US,12,2022,26
A5076977708,Michael Chan,HK,330,2016,26
A5007825679,Lea David,IE,12,2022,16
A5046908604,Taha Yasseri,IE,1781,2012,16
A5070221432,Patrick Gildersleve,GB,40,2018,16
A5007818034,K. C. Hasson,US,126,1990,14
A5046884601,P. Bogorad,US,138,1990,14
A5053692702,W. Happer,US,633,1988,14
A5064442260,G. D. Cates,US,733,1988,14
A5014461525,D. Manzoni,IT,81,2007,10
A5051181345,Goran Murić,US,508,2020,14
A5002746694,Ken J. Nixon,ZA,19,2020,38
A5009807593,Hugh G.P. Hunt,ZA,19,2020,38
A5047485771,Chandima Gomes,ZA,19,2020,38
A5066247940,Ryan Blumenthal,GB,19,2020,38
A5028163163,Jeon-Hyung Kang,US,124,2012,6
A5001835135,Sebastian Kohlmeier,US,20,2018,8
A5007851620,Bhavana Dalvi,US,359,2018,8
A5007903277,Roy Schwartz,IL,2139,2011,8
A5053129557,Madeleine van Zuylen,US,216,2018,8
A5102948988,Waleed Ammar,US,133,2012,8
A5036484581,Hanna Szekeres,NL,33,2015,29
A5039420662,Rikki Nouri,IL,82,2013,29
A5057904875,John F. Dovidio,US,3647,2007,29
A5059965657,Chaim Yunger,IL,19,2015,29
A5067557590,Guy Doron,DE,19,2015,29
A5076627572,Tamar Saguy,IL,3003,2007,29
A5035808622,Pascal Van Hentenryck,US,1477,2014,23
A5047802067,Gerardo Berbeglia,AU,166,2015,23
A5061689237,Béla Janky,HU,74,2008,11
A5014305102,Mirko Hu,IT,18,2019,10
A5023342239,Francesco Mottes,IT,29,2019,10
A5031153397,Adrian Onicas,US,18,2019,10
A5037327303,Giulia Lerda,GB,18,2019,10
A5067753642,Alexey Medvedev,BE,152,2018,10
A5026623706,Gijs Huitsing,NL,563,2010,2
A5032041950,René Veenstra,NL,2726,2008,2
A5040385638,Jan Kornelis Dijkstra,NL,1704,2008,2
A5055909908,Marianne Hooijsma,NL,17,2020,2
A5055990297,Andreas Flache,NL,2240,1995,2
A5005826053,Chris Blex,GB,29,2020,16
A5074237334,Rachel Dinh,GB,14,2021,16
A5045091573,Suradej Intagorn,TH,20,2011,14
A5086169451,Lise Getoor,US,3786,2004,27
A5086577630,Zhiya Zuo,HK,16,2019,14
A5013467728,Elchanan Mossel,US,262,2008,20
A5047480720,Hossein Esfandiari,US,15,2019,20
A5016344630,Nikolaus Nova Parulian,US,47,2019,31
A5028389528,Yi‐Yun Cheng,US,15,2019,31
A5049093067,Ly Dinh,US,89,2016,31
A5065351275,Janina Sarol,US,15,2019,31
A5033829606,Sandeep Soni,IN,313,2014,8
A5065301160,Mervyn Maze,US,28,2003,39
A5111667138,Laura E. Nelson,US,28,2003,39
A5059266942,Megha Arora,US,12,2021,14
A5077509916,Ponnurangam Kumaraguru,IN,1958,2011,9
A5020901777,Paul E. Smaldino,US,1594,2011,11
A5061933855,Margaret C. Levenstein,US,148,2013,6
A5066286194,James Heathers,SE,12,2021,4
A5077143179,Julia Lane,US,464,2009,4
A5089396175,Tal Yarkoni,US,4656,2008,6
A5041476585,Patrick Pantel,GB,3092,2005,6
A5067778879,Michael Gamon,US,2847,2001,6
A5112977814,Chu‐Cheng Lin,US,194,2014,8
A5002856968,Maria Sole Pisati,IT,12,2019,14
A5047463787,C Sticozzi,IT,12,2019,14
A5051985100,Giovanni Villani,IT,12,2019,14
A5059809584,Diego Penela,IT,12,2019,14
A5065756551,A Villani,IT,12,2019,14
A5067206452,Alessia Zanni,IT,12,2019,14
A5086153061,Massimo Piepoli,IT,12,2019,14
A5010028928,Shrikanth Narayanan,US,620,2004,14
A5101816796,Shen Yan,CN,193,2019,14
A5040468552,Siwar Hasan‐Aslih,US,158,2018,29
A5069704439,Eric Shuman,US,233,2016,29
A5021360210,Yi‐Hung Huang,TW,54,2013,14
A5015094039,Ho‐Jin Choi,KR,12,2011,8
A5055903716,Zhen Liao,CN,12,2011,8
A5060116992,Daxin Jiang,CN,136,2010,8
A5062247330,Jian Pei,US,1080,2006,8
A5101468872,Xiaohui Sun,CN,12,2011,8
A5053549246,Kanika Narang,IN,12,2013,9
A5008100919,Julie Risien,US,12,2017,40
A5044262346,Bruce Evan Goldstein,US,12,2017,40
A5064206093,Lee Frankel‐Goldwater,US,12,2017,40
A5068404553,Claire Chase,US,12,2017,40
A5078686603,Jeremiah Osborne‐Gowey,US,12,2017,40
A5104273157,Sarah Schweizer,US,12,2017,40
A5016717501,Chiranth Gopal,IN,11,2017,14
A5098050095,Nazanin Alipoufard,US,11,2017,14
A5040226358,Allon G. Percus,US,11,2017,14
A5100775020,Feng Shi,CN,11,2019,32
A5021669622,Marcello Bastéa-Forte,US,57,2008,6
A5027778878,Claire Carlson,US,12,2009,6
A5064752759,Attapol Thamrongrattanarit,US,12,2009,6
A5078047751,Doug Wightman,CA,12,2009,6
A5044268173,Guenter Ahlers,DE,208,1980,14
A5110721869,David S. Cannell,US,79,1985,14
A5007885685,Shanto Iyengar,US,5403,1982,17
A5037708423,Yphtach Lelkes,US,3787,2009,17
A5108935091,Gaurav Sood,US,2133,2012,17
A5006172855,Briony Swire‐Thompson,US,2839,2019,17
A5013670125,David Lazer,US,9870,2003,17
A5032694172,Kenneth Joseph,US,2390,2013,31
A5075116755,Lisa Friedland,US,1714,2003,17
A5079648413,Nir Grinberg,IL,1790,2016,17
A5023397430,Matthew Lease,US,1477,2002,6
A5050656871,Aniket Kittur,US,4994,2004,6
A5058390249,Elizabeth M. Gerber,US,1451,2011,6
A5068413510,John Zimmerman,US,1954,2005,6
A5073851550,Aaron Shaw,US,2320,2011,6
A5077125314,John J. Horton,US,2880,2010,20
A5084449778,Jeffrey V. Nickerson,US,1123,2012,20
A5030826237,Yuke Zhu,US,5235,2014,6
A5056401069,Oliver Groth,GB,825,2015,6
A5100450462,Li Fei-Fei,US,68653,2005,6
A5013955991,Katherine Faust,US,21243,1992,24
A5075283583,Noshir Contractor,CA,3885,1987,2
A5110328496,Stanley Wasserman,US,21618,1989,24
A5028125399,Ed H.,US,8378,1998,6
A5033428202,Jilin Chen,CN,2053,2010,6
A5108099500,Rowan Nairn,US,622,2007,6
A5110272100,Les Nelson,US,1105,2008,6
A5011012964,Cristian Danescu-Niculescu-Mizil,US,5096,2009,12
A5091272738,Jure Leskovec,US,44208,2006,12
A5031016818,Gaurav Sood,IN,384,2015,17
A5038907218,Brian Karrer,US,1841,2010,12
A5013065278,Andrés Monroy‐Hernández,US,1418,2010,6
A5020382643,Paúl André,CH,724,2008,6
A5020484324,Katrina Panovich,US,520,2012,6
A5052910635,Greg Vargas,US,319,2021,6
A5057744915,Drew Harry,US,319,2021,6
A5023292508,Joel Brandt,CA,366,2011,6
A5028448267,David R. Karger,US,3071,2002,6
A5101416109,Robert C. Miller,US,2589,2007,6
A5025165574,Leslie A. DeChurch,US,4636,2009,2
A5040126845,Dorothy R. Carter,US,532,2012,2
A5044409132,Brian Keegan,US,1620,2009,2
A5048242176,Jay B. Carson,US,277,2012,2
A5005874730,Lilly Irani,US,1084,2010,6
A5016584087,Ali Alkhatib,PS,505,2015,6
A5018318827,Niloufar Salehi,US,887,2012,6
A5048987475,Kristy Milland,CA,816,2015,6
A5065990443,Eva Ogbe,US,236,2015,6
A5097430998,Clickhappier,Unknown,236,2015,6
A5031890624,Saleta Sierra,DE,224,2011,41
A5057107455,María C. Ramos,ES,224,2011,41
A5057254006,Cynthia Esteo,ES,224,2011,41
A5077547946,Javier S. Burgos,ES,224,2011,41
A5100639284,José Antonio Vázquez,US,224,2011,41
A5103191172,Pilar Molina,ES,224,2011,41
A5029187649,Ariel Malka,US,871,2009,17
A5036991379,Christopher J. Soto,US,1722,2010,34
A5003378492,Sébastien Robaszkiewicz,FR,215,2014,6
A5030125352,Tulsee Doshi,US,439,2014,6
A5037671485,Negar Rahmati,CA,215,2014,6
A5045138685,Jay Patel,US,215,2014,6
A5048264180,Melissa Valentine,US,491,2012,6
A5062258537,Alexandra To,US,579,2014,6
A5063574664,Walter S. Lasecki,US,1886,2011,6
A5080179499,Daniela Retelny,US,491,2010,6
A5059250055,Nicholas C. Dias,US,279,2020,5
A5003239047,Junming Chen,MO,317,2017,27
A5100447691,Ge Li,GB,651,2017,27
A5101888104,Xiaoming Yu,CN,258,2017,27
A5101891152,Yurui Ren,CN,381,2020,27
A5103873055,Thomas H. Li,CN,389,2020,27
A5013385420,Francesco Pierri,IT,1028,2019,14
A5021424637,David Axelrod,US,203,2021,14
A5031312546,John Bryden,US,389,2021,14
A5054574752,Kai‐Cheng Yang,CN,1506,2018,14
A5063768294,Christopher Torres-Lugo,US,285,2020,14
A5077072350,Pik-Mai Hui,US,1129,2014,14
A5011228873,Alessandro Flammini,IT,12322,2000,14
A5037994930,Brea L. Perry,US,1280,2012,14
A5005931766,Ana Lucía Schmidt,CH,594,2018,10
A5008291667,Walter Quattrociocchi,IT,7952,2009,10
A5032566311,Giovanni Bonaccorsi,IT,261,2019,10
A5047301239,Alessandro Galeazzi,IT,1417,2020,10
A5050830060,Fabio Pammolli,IT,3505,1997,10
A5064234628,Antonio Scala,IT,6785,2000,10
A5076143079,Matteo Cinelli,IT,1716,2019,10
A5075633444,Fernando P. Santos,NL,936,2015,5
A5077712228,Simon A. Levin,US,19663,1976,18
A5100449791,Shan Liu,CN,314,2018,27
A5101513249,Yuanqi Chen,CN,149,2021,27
A5044130443,Claudia Wagner,DE,1964,2012,34
A5079458476,Emre Kıcıman,US,1981,2013,6
A5080731595,Tina Eliassi‐Rad,US,3511,1998,9
A5103216912,Alexandra Olteanu,CA,1686,2012,6
A5019815997,Madeleine Grunde-McLaughlin,US,145,2021,6
A5031345752,Helena Vasconcelos,US,89,2023,6
A5032451496,Ranjay Krishna,US,1273,2016,6
A5039540205,Tobias Gerstenberg,US,1839,2010,0
A5061956068,Matthew Jörke,US,89,2023,6
A5011076157,Kayur Patel,US,296,2010,6
A5015518638,Tatsunori Hashimoto,US,935,2011,12
A5026198819,Mitchell Gordon,US,262,2015,6
A5045528962,Jeffrey T. Hancock,US,14255,2001,6
A5101479345,Michelle S. Lam,US,99,2022,6
A5101836529,Joon Sung Park,KR,216,2019,6
A5016998074,Joon-Sung Park,KR,153,2019,6
A5025255782,Percy Liang,US,5432,2013,12
A5025365852,Joseph C. O'Brien,Unknown,44,2023,6
A5062285844,Meredith Ringel Morris,US,4431,2007,6
A5065663195,Carrie J. Cai,US,1348,2014,6
A5063566624,Nikhil Jindal,US,43,2023,14
A5088304530,Luca Luceri,US,527,2017,14
A5000725697,Joanna Strycharz,NL,567,2017,42
A5067243359,Claire M. Segijn,US,346,2017,42
A5023550565,Scott R. Klemmer,US,3320,2002,6
A5025621198,Avi Robinson-Mosher,US,300,2006,6
A5039522737,Leith Abdulla,US,300,2006,6
A5083064518,Brandon K. Burr,US,300,2006,6
A5084965768,Björn Hartmann,US,2298,2006,6
A5102124557,Jennifer Gee,Unknown,300,2006,6
A5025168018,Peter R. Monge,US,2234,1992,2
A5070806531,Michael D. Cozzens,US,273,1987,2
A5078443228,Chinmay Kulkarni,US,1219,2013,6
A5012740359,Alex Berg,US,335,2012,6
A5022811687,Olga Russakovsky,US,2840,2012,6
A5060909587,Jonathan Krause,GB,1548,2012,6
A5101542158,Jia Deng,US,54852,2009,6
A5029882573,Will Hobbs,US,158,2017,17
A5064779012,Carolina E. S. Mattsson,NL,184,2017,17
A5068414530,Matthew A. Baum,US,366,2017,17
A5050888938,Janet Fulk,US,3023,1987,2
A5089517232,Yuan Yu,CN,1913,2005,2
A5004340098,Sophie C. Boerman,NL,2330,2012,42
A5010074855,Nadine Bol,NL,1152,2011,42
A5019774729,Marijn Sax,NL,190,2018,42
A5024004273,Tobias Dienlin,AT,601,2016,42
A5053437341,Natali Helberger,NL,3167,2015,42
A5061206863,Claes H. de Vreese,NL,4893,2009,42
A5084456812,Sanne Kruikemeier,NL,3150,2013,42
A5025983925,Derek McColl,CA,593,2012,43
A5061187299,Goldie Nejat,CA,755,2011,43
A5088460626,Wing-Yue Geoffrey Louie,US,394,2012,43
A5009674009,Josh Pasek,US,1327,2009,17
A5019989944,Omair Akhtar,US,146,2009,17
A5060519154,Alexander Tahk,US,227,2007,17
A5072930140,Jon A. Krosnick,US,3717,1982,17
A5089330955,B. Keith Payne,US,238,2009,17
A5109226126,Trevor Tompson,US,227,2009,17
A5002195215,Bert N. Bakker,NL,516,2017,17
A5065106026,Margaret Levi,US,204,2015,6
A5013563265,Charles M. Judd,US,5882,1982,29
A5055177522,David M. Marx,US,123,2012,29
A5077775094,Bernadette Park,US,3968,1986,29
A5048332811,Stefano Ceri,IT,1150,2009,14
A5014724580,Shamsi T. Iqbal,US,2961,2004,6
A5032417423,Jaime Teevan,US,3446,2005,6
A5081481130,Matthew Benigni,US,184,2016,31
A5085927300,Kathleen M. Carley,US,13662,1990,31
A5036647651,Sílvia Majó-Vázquez,GB,227,2017,10
A5067134501,Subhayan Mukerjee,SG,204,2017,10
A5058939619,Alvin Zhou,US,272,2019,42
A5079154791,Kokil Jaidka,SG,1076,2011,30
A5023192409,Yasmine Kotturi,US,248,2015,6
A5045230890,Julia Cambre,US,281,2014,6
A5058967946,Choong‐Ki Lee,KR,3277,2010,27
A5089918256,Myung Ja Kim,TH,3253,2010,27
A5007307617,Brandon Cheung,US,96,2014,6
A5031038372,Rajan Vaish,US,124,2014,6
A5042366766,Jingshu Chen,US,96,2014,6
A5059244907,Keith Wyngarden,US,96,2014,6
A5059955534,Richard Socher,US,94187,2009,12
A5055452554,Ines Chami,US,164,2018,6
A5005042481,Yingjie Hu,US,167,2019,44
A5100772427,Jimin Wang,CN,122,2019,44
A5009797333,Luis Martı́nez,ES,1177,2016,44
A5053550738,Qingxing Dong,CN,298,2012,44
A5101423749,Xin Zhou,CN,83,2019,44
A5006935542,Carlo Piccardi,IT,288,2014,11
A5069999998,Mark E. Whiting,US,285,2017,6
A5080250622,Grant Hugh,US,126,2019,6
A5072282421,Zhen Zhang,CN,600,2016,44
A5080744092,Quan Z. Sheng,CN,1232,2004,27
A5021327158,Michal Monselise,US,59,2021,42
A5036131777,Gustavo Ferreira,US,59,2021,42
A5048252089,Chia‐Hsuan Chang,US,59,2021,42
A5077081843,Rita Yang,US,59,2021,42
A5086292931,Christopher C. Yang,US,90,2008,42
A5002575847,Angelina Wang,US,273,2020,33
A5071615041,Dora Zhao,US,99,2021,33
A5076676389,Ge Li,CN,82,2017,27
A5100947668,Xiaoqing Fan,CN,48,2022,27
A5001277622,Alexander Liu,GB,90,2021,33
A5025881129,Ryan Zhang,US,45,2022,33
A5037438806,Anat Kleiman,US,45,2022,33
A5045074870,Iroha Shirai,US,45,2022,33
A5058102069,Arvind Narayanan,US,1498,2010,33
A5069732595,Leslie Kim,US,45,2022,33
A5010135723,Sahil Yakhmi,US,42,2022,6
A5038120144,Evan Strasnick,US,42,2022,6
A5104034002,Christina A. Pan,US,42,2022,6
A5108621671,Tara Iyer,US,42,2022,6
A5057995330,Donsuk Lee,US,36,2022,6
A5075070427,Paul M. Leonardi,GB,842,2011,2
A5029464163,Yun Huang,CN,610,2009,2
A5034346038,Alina Lungeanu,US,203,2013,2
A5002164091,Joy Kim,US,267,2014,6
A5059080063,Thomas L. Saaty,US,84,2014,44
A5028079813,Chunke Su,US,141,2010,17
A5037084026,Saeideh Bakhshi,US,709,2013,6
A5062498796,Tanushree Mitra,US,1073,2013,6
A5068008545,Jessica Hullman,US,1921,2011,6
A5079709359,Juho Kim,KR,2977,2012,6
A5082603621,Jeffrey P. Bigham,US,3051,2008,6
A5102906879,Robert F. Miller,GB,80,2013,6
A5001270504,David A. Shamma,Unknown,1568,2005,6
A5028445962,Kenji Hata,JP,352,2016,6
A5081523557,Joshua Kravitz,US,78,2016,6
A5100753360,Stephanie Chen,US,78,2016,6
A5043908500,Cuihua Shen,US,1398,2009,2
A5051544089,Peter M. Landwehr,US,448,2013,31
A5020645010,Paroma Varma,IN,223,2016,6
A5038230353,Vincent Chen,US,68,2019,6
A5110647636,Li Fei Fei,US,68,2019,6
A5112481401,Christophe Re,US,68,2019,6
A5017357324,Jisu Huh,US,1387,2004,2
A5018532037,Hari Sundaram,US,1268,2004,26
A5047862122,George R. Milne,US,62,2020,42
A5034256615,Marshall Scott Poole,US,1892,1982,2
A5062746868,Aaron Schecter,US,215,2016,2
A5071542297,Andrew Pilny,US,325,2011,2
A5028515395,Andrew McCabe,US,61,2017,6
A5027124881,Geza Kovacs,US,110,2017,6
A5073901457,Zhengxuan Wu,US,97,2018,6
A5040056829,Alessandro Spelta,IT,230,2018,10
A5057196369,Andrea Flori,IT,303,2016,10
A5002514740,Guda van Noort,NL,3622,2011,42
A5073742847,Edith G. Smit,NL,2282,2005,42
A5066493067,Jason Pilny Radford,US,440,2016,17
A5005168115,Alessandro Celestini,IT,102,2020,14
A5053439134,Stefano Guarino,IT,102,2020,14
A5108119814,Marco Di Giovanni,IT,80,2019,14
A5001912794,Betsy Rajala,US,39,2021,6
A5033491953,Debra Satz,US,39,2021,6
A5059543860,David Magnus,US,1293,2018,6
A5086193600,Quinn Waeiss,US,39,2021,6
A5015694492,Zoltán Kmetty,HU,82,2017,1
A5034653321,Johannes Breuer,DE,1121,2013,1
A5040957572,Sebastian Stier,DE,1411,1996,1
A5061890573,Mario Haim,DE,71,2020,1
A5017688180,Julian Nyarko,US,50,2021,33
A5018155177,Alex Chohlas-Wood,US,37,2021,33
A5027036879,Sharad Goel,US,7405,2006,33
A5068825751,Madison Coots,US,17,2023,33
A5049158294,Cece Jin,CN,15,2023,27
A5050309466,Wei Gao,CN,214,2017,27
A5009233042,Izequiel Freitas,US,15,2023,6
A5058867910,Anne Li,US,15,2023,6
A5062817658,Dakuo Wang,US,677,2015,6
A5072285921,James A. Landay,US,5596,2001,6
A5103221706,Zixian Ma,US,54,2023,6
A5111181658,Emily Chen,US,15,2023,14
A5056923428,David R. Seibold,US,703,1982,2
A5020340631,Mary Czerwinski,US,5888,1992,6
A5040526518,Desney Tan,US,2501,2002,6
A5043228682,Eric Horvitz,GB,17241,1984,6
A5103329632,Greg Smith,US,730,2003,6
A5061173804,Darren Gergle,US,3170,2001,6
A5047517174,Brooke Foucault Welles,US,1313,2007,17
A5114016828,Alice Leung,US,60,2017,2
A5076599775,Mengxiao Zhu,CN,120,2009,2
A5007176508,Alex Pentland,US,49218,1982,3
A5009232244,Iyad Rahwan,DE,8171,2002,23
A5017095669,Manuel Cebrián,ES,2656,2011,23
A5029104172,Alex Rutherford,DE,251,2007,23
A5071796852,Sohan Dsouza,IN,2023,2012,23
A5088539840,Esteban Moro,US,3459,2002,23
A5005226838,Allegra A. Beal Cohen,US,115,2017,6
A5089319527,Sarah Sterman,US,115,2017,6
A5064931337,Eytan Adar,US,3565,2001,6
A5071797963,Damian Trilling,NL,1642,2013,42
A5082029187,Nadine Strauß,CH,170,2015,42
A5055563503,Austin Narcomey,US,49,2019,6
A5102851505,Sharon Zhou,US,83,2018,6
A5025201374,Yang Tian,CN,156,2020,10
A5067238306,Sean Fischer,US,38,2020,17
A5012787401,Morgan R. Frank,US,1387,2013,23
A5011474146,Patrick Janulis,US,170,2017,2
A5047167349,Gregory Phillips,US,407,2014,2
A5059012785,Michelle Birkett,US,880,2013,2
A5067990394,Bernie Hogan,GB,1618,2006,2
A5075451961,Joshua Melville,US,62,2019,2
A5054827215,Arshya Srinivas,Unknown,31,2021,2
A5074627145,Brennan Antone,US,31,2021,2
A5088304573,Y. Jasmine Wu,US,31,2021,2
A5035007249,Alexander G. Theodoridis,US,155,2018,17
A5043881096,Amber Hye‐Yon Lee,US,24,2022,17
A5048426254,Carlee Beth Hawkins,US,203,2011,17
A5077079487,Joshua McCrain,US,22,2022,17
A5100319311,Eunji Kim,KR,131,2017,17
A5039112307,Joseph T. Yun,US,122,2019,42
A5027079032,Daniel B. Larremore,US,1908,2011,33
A5054630728,Anikó Hannák,CH,500,2014,9
A5082639817,Andrei Cimpian,US,877,2007,0
A5112752610,Yilang Peng,US,82,2020,10
A5111343328,Shangkun Sun,CN,11,2023,27
A5069985474,RC Whitbred,US,89,2000,2
A5108243893,TG Pollock,US,89,2000,2
A5053471950,Maryam Fazel-Zarandi,DK,78,2011,2
A5068367818,Hugh J. Devlin,US,55,2011,2
A5002187701,Jaideep Srivastava,US,4567,1992,2
A5054831137,Dmitri Williams,US,3450,2004,2
A5070563994,Dora Cai,US,55,2011,2
A5010068967,C. Bredfeldt,US,54,2013,31
A5011986921,Mark H. Snyder,US,54,2013,31
A5025426860,Elias Bruce Awad,US,54,2013,31
A5000705557,Harold Thimbleby,GB,117,2011,6
A5034680150,Wendy E. Mackay,FR,125,1989,6
A5088221028,Max L. Wilson,GB,312,2007,6
A5103551891,Dan Russell,US,50,2011,6
A5061923992,Haewoon Kwak,US,4237,2007,9
A5062895972,Bo Xu,CN,48,2013,2
A5070520141,Wynne E. Norton,US,933,2008,46
A5101779420,David A. Chambers,US,1257,2013,46
A5045835385,Maneesh Agrawala,US,1138,2004,6
A5012146017,Carlos Brenes Peralta,CR,41,2016,17
A5015711710,Brian Uzzi,US,11599,2001,10
A5024281650,Satyam Mukherjee,IN,1408,2012,10
A5036515634,Julia Neidhardt,AT,53,2015,2
A5019873373,Roger Leenders,NL,39,2019,2
A5038383268,Julija Mell,NL,70,2014,2
A5054789243,Bob van de Velde,Unknown,47,2018,42
A5042758122,Muhammad Aamir Masood,US,34,2020,31
A5049689603,Yuhao Du,US,34,2020,31
A5037259558,Amy Riegelman,US,28,2021,42
A5065487970,Cody Hennesy,US,28,2021,42
A5000626299,Linda D. Cameron,US,2890,2002,2
A5012064715,Ezra M. Markowitz,US,1119,2012,2
A5040147060,Ellen Peters,US,301,2008,2
A5050650331,Keri K. Stephens,US,291,2004,2
A5064213513,Patrick Boyd,US,20,2022,2
A5070510722,Sara E. Fleszar‐Pavlović,US,36,2020,2
A5076417303,Michael A. Diefenbach,US,105,2008,2
A5103198381,Renee N. Salas,US,34,2022,2
A5012164081,Haoning Xue,US,20,2022,2
A5043405476,Hannah Stevens,US,34,2021,2
A5058086918,Xuanjun Gong,US,20,2022,2
A5003959306,Ahmad R. Pratama,ID,37,2021,47
A5025775324,Fayruz Rahma,ID,18,2022,47
A5067333764,Firman M. Firmansyah,US,55,2016,47
A5078915771,Anne Van Devender,US,49,2010,17
A5047337343,Zoheb Borbora,US,114,2010,2
A5060934705,Muhammad Aurangzeb Ahmad,US,286,2010,2
A5023814050,Victor Naroditskiy,GB,184,2011,23
A5036583884,Nicholas R. Jennings,US,14580,1994,23
A5037761875,James O. McInerney,GB,650,2012,23
A5088337479,Matteo Venanzi,US,497,2012,23
A5000716606,Wendy Hall,GB,328,2012,24
A5014892027,Leandros Tassiulas,US,241,2011,24
A5062093738,Jon Crowcroft,GB,4524,2001,24
A5078041422,Thanassis Tiropanis,GB,91,2012,24
A5022724211,Nicolas Kokkalis,US,39,2013,6
A5026791244,Dima Chornyi,US,39,2013,6
A5043360724,Thomas Köhn,DE,39,2013,6
A5110861696,Carl C. Pfeiffer,US,39,2013,6
A5033311412,Amy Wax,US,57,2012,2
A5100323773,Wei Wei,CN,115,2015,31
A5100338946,Huan Liu,US,10008,2006,27
A5043763518,Yiqi Chen,CN,33,2017,6
A5057291277,Zhiyuan Lin,US,481,2016,6
A5091596042,Bowen Yao,CN,33,2017,6
A5001313772,Dae Ryook Yang,KR,33,2017,23
A5059031679,Do Yeon Kim,KR,33,2017,23
A5100725709,Kiho Park,KR,56,2017,23
A5062709079,Kazushi Ikeda,JP,58,2016,33
A5046270537,Diego Gómez-Zará,US,94,2019,2
A5079289889,Alexa M. Harris,US,32,2019,2
A5015506695,Brian Mustanski,US,1006,2013,2
A5058992999,Jonathan H. Morgan,US,174,2010,12
A5034304352,Hui Huang,CN,25,2021,43
A5062926987,Zhang Ke-fang,CN,25,2021,43
A5073245609,Jiatao Lin,CN,25,2021,43
A5100615711,Tan Zhang,CN,25,2021,43
A5003058859,Zijian An,US,23,2021,17
A5020591202,Alexi Quintana Mathé,MX,23,2021,17
A5053640148,Sarah Shugars,NL,167,2017,17
A5084930117,Ryan J. Gallagher,US,338,2017,17
A5091686932,Jon Green,US,136,2017,17
A5024804688,Francesco Scotti,IT,34,2021,10
A5056297261,Francesco Manaresi,IT,23,2021,10
A5003789787,Jana Laura Egelhofer,DE,107,2020,42
A5091054007,Sophie Lecheler,AT,1071,2011,42
A5034741131,Brahim Zarouali,BE,275,2020,42
A5050184396,Mark S. Ackerman,US,1564,2002,6
A5040405363,Meikuan Huang,US,61,2010,17
A5023538758,Robert Whitbred,US,106,2011,2
A5030685996,Christian Steglich,NL,2031,2007,2
A5044404041,Fabio Fonti,FR,106,2011,2
A5008379140,Amit Wadhwa,IT,33,2014,10
A5011488053,Adeline Decuyper,BE,426,2014,10
A5032302239,Miguel Luengo-Oroz,US,140,2014,10
A5068611658,Jean-Martin Bauer,CG,33,2014,10
A5073875709,Vincent D. Blondel,BE,3001,2007,10
A5075640200,Gautier Krings,BE,318,2009,10
A5088693174,Thoralf Gutierrez,Unknown,69,2013,10
A5051904672,Sophia Sullivan,US,32,2015,2
A5080156715,Orrin Cooper,US,44,2014,44
A5100707314,Kèyù Zhü,CN,101,2014,44
A5100323842,Wei Wei,CN,56,2016,31
A5005516194,John Wihbey,US,109,2018,17
A5032184525,Jacqueline N. Lane,GB,203,2018,20
A5040025772,Marlon Twyman,KR,151,2016,2
A5048347163,Matthew Paras,KY,28,2019,2
A5064735018,Niccolò Pescetelli,US,182,2017,23
A5050466249,Arjunil Pathak,US,21,2021,31
A5071152949,Navid Madani,US,21,2021,31
A5001863252,Joanna Legerski,US,38,2007,23
A5006582558,Michael Friendly,CA,38,2007,23
A5045499130,Andrew S. Winston,CA,38,2007,23
A5061033586,Bryn Greer‐Wootten,CA,38,2007,23
A5108787969,Daniel J. Denis,US,38,2007,23
A5013891163,Sharaf Mohamed,BH,49,2016,43
A5028332454,Jacob Li,US,61,2015,43
A5045720664,Francis Despond,CA,38,2015,43
A5040807502,Anthony Vashevko,SG,25,2014,17
A5072812323,Nick S. Bennett,AU,25,2014,17
A5069473321,Tina Vachovsky,US,25,2016,6
A5023475398,Drew Mylander Gregory,US,24,2019,6
A5044304224,Golrokh Emami,US,24,2019,6
A5073948953,Jacob G. Ray,US,24,2019,6
A5100306571,Zilin Ma,CN,36,2019,6
A5009534537,Robin Brewer,US,604,2011,6
A5028114802,Ece Kamar,GB,1985,2008,6
A5074354806,Ádám Stefkovics,HU,18,2021,1
A5011607422,N'godjigui Junior Diarrassouba,US,35,2020,6
A5014504020,Vivian Yang,US,17,2021,6
A5023364449,Hancheng Cao,US,311,2018,49
A5065242786,Lydia Stone,US,17,2021,6
A5078297482,Victor Chen,TW,17,2021,6
A5100733186,Y.-J. Lee,KR,17,2021,6
A5018504015,Joseph Seering,KR,459,2017,6
A5009215032,Mark Heller,US,44,1996,2
A5049173646,Lydia B. Chilton,US,1604,2009,6
A5081566660,Jeffrey Nichols,US,662,2008,6
A5024024784,Geoffrey P. Morgan,US,189,2010,31
A5053264719,Michael K. Martin,US,354,2004,31
A5006526357,Christopher Thompson,US,137,2013,43
A5010758483,Jiang Chen He,CA,23,2017,43
A5010806818,Yan Fu,CN,200,2012,2
A5051661919,Zhenghui Sha,US,112,2012,2
A5100344439,Wei Chen,US,101,2014,2
A5101406126,Mingxian Wang,CN,119,2014,2
A5009805342,Rebecca Weiss,US,107,2015,17
A5039270995,Luca Kristóf,HU,22,2017,1
A5082243099,Andrea Szabó,HU,22,2017,1
A5103014066,Péter Róbert,IT,22,2017,1
A5047870955,Giovanni Brena,IT,32,2019,14
A5048076721,Giorgia Ramponi,IT,54,2018,14
A5091879812,Marco Brambilla,IT,639,2011,14
A5023481116,Nik Marda,US,19,2019,6
A5032259262,Chloe Barreau,US,19,2019,6
A5067041481,Laura Fiuza,US,19,2019,6
A5072432173,Allie Blaising,US,71,2019,6
A5052318783,Pranav Khadpe,US,36,2019,6
A5010488057,Tonya Nguyen,US,94,2019,6
A5011345811,Irena Gao,US,57,2020,6
A5027003124,Michelle Xing,US,18,2020,6
A5019168719,Gabriel Plummer,US,57,2017,2
A5021043992,Ashley A. Niler,US,57,2017,2
A5027149527,Lindsay Larson,US,290,2017,2
A5038343581,Jessica Mesmer‐Magnus,US,2875,2009,2
A5047863187,Alaina G. Michaelson,US,38,1992,2
A5055275584,Ronald E. Rice,US,3740,1988,1
A5077824174,m.c. schraefel,GB,304,2007,6
A5085192838,Max Van Kleek,GB,192,2007,20
A5100740128,Jing Wang,CN,54,2009,2
A5103148486,Nishith Pathak,IN,48,2006,2
A5075832002,Avi Bagla,US,18,2015,6
A5036968282,Sue Timmis,GB,18,2016,47
A5101464697,Junwon Park,KR,17,2019,6
A5010495671,Nicholas A. Christakis,US,12868,2007,5
A5036193894,Mark McKnight,US,14,2021,2
A5064970531,Rennie Negron,US,66,2014,2
A5087772659,Wolfgang Munar,US,14,2021,2
A5008889134,Wenxuan Gui,CN,28,2020,44
A5045839495,Feicheng Ma,CN,104,2002,26
A5085164847,Yuxing Qian,CN,28,2020,44
A5012708140,Xiaozhen Qin,CN,26,2021,23
A5021950100,Andrew Reeson,AU,14,2021,23
A5051454433,Weipan Xu,CN,26,2021,23
A5062793472,Haohui Chen,AU,740,2015,23
A5100341866,Xun Li,CN,14,2021,23
A5064563606,Daniel Doty,US,579,2010,2
A5103079373,Toshio Murase,JP,685,2009,2
A5079085366,Lichan Hong,US,3358,2004,6
A5022234957,Wenyue Ye,US,19,2013,2
A5076633684,Nicholas Bennett,US,19,2013,2
A5051383046,Matthew C. Ehrlich,US,31,1993,2
A5051426773,Steven P. Dow,US,1825,2009,6
A5062775090,Ed Cutrell,US,744,2000,6
A5082915312,Mike Bright,US,15,2013,6
A5101560406,Anupam Jain,IN,15,2013,6
A5101780825,Anand Kulkarni,US,567,2011,6
A5007975088,Hannah Masuga,US,14,2019,17
A5038561191,Gina Moylan,US,14,2015,6
A5052897453,Ann Wolbert Burgess,US,14,2015,6
A5086632161,Charles R. Figley,US,14,2015,6
A5101622245,Daniel A. Newman,GB,604,2010,2
A5048948660,Huei-Yen Winnie Chen,US,12,2021,31
A5054127508,Jacqueline Hannan,CH,12,2021,31
A5002785992,Holly Arrow,US,728,2004,17
A5038637784,Nancy Katz,US,440,2003,17
A5108542568,David Lazer,US,1888,2005,10
A5070080394,Shanlin Yang,CN,321,2014,44
A5040253902,Chris Mohamed,CA,12,2015,43
A5045979794,Vincent C. S. Lee,AU,32,2009,43
A5010562415,Katalin Füzér,HU,12,2019,50
A5054348632,Ákos Huszár,HU,12,2019,50
A5061378816,Ákos Bodor,HU,12,2019,50
A5073871290,Lajos Bálint,HU,12,2019,50
A5090782973,Attila Pirmajer,HU,12,2019,50
A5022660757,Seowon Yoon,KR,27,2020,23
A5071497435,Kee‐Hong Choi,KR,190,2020,23
A5016710875,Gregory P. Strauss,US,1648,2010,23
A5054451369,Eunju Jeakal,KR,11,2020,23
A5066511256,Eunbyeol Lee,KR,11,2020,23
A5060078629,Muhammad Aurangzeb Ahmed,US,13,2011,2
A5001528430,Jeffrey W. Treem,US,1680,2011,2
A5018739888,Lindsay Fullerton,US,285,2010,2
A5028389743,Jing Wang,CN,12,2011,2
A5073242709,David Huffaker,US,310,2010,2
A5090515508,McColl Derek,CA,49,2011,43
A5108111179,Manuel Castells,US,34,2004,2
A5040323504,Manuel García–Herranz,US,313,2015,9
A5049451549,Yonatan Lupu,US,40,2018,23
A5050938216,Brad L. LeVeck,US,30,2018,23
A5018717377,Anne C. Kroon,NL,235,2016,42
A5036348416,Tamara Raats,NL,47,2018,42
A5044033735,Theo Araujo,NL,1937,2011,42
A5060362716,Jeroen Jonkman,NL,219,2018,42
A5081498765,Lisa De Klerk,NL,11,2018,42
A5112407267,Felicia Locherbach,NL,11,2018,42
A5032702100,Ala’aldin Hijaz,US,11,2019,43
A5043067239,Iyad Mansour,US,11,2019,43
A5054855218,Guo Ya-jun,CN,11,2012,44
A5002813707,Brian T. Pentland,US,500,1993,6
A5040707285,Charles Steinfield,US,17583,1987,6
A5023012850,Arvind Singhal,US,1426,1988,35
A5038727864,Everett M. Rogers,US,1880,1987,35
A5048425098,Sharon Grant,AU,13,1996,2
A5008389022,Iain D. Couzin,DE,11695,1998,18
A5025717153,Jens Krause,DE,8451,2002,4
A5073601289,Nigel R. Franks,GB,4658,1998,18
A5079464744,Stuart Kauffman,US,2284,1987,18
A5026767037,Wei min Liu,CN,800,1986,5
A5031916507,Yoh Iwasa,JP,3701,1983,5
A5005438899,George Sugihara,US,1892,1990,5
A5080792075,Robert M. May,SA,10116,1976,5
A5017040382,Gabriel G. Katul,US,2916,1998,18
A5043078766,Suvi M. Thomas,US,614,2002,18
A5061088675,Ram Oren,US,989,1998,18
A5061255118,Roni Avissar,US,751,2002,18
A5073166556,Ran Nathan,IL,6477,2000,18
A5074043712,Henry S. Horn,DE,1170,2002,18
A5085753718,Stephen W. Pacala,US,3100,1990,18
A5048847549,Yury Kryvasheyeu,AU,714,2015,23
A5085139454,Nick Obradovich,US,1266,2016,23
A5071749890,Alan Hastings,US,1925,1980,18
A5102890157,Dan Cohen,IL,798,1984,18
A5088272346,Jane Lubchenco,US,9541,1991,18
A5108527367,David Pimentel,US,501,1981,18
A5108215360,Richard Durrett,US,1012,1994,18
A5110046943,Akira Ōkubo,JP,601,1989,18
A5032304399,Naomi Ehrich Leonard,US,896,2007,18
A5054976458,Andrew T. Hartnett,US,1071,2011,18
A5055063594,Christos C. Ioannou,GB,3116,2007,18
A5065882969,Colin J. Torney,GB,1809,2009,18
A5066517252,Güven Demirel,GB,539,2011,18
A5076436751,Thilo Groß,DE,930,2008,18
A5084762812,Larissa Conradt,DE,685,2009,18
A5111604521,J Iribarren,ES,480,2009,23
A5018222452,Bryan T. Grenfell,US,7981,1984,18
A5058338534,Alan S. Perelson,US,1367,1989,18
A5004836032,Tong Lin,CN,327,2010,51
A5025689163,Liming Dai,AU,2527,2010,51
A5036195075,Yuhua Xue,CN,2527,2010,51
A5056238849,Yan Zhao,CN,314,2010,51
A5077167301,Xungai Wang,HK,314,2010,51
A5100373286,Hongxia Wang,US,314,2010,51
A5109960502,Lianfang Feng,CN,314,2010,51
A5017742384,Rubén Lara,US,722,2005,23
A5038766869,Giovanna Miritello,GB,565,2011,23
A5016014168,Maxime Derex,FR,1252,2012,11
A5025458199,Bernard Godelle,FR,619,2009,11
A5040472716,Michel Raymond,FR,580,2009,11
A5072596448,Marie‐Pauline Beugin,FR,285,2013,11
A5070281103,Robert Boyd,US,11960,1981,11
A5025967818,Vı́ctor M. Eguı́luz,ES,2409,2000,14
A5033081182,José J. Ramasco,ES,3977,2008,14
A5063837575,Przemyslaw A. Grabowicz,US,731,2011,14
A5077591903,Josep M. Pujol,ES,625,2005,14
A5039182654,Kirsten Hamelink,NL,228,2017,42
A5055766880,Anniek W. Eigenraam,NL,228,2017,42
A5067829989,Dian A. de Vries,NL,588,2013,42
A5082130337,A. Marthe Möller,NL,285,2017,42
A5086458025,Marieke S. Wieringa,NL,228,2017,42
A5006073789,King‐Wa Fu,HK,1283,2013,42
A5049119318,Chung‐hong Chan,DE,906,1975,42
A5088908386,Michael Chau,US,640,2001,42
A5009013374,Gretchen C. Daily,US,4393,1991,18
A5014133393,Catherine L. Kling,US,191,2019,18
A5023972737,Geoffrey Heal,US,922,1980,18
A5034039087,Stephen R. Carpenter,US,12836,1999,14
A5053182264,Paul R. Ehrlich,US,2609,1983,18
A5068168154,Stephen Polasky,US,4157,2001,18
A5005642262,Anna B. Mazzarella,NO,188,2017,18
A5034338554,Dane H. Klinger,US,319,2017,18
A5037865389,E. Rovenskaya,AT,399,2016,18
A5054846534,Brynhildur Davíðsdóttir,IS,291,2017,18
A5063347762,Nils Chr. Stenseth,NO,462,2001,18
A5113499854,Anne Maria Eikeset,NO,396,2011,18
A5017976036,Joseph Phillips,GB,276,2020,17
A5025571983,Lei Zhou,CN,350,2015,5
A5033732758,Yang‐Yu Liu,US,236,2014,5
A5041336256,Qi Su,CN,746,2016,5
A5056511235,Aming Li,CN,651,2013,5
A5060677105,Sean P. Cornelius,CA,226,2015,5
A5100447536,Long Wang,CN,2631,2001,5
A5014881285,Dan Calacci,US,247,2017,3
A5101579932,Xiaowen Dong,GB,332,2013,3
A5041732716,Eszter Hargittai,CH,3695,2004,6
A5073459923,Deen Freelon,US,1318,2011,1
A5084279765,Katherine Ognyanova,US,545,2013,17
A5055282911,Pejman Rohani,US,1652,1995,18
A5077626949,David J. D. Earn,CA,2668,1998,18
A5051581382,Viggo Andreasen,DK,874,1997,18
A5100777792,Juan Lin,CN,496,1997,18
A5004230429,Juan E. Keymer,CL,436,1998,46
A5038858136,Pablo A. Marquet,CL,1015,1996,46
A5053601980,Jorge X. Velasco‐Hernández,MX,363,1996,46
A5010484610,Amilcare Porporato,US,472,2005,18
A5020431206,Merel B. Soons,NL,500,2005,18
A5024179610,Mario Siqueira,BR,591,2002,18
A5046037739,Davide Poggi,IT,1076,2004,18
A5015352514,Rick Durrett,US,453,1998,30
A5026514464,Charles ReVelle,US,398,2004,18
A5104492347,Justin C. Williams,GB,398,2004,18
A5034728256,Stephen T. Emlen,US,222,1986,18
A5111422677,John M. Emlen,US,222,1986,18
A5020949322,John A. Lubina,US,214,1988,18
A5016983952,Maja Schlüter‬,SE,807,2009,18
A5044362151,Alessandro Tavoni,IT,951,2011,18
A5066581729,Steven J. Lade,SE,410,2013,18
A5030041689,Lee A. Segel,IL,299,1976,18
A5050710342,Frederic Bartumeus,ES,976,2002,18
A5049669856,Luca Bolzoni,IT,176,2006,18
A5060960413,Renato Casagrandi,IT,314,2003,18
A5044014333,Alejandro Llorente,ES,253,2013,23
A5003213649,Talayeh Aledavood,FI,637,2015,10
A5029121256,Felix Reed‐Tsochas,GB,1224,2006,10
A5037087050,Eduardo López,US,911,2002,10
A5063166187,Sam G. B. Roberts,GB,2644,2008,10
A5064827570,R. I. M. Dunbar,GB,5130,2005,10
A5082358191,Jari Saramäki,FI,4647,2004,10
A5010728482,Michelle A. Kline,US,828,2010,11
A5034266052,Joseph Henrich,US,22276,2001,11
A5049828992,Stephen Shennan,GB,2212,2004,11
A5056851399,Michael Muthukrishna,CA,2121,2013,11
A5070172858,Mark Thomas,GB,1506,2009,11
A5084496542,Alex Mesoudi,GB,1536,2006,11
A5101900654,Adam Powell,GB,1159,2009,11
A5044187847,Peter E. Caines,CA,232,1975,42
A5036034260,Vítor V. Vasconcelos,NL,817,2011,5
A5073403497,Jorge M. Pacheco,PT,11304,2005,5
A5091756384,Francisco C. Santos,PT,9112,2005,5
A5027317575,Knut Drescher,CH,151,2013,18
A5028819015,João B. Xavier,US,494,2010,18
A5031802399,Carey D. Nadell,US,514,2010,18
A5034726213,Bonnie L. Bassler,US,131,2013,18
A5055707033,Vanni Bucci,US,131,2013,18
A5021409831,Caroline E. Farrior,US,127,2013,18
A5073267619,Ray Dybzinski,US,127,2013,18
A5029258117,Jean‐François Bonnefon,FR,4254,2010,23
A5009944060,Yi Hao,CN,179,2013,42
A5011581721,Braydon Schaible,FR,167,2013,42
A5027542397,Isaac Chun‐Hai Fung,US,683,2013,42
A5081969635,Zion Tsz Ho Tse,GB,578,2013,42
A5102949853,Yuchen Ying,CN,179,2013,42
A5047134387,Charles Perreault,US,212,2012,11
A5075965984,Stefano Carattini,US,113,2017,18
A5014389194,Jing Zeng,CH,468,2017,42
A5004136982,Arthur Spirling,US,623,2003,17
A5016292975,Kenneth Benoit,GB,969,2009,17
A5019063152,Helen V. Milner,US,626,2007,17
A5030508515,Charles Perrings,US,298,1995,18
A5047941384,Wolfram Barfuß,DE,277,2017,18
A5079184903,Jonathan F. Donges,DE,507,2012,18
A5085207296,Jürgen Kurths,DE,5104,1998,18
A5019872697,Arnald Puy,GB,205,2020,18
A5040077936,Andrea Saltelli,Unknown,329,2006,18
A5048601378,Samuele Lo Piano,GB,299,2017,18
A5085676329,Jonathan M. Levine,US,985,2017,18
A5087275461,Theo Gibbs,US,47,2022,18
A5021589283,Laura Boeschoten,NL,118,2020,42
A5026212091,Irene I. van Driel,NL,1080,2015,42
A5029647082,J. Loes Pouwels,NL,1062,2020,42
A5030777570,Ine Beyens,NL,1265,2018,42
A5072912426,Anastasia Giachanou,NL,495,2019,24
A5080323873,Patti M. Valkenburg,NL,13603,2000,42
A5061137675,Benjamin Guinaudeau,US,46,2022,17
A5072966038,Fabio Votta,NL,57,2022,17
A5004330953,Thomas Elmqvist,SE,5490,2004,18
A5005092156,Sara Constantino,US,615,2015,4
A5009617157,Elisabeth Krueger,US,152,2017,18
A5015882940,Elke U. Weber,US,11721,1992,4
A5102878947,Miguel Ángel Centeno,GB,63,2021,18
A5004150335,Dahai Yue,US,43,2022,17
A5038367813,Neil Sehgal,US,87,2021,17
A5059100941,Ren Hao Wang,Unknown,43,2022,17
A5064676289,Dylan H. Roby,US,43,2022,17
A5076962542,Elle Pope,US,119,2017,17
A5023375097,Tommaso Portaluri,CH,43,2022,18
A5040473476,Pierfrancesco Beneventano,US,43,2022,18
A5103464541,Partha Dasgupta,IN,211,1977,18
A5033869370,Wenzhi Huang,CN,138,1989,10
A5068525348,Carlos Castillo‐Chávez,US,2661,1989,10
A5113748398,K. L. Cooke,US,149,1989,10
A5018069765,Mayuko Nakamaru,JP,721,1997,5
A5088575114,Ramanan Laxminarayan,US,287,2005,18
A5101494251,David L. Smith,US,1205,2004,18
A5020490780,Joshua S. Weitz,US,1206,2006,18
A5028472563,Benjamin Nabet,US,176,2009,18
A5057702802,Luca Scardovi,CA,261,2010,18
A5101157541,Tian Shen,US,103,2011,18
A5088098504,J. Daniel Udovic,US,99,1977,18
A5019813501,Coco Krumme,US,440,2012,23
A5033806050,Yonas Mitike Kassa,US,78,2018,23
A5070487234,Rubén Cuevas,ES,306,2010,23
A5102023207,√Ångel Cuevas,ES,241,2010,23
A5007537420,Nancy B. Grimm,US,109,2014,18
A5015973726,Mitchell Pavao‐Zuckerman,US,70,2014,18
A5019856148,Peter M. Groffman,US,70,2014,18
A5025857523,Frederick R. Adler,US,89,2002,18
A5037431253,William G. Wilson,AU,601,2006,18
A5066250871,Jason Munshi‐South,US,70,2014,18
A5075365894,Diane E. Pataki,US,309,1998,18
A5104066044,Colby J. Tanner,US,81,2011,18
A5050004769,Volker Grimm,DE,141,2011,18
A5077368412,Neil Carter,US,82,2015,18
A5078944710,Adam Barlow,AT,65,2015,18
A5020937346,Bonnie J. McCay,US,305,2009,18
A5052038898,Eli P. Fenichel,US,332,2012,18
A5070460992,Kevin St. Martin,US,321,2016,18
A5073865249,Malin L. Pinsky,US,256,2016,18
A5079221921,Joshua K. Abbott,US,239,2012,18
A5006547973,Andrew M. Hein,US,195,2015,18
A5035054017,Colin R. Twomey,US,584,2015,18
A5090865724,Michael A. Gil,US,91,2018,18
A5000868394,Eaman Jahani,US,312,2011,3
A5034827139,Yaneer Bar‐Yam,US,1334,2000,23
A5040369194,Alfredo J. Morales,US,270,2018,3
A5072930694,Carlos Sarraute,AR,170,2016,3
A5084485442,Burçin Bozkaya,TR,304,2010,3
A5046878011,Ricard V. Solé,US,1362,1992,18
A5061913766,Daniel L. Oberski,NL,381,2017,42
A5062732278,Jef Ausloos,NL,56,2020,42
A5111451722,Judith Möller,DE,1245,2016,42
A5039276197,Tianyu Su,CN,16,2023,10
A5055389084,Maoran Sun,GB,86,2022,10
A5074719388,Ariel Noyman,US,113,2017,3
A5090329397,Zhuangyuan Fan,HK,210,2020,10
A5100403456,Fan Zhang,CN,1244,2016,10
A5031198916,Xuekui Shangguan,Unknown,14,2023,1
A5039696704,Chuanjun Zhao,CN,14,2023,1
A5047898147,Donghang Liu,CN,14,2023,1
A5066924384,Zening Duan,US,69,2021,1
A5100392763,Jie Li,CN,14,2023,1
A5100738104,Yanjie Wang,CN,14,2023,1
A5100765157,Jingfeng Liu,CN,14,2023,1
A5100933736,Lihua Shen,CN,14,2023,1
A5101981611,Meiling Wu,CN,14,2023,1
A5101007363,Yanni Yang,HK,14,2023,23
A5059708665,Mercedes Pascual,US,547,1991,18
A5016312089,Thomas Sterner,SE,163,2000,18
A5038732975,David A. Starrett,US,844,1973,18
A5109204185,Partha Dasgupta,US,3944,1973,18
A5110433113,Thomas H. Tietenberg,SE,108,2000,18
A5110532426,Eric Maskin,US,4606,1977,18
A5111373420,Kenneth J. Arrow,US,1628,1962,18
A5113450915,Karl-Göran Mäler,SE,2144,1994,18
A5015598195,Benny Davidovitch,US,105,2005,23
A5083316408,Howard A. Stone,US,105,2005,23
A5052324110,Jérôme Chave,FR,369,2002,18
A5071611289,Jonathan Dushoff,CA,2886,1995,18
A5088484169,Jeremy W. Lichstein,US,515,2007,18
A5017843873,Kai Xiong,CN,89,2007,42
A5073578212,H. Zhang,CN,89,2007,42
A5004575044,Gabriella Vaglica,IT,166,2008,10
A5016268748,Fabrizio Lillo,IT,3252,2000,10
A5068695616,Rosario N. Mantegna,IT,7079,1994,10
A5025225575,Samuel Wiebe,CA,319,2001,18
A5028764986,Mary Lou Smith,GB,279,1995,18
A5057332174,Xuelian Sang,CN,75,2008,18
A5058416733,Kathy N. Speechley,CA,376,2003,18
A5067086470,Michael Eliasziw,CA,169,2001,18
A5069444754,Guangyong Zou,CA,248,2008,18
A5109361125,Carol Camfield,CA,182,2008,18
A5048992372,William S. Ryu,CA,150,2014,18
A5076071489,Liliana C. M. Salvador,US,59,2014,18
A5001968759,Elena Litchman,US,1625,2007,18
A5031166344,Christopher A. Klausmeier,US,1625,2007,18
A5063934076,Juan A. Bonachela,US,268,2011,18
A5074967952,Kyle F. Edwards,US,561,2012,18
A5015860395,Anthony D. So,US,55,2016,18
A5022793791,Scott P. Carroll,US,96,2016,18
A5025139735,Robert R. Dunn,US,267,2011,18
A5037469107,Stephan Harbarth,CH,70,2016,18
A5066717163,Peter Søgaard Jørgensen,SE,468,2011,18
A5082661482,Didier Wernli,CH,70,2016,18
A5103264419,Ramanan Laxminarayan,US,106,2006,18
A5047177859,Ian E. Fellows,US,54,2018,5
A5065210070,Hsuan‐Wei Lee,US,136,2016,5
A5076057397,Kirk Dombrowski,US,277,2012,5
A5102023538,Bilal Khan,IN,266,2012,5
A5034146076,Martin Reeves,US,204,2012,18
A5036808902,Daichi Ueda,US,50,2016,18
A5018606584,Roman Stocker,CH,158,2016,18
A5045512307,Douglas R. Brumley,AU,49,2016,18
A5072735370,Francesco Carrara,CH,138,2016,18
A5057083232,Mike S. Schäfer,CH,481,2018,42
A5004551013,Velislava Petrova,BG,39,2020,18
A5009802857,Colin A. Russell,NL,359,2004,18
A5037559147,Richard A. Neher,CH,479,2014,18
A5040872939,Edyth Parker,RW,51,2020,18
A5053127914,Dylan H. Morris,US,175,2017,18
A5075120462,Fernando W. Rossine,US,39,2020,18
A5018876457,Colin Cleveland,GB,48,2021,5
A5030126548,Attila Szolnoki,HU,1409,2010,5
A5063065481,Josephine Lukito,US,249,2017,1
A5078257556,Jianing Li,US,69,2020,1
A5088778411,Fan Chen,US,54,2022,1
A5015835735,David A. Siegel,US,1060,2003,18
A5057257672,Frédéric Guichard,CA,89,2004,18
A5061975828,Shay Gueron,IL,145,1993,18
A5062534643,Eduardo Zea‐Cabrera,US,78,2006,18
A5108405042,Ignacio Rodríguez‐Iturbe,US,78,2006,18
A5077177195,William C. Clark,US,75,2010,18
A5072883577,Miguel A. Muñoz,ES,915,1998,14
A5006059364,Luca Giuggioli,GB,110,2011,18
A5028133598,Jonathan R. Potts,GB,76,2011,18
A5038947564,Daniel I. Rubenstein,US,373,2006,18
A5003550654,Xingpeng Jiang,CN,47,2012,18
A5033443782,Marie A. Elliot,CA,47,2012,18
A5059066311,Jonathan A. Eisen,US,47,2012,18
A5061354858,Morgan G. I. Langille,CA,47,2012,18
A5064104059,Russell Y. Neches,US,47,2012,18
A5071349842,Kaiping Chen,US,277,2017,1
A5008391466,Astrid Dannenberg,DE,620,2011,18
A5057777439,Marcel Lumkowsky,DE,27,2021,4
A5001694053,Donald K. Milton,US,26,2021,17
A5027368648,Luojun Yang,MG,20,2022,4
A5007875216,Alex Berke,US,122,2020,3
A5014640639,Kent Larson,US,297,1999,3
A5035769053,Ronan Doorley,US,86,2018,3
A5029294781,Scott Ferson,GB,82,2000,18
A5001266193,Helene C. Muller‐Landau,US,2173,2000,18
A5029606359,Jianguo Wu,CN,70,1997,18
A5113972329,Michael L. Cain,US,530,2003,18
A5041699958,L. López-Dı́az,ES,146,2002,23
A5077777868,L. Torres,MX,146,2002,23
A5013670839,Thomas M. Powell,US,342,1984,18
A5078801706,Charles A. Stock,US,57,2007,18
A5039299686,Henri Schurz,US,53,2007,23
A5056168112,Heather M. Leslie,US,115,2003,18
A5013952375,Joel J. Sohn,US,50,1980,46
A5034524501,Klaus D. Kallman,US,50,1980,46
A5041089620,Ross Johnston,US,50,1980,46
A5082225222,Steven Hecht Orzack,US,713,1980,46
A5020270129,Tommaso Lorenzi,IT,39,2014,18
A5005483577,Reinhard Selten,DE,3128,1962,37
A5015426804,Sebastian J. Goerg,DE,65,2011,37
A5037556935,Alex Frid,IL,38,2013,37
A5052809776,Ilan Fischer,IL,865,1997,37
A5035582589,Emmanuel Schertzer,AT,35,2016,18
A5052385852,Jaideep Joshi,JP,47,2017,18
A5061597162,Vishwesha Guttal,IN,137,2011,18
A5001765277,Romain Feron,CH,73,2015,11
A5000229744,Eric Fernandes de Mello Araújo,BR,31,2019,42
A5004164861,Thabo J. van Woudenberg,NL,288,2015,42
A5024110681,William J. Burk,NL,1235,2007,42
A5035909713,Moniek Buijzen,NL,2910,2000,42
A5046226201,Bojan Simoski,NL,31,2019,42
A5057930089,Laura Buijs,NL,259,2016,42
A5064858077,Crystal R. Smit,NL,298,2016,42
A5079841668,Kirsten E. Bevelander,NL,391,2016,42
A5086132016,Michel Klein,US,80,2004,42
A5002723662,Sabrina Gaito,IT,140,2016,14
A5006125158,Hocine Cherifi,FR,53,2019,14
A5065682719,Luís M. Rocha,US,236,1998,14
A5101068519,José Fernendo Mendes,PT,30,2019,14
A5039063597,Hartmut Weßler,DE,71,2010,42
A5052391202,Scott L. Althaus,US,58,2020,42
A5058382953,Kasper Welbers,NL,936,2011,42
A5063976924,Joseph Bajjalieh,US,47,2020,42
A5083395792,Wouter van Atteveldt,NL,1019,2014,42
A5084679416,Marc Jungblut,DE,72,2020,42
A5001260567,Ryan M. Steinberg,US,48,2013,12
A5004100817,Lauren A. Maggio,US,83,2013,12
A5008862123,John Willinsky,US,119,2013,12
A5071586190,Tiziano Piccardi,US,53,2018,12
A5032926589,Zbigniew Smoreda,FR,2325,2008,10
A5057196170,Marco Fiore,ES,363,2015,10
A5059416594,Marco Gramaglia,ES,311,2015,10
A5072498572,Iñaki Ucar,ES,23,2021,10
A5005813408,Jeroen Vloothuis,Unknown,16,2022,42
A5015319043,Adriënne M. Mendrik,NL,16,2022,42
A5025790809,Roos Voorvaart,NL,16,2022,42
A5038616675,Haili Hu,CN,16,2022,42
A5054777179,Emiel van der Veen,Unknown,16,2022,42
A5021063042,Benjamin M. Bolker,CA,3326,1993,18
A5038881841,Pierre Mazzéga,GB,75,2001,18
A5021345315,Kirk A. Moloney,US,59,1992,18
A5026488664,Linda Buttel,US,93,1992,18
A5077537844,Nona R. Chiariello,US,145,1992,18
A5111434860,Wenzhang Huang,US,627,1989,10
A5113860684,Kenneth L. Cooke,US,260,1989,10
A5008478183,Andrew R. Tilman,US,250,2016,18
A5067726453,James R. Watson,US,422,2009,18
A5017193951,Arturo Canales,ES,31,2017,23
A5059217112,Henry Navarro,ES,31,2017,23
A5017700623,Rinaldo Kühne,NL,583,2018,42
A5033471397,Susanne E. Baumgartner,NL,917,2010,42
A5037694810,Jochen Peter,NL,11661,2005,42
A5007149331,Edward W. Tekwa,CA,27,2018,18
A5007282319,Talal Rahwan,AE,1675,2009,23
A5011107678,Kai Zhou,HK,48,2019,23
A5025396810,Tomasz Michalak,PL,1176,2008,23
A5038669899,Yevgeniy Vorobeychik,US,1087,2004,23
A5053311835,Marcin Waniek,PL,240,2018,23
A5070117669,Judith Moeller,DE,624,2013,42
A5002834303,Martin Homer,GB,14,2022,18
A5011050124,Fanqi Zeng,GB,14,2022,18
A5036614949,Ashkaan K. Fahimipour,US,14,2022,18
A5041250586,Arne Traulsen,DE,7392,2005,5
A5062591661,Daniel B. Cooney,US,50,2016,18
A5081171729,Pawel Romanczuk,DE,425,2008,4
A5111780123,Donald Ludwig,CA,134,1991,14
A5029825229,Jaime Cisternas,BO,49,2004,18
A5036566464,Ioannis G. Kevrekidis,US,484,2003,18
A5049718798,C. W. Gear,US,386,2003,18
A5011271066,Marco A. Janssen,US,7438,1999,0
A5037654261,Akiko Satake,JP,156,2002,5
A5010091855,David Ward,US,365,2000,18
A5017549860,David Saltz,IL,2574,2007,18
A5025437650,Kerstin Wiegand,DE,365,2000,18
A5004857861,Jingjing Yin,CN,172,2017,42
A5017363721,Hai Liang,HK,473,2016,42
A5062336371,Zhaochong Liu,US,26,2017,42
A5035174955,Michele Catasta,US,397,2014,12
A5037525426,Leila Zia,US,222,2016,12
A5056296020,Flávio L. Pinheiro,PT,484,2009,5
A5016698223,Andrew K. Carlson,US,19,2021,18
A5057133538,Talia Young,US,172,2018,18
A5090938987,Chadi M. Saad-Roy,US,41,2021,18
A5110014906,C. Jessica E. Metcalf,US,1572,2009,18
A5020556428,Loretta Auvil,US,127,2007,42
A5036763423,Cynthia Baur,US,18,2021,17
A5081721785,Devlon N. Jackson,US,145,2016,17
A5051721566,Timon McPhearson,US,1505,2014,18
A5026265828,Pau Fernández,ES,31,2008,18
A5048678154,M. G. E. da Luz,BR,47,2008,18
A5084872450,Jordi Catalán,ES,474,2002,18
A5016094459,Erol Akçay,US,359,2009,18
A5060609387,Adam Meirowitz,US,233,2008,18
A5086915398,Kristopher W. Ramsay,US,140,2008,18
A5016642516,Claire Love,US,25,2012,18
A5035662799,Knut Haanæs,CH,154,2012,18
A5044868467,Feng Shi,CN,577,2009,5
A5050313397,Nishant Malik,US,34,2016,5
A5054890347,Peter J. Mucha,US,3689,2005,5
A5063860981,Chai Molina,US,19,2020,18
A5077785558,Ulf Dieckmann,JP,738,2008,18
A5008551833,Derek Ouyang,US,15,2021,12
A5057438082,Alexandra Chouldechova,US,305,2017,12
A5057845767,Amanda Coston,US,114,2020,12
A5084572222,Lisa Lu,US,15,2021,12
A5018977438,A. Carla Staver,US,15,2021,18
A5038523871,Denis Patterson,GB,30,2020,18
A5100346147,Jin Wang,CN,92,2012,18
A5100620430,Li Xu,TW,92,2012,18
A5044769870,Paul G. Risser,US,36,1991,18
A5000795098,Adi Livnat,IL,282,2005,12
A5028348325,Christiane Grill,AT,16,2020,42
A5022506941,Steven A. Orszag,US,39,1999,18
A5029765809,Amar Gandhi,US,39,1999,18
A5083884994,Eric Post,US,83,2001,18
A5027725400,Jinhu Lü,CN,1036,2004,49
A5057291230,Jing Liu,CN,23,2008,18
A5007317219,Adrian J. de Froment,US,17,2014,18
A5103148202,Daniel I. Rubenstein,US,17,2014,18
A5047082746,Avinash Dixit,US,37,2014,17
A5016783900,Cassius Siu-lun Chow,HK,16,2019,42
A5112460175,Jochen Peter,NL,16,2019,42
A5008225248,Jonathan Touboul,US,15,2020,18
A5041765010,Carla Staver,US,15,2020,18
A5062644187,I.G. Kevrekidis,US,114,2009,18
A5066173951,Michael Raghib,AU,76,2010,18
A5026028890,Lou Kondic,US,14,2015,23
A5029186501,Rodolfo Cuerno,ES,491,2002,23
A5063958779,S. Nesic,ES,14,2015,23
A5034179051,Omer F. Yalcin,US,13,2020,17
A5058367771,Samuel E. Bestvater,US,45,2020,17
A5086226960,Burt L. Monroe,US,892,1995,17
A5090090567,Bruce Desmarais,US,773,2011,17
A5101972123,Sangyeon Kim,US,13,2020,17
A5007620149,Emmanuel Dupoux,FR,1007,2008,0
A5031334559,Maureen de Seyssel,FR,99,2020,0
A5042831132,Alejandrina Cristià,FR,1000,2011,0
A5057205161,Marvin Lavechin,FR,214,2020,0
A5061836283,Lucas Gautheron,DE,24,2021,0
A5015277100,Katherine McCabe,US,85,2012,17
A5037794042,Tiago Ventura,US,12,2021,17
A5077183666,Keng-Chi Chang,US,44,2021,17
A5047289699,Mark Boukes,NL,372,2011,42
A5097254862,Roland Waldst�tter,Unknown,27,1994,18
A5109209248,Catherine A. Macken,NZ,382,1989,18
A5004759379,Haitao Niu,SG,13,2018,51
A5027083714,Muhammad Furqan Khurshid,DE,13,2018,51
A5075758444,Usman Ali,CN,13,2018,51
A5108467102,Amir Abbas,PK,13,2018,51
A5017194047,Robert O. Keohane,GB,582,1995,17
A5070381268,Eörs Szathmáry,US,178,2009,52
A5087384117,Jan M. Nordbotten,NO,22,2018,18
A5083078108,Kenrie P. Y. Hui,HK,31,1994,42
A5019749834,Jinzhi Wang,US,14,2004,42
A5100784043,Ji‐Feng Zhang,CN,106,1995,42
A5003670054,David C. Sherrington,US,181,1999,23
A5034908857,Juan P. Garrahan,GB,181,1999,23
A5000447323,Marieke Rohde,DE,929,2011,53
A5034468528,Massimiliano Di Luca,GB,1807,2002,53
A5065382337,Marc O. Ernst,DE,1684,2005,53
A5021570361,Chaz Firestone,US,128,2021,52
A5042355795,Matthew Groh,US,376,2015,52
A5087366916,Rosalind W. Picard,US,5229,1996,52
A5083444453,Nathaniel Sirlin,US,98,2021,5
A5012994685,R. Chris Miall,GB,463,1995,53
A5020052399,Poppy Aves,GB,55,2022,53
A5025241331,Diar Abdlkarim,GB,55,2022,53
A5068317251,Mohamed Maâroufi,MA,38,2023,53
A5073168232,Joseph M. Galea,GB,641,2006,53
A5076926739,Peter Holland,US,38,2023,53
A5077614137,Sang-Hoon Yeo,GB,55,2022,53
A5071161877,Tonja Machulla,DE,259,2009,53
A5000212566,Qihong Wang,CN,121,2016,54
A5004989049,Yasha Karimi,US,99,2019,54
A5032746121,Adam Khalifa,US,99,2019,54
A5037936459,Ralph Etienne‐Cummings,US,235,2007,54
A5049544106,Milutin Stanaćević,US,99,2019,54
A5059009305,Adebayo Eisape,US,99,2019,54
A5088964967,Nitish V. Thakor,US,373,2004,54
A5100384245,Zhenan Bao,US,99,2019,54
A5100385834,Yuxin Liu,SG,99,2019,54
A5049634702,Sydney Levine,US,344,2015,0
A5054913386,Adam J. Berinsky,US,6280,2006,5
A5051795176,Davide Deflorio,GB,37,2022,53
A5078628299,Alan M. Wing,GB,787,1990,53
A5010111782,Andreas Timm‐Giel,DE,237,2007,10
A5018129441,Yasir Zaki,AE,114,2011,10
A5089617673,Carmelita Görg,DE,128,2011,10
A5113503467,Thushara Weerawardane,LK,114,2011,10
A5019042403,Roberta L. Klatzky,US,318,2003,53
A5029082546,M. Kuschel,DE,90,2010,53
A5081223790,Martin Buss,DE,280,2005,53
A5011344106,Alanna Peebles,US,126,2015,1
A5022229311,James Alex Bonus,US,199,2015,1
A5068599892,Marie‐Louise Mares,US,164,2015,1
A5109319776,Irene G. Sarmiento,US,81,2017,1
A5075527094,Luca Verginer,CH,115,2020,10
A5082803450,Massimo Riccaboni,IT,3089,1997,10
A5024535380,Lorraine Lin,TW,233,2016,53
A5025756610,Sophie Jörg,DE,354,2012,53
A5026848084,Andrew Robb,US,54,2019,53
A5034108921,Aline Normoyle,US,180,2012,53
A5043416150,Alexandra Adkins,US,54,2019,53
A5070709298,Yuting Ye,CN,106,2019,53
A5101791346,Yu Sun,CN,90,2019,53
A5001313457,Guangxuan Xu,US,76,2021,55
A5023339675,Ruibo Liu,CN,121,2021,55
A5034362571,Chenyan Jia,US,134,2021,55
A5035399743,Soroush Vosoughi,US,8141,2008,55
A5078446912,Jason Wei,DK,642,2020,55
A5100356430,Lili Wang,CN,46,2021,55
A5002809454,Daniel A. McFarland,US,3918,2005,12
A5018964666,Lanu Kim,KR,70,2019,12
A5047489389,Daniel Scott Smith,US,58,2021,12
A5108312123,Mengying Cathy Fang,CN,16,2023,5
A5064475993,Giona Casiraghi,CH,25,2020,10
A5103493257,Giuseppe Russo,IT,14,2023,10
A5109576174,Jess Hartcher-O’Brien,US,178,2008,53
A5039496781,Darren Rhodes,GB,69,2016,56
A5021031522,Sanjana Sharma,IN,25,2022,5
A5045866597,Elena L. Glassman,US,170,2015,5
A5046676187,David G Rand,RU,41,2022,5
A5060255701,N. Foppiani,US,25,2022,5
A5069982277,Sophie Hilgard,US,140,2020,5
A5068465397,Alexander Boltz,US,45,2022,55
A5078654083,Angie Zhang,US,104,2021,55
A5100659937,Min Kyung Lee,US,219,2016,55
A5102889351,Anqing Chen,US,47,2022,55
A5008519762,Benjamin Knörlein,US,119,2009,53
A5043933405,Matthias Harders,AT,135,2006,53
A5008962443,Joost X. Maier,US,171,2009,53
A5049539014,Uta Noppeney,NL,2153,2003,53
A5005310080,Andrew J. Doxon,US,72,2013,53
A5011019907,Justin C. Clark,US,39,2018,53
A5018596092,Jean‐Paul Noel,US,738,2014,53
A5041094757,Majed Samad,US,39,2018,53
A5113660697,Sean Keller,US,51,2016,53
A5026280184,Ryan Canales,US,63,2019,53
A5018828867,Andrew E. Welchman,GB,763,2008,53
A5031124926,Hiroshi Ban,JP,354,2012,53
A5056108178,Hua-Chun Sun,DE,82,2014,53
A5044395803,Dorita H. F. Chang,HK,58,2013,53
A5084479945,Arash Mahnan,US,31,2019,53
A5005542430,Katherine Stovel,US,1335,1996,12
A5012564810,Jason Portenoy,CA,140,2017,6
A5046879461,Jevin D. West,US,2067,2008,6
A5045003458,Volha Murashka,US,29,2020,30
A5057365719,Jiaying Liu,US,289,2015,30
A5001130163,Mine Saraç,TR,56,2013,53
A5032290858,Tae Myung Huh,US,17,2022,53
A5035849938,Hojung Choi,US,17,2022,53
A5046683404,Mark R. Cutkosky,US,489,1997,53
A5067958710,Allison M. Okamura,US,421,1997,53
A5063790438,Peter Holland,GB,328,2017,53
A5006267610,Alessandro Farnè,FR,407,2007,53
A5023183404,Charles Spence,GB,3335,2001,53
A5050020236,Andrea Serino,CH,1381,2007,53
A5085035611,Nathan Van der Stoep,NL,118,2014,53
A5018356165,Tim Wulf,DE,184,2018,1
A5036356370,Nicholas L. Matthews,US,28,2019,1
A5011771969,Giacomo Vaccario,CH,59,2018,10
A5057650206,Frank Schweitzer,CH,6191,1988,10
A5021335359,Keniel Yao,US,20,2021,33
A5078410925,Joe Nudell,US,20,2021,33
A5000756061,Ben Grunwald,US,13,2022,33
A5022481882,John Rappaport,US,13,2022,33
A5064118152,Eva Froehlich,DE,30,2011,53
A5006942960,Ninja K. Horr,DE,60,2014,53
A5004015961,Kristina Shiroma,US,68,2020,55
A5022993444,Kate Rich,US,12,2022,55
A5045843576,Tara Zimmerman,US,12,2022,55
A5058219030,Bo Xie,US,171,2015,55
A5070270738,Kenneth R. Fleischmann,US,401,2007,55
A5087645277,Nitin Verma,US,84,2017,55
A5102933639,Le Zhou,US,12,2022,55
A5102987323,Katja M. Mayer,DE,88,2011,53
A5018235085,Bjarke Felbo,US,61,2015,23
A5020152678,Abhimanyu Dubey,IN,737,2016,3
A5020734965,Judy Hanwen Shen,US,119,2018,23
A5050551131,Blakeley H. Payne,US,41,2018,23
A5012545447,Fuat Balcı,CA,304,2010,0
A5034610085,Argiro Vatakis,GR,1107,2005,53
A5047449859,Ángel Correa,ES,138,2004,53
A5042133506,Karin M. Bausenhart,DE,391,2006,53
A5087971127,Rolf Ulrich,DE,469,1991,53
A5063498810,Han Zhang,HK,171,2019,17
A5016033912,Hope Schroeder,Unknown,11,2022,5
A5021291458,Dava Newman,US,11,2022,5
A5008351293,Corrado Caudek,IT,531,1997,53
A5058705054,Fulvio Domini,US,531,1997,53
A5062490981,Benjamin T. Backus,US,26,2010,53
A5023298828,Nicola Bellotto,GB,18,2015,53
A5037895834,Paolo Gallina,IT,153,2015,53
A5075240197,Karyn Riddle,US,49,2011,1
A5040287174,Alexander Peysakhovich,US,1824,2013,5
A5026828646,Safdar Nawaz Khan Marwat,PK,19,2012,10
A5081270457,Carmelita Göerg,DE,19,2012,10
A5029638799,Alessandro Gasparetto,IT,121,2018,53
A5039268440,Stefano Seriani,IT,124,2018,53
A5075963224,Lorenzo Scalera,IT,121,2018,53
A5083963466,Maria Wimber,GB,292,2015,53
A5037686857,Roberta D. Roberts,GB,14,2020,53
A5061996710,Aldrin R. Loomes,GB,14,2020,53
A5105349764,Harriet A. Allen,GB,36,2011,53
A5046867690,Alexander Muryy,GB,59,2013,53
A5048566788,Roland W. Fleming,DE,493,2003,53
A5059872880,Amita Gajewar,US,13,2020,57
A5087471530,Allison Koenecke,US,13,2020,57
A5029519806,Judy Watts,US,13,2020,1
A5045305053,Hannah M. Wing,US,13,2020,1
A5010468111,Iñigo López-Gazpio,ES,1923,2016,8
A5038581447,Mona Diab,US,5910,1999,8
A5047151336,Eneko Agirre,ES,4867,1995,8
A5053217291,Lucia Specia,GB,2288,2009,8
A5073726152,Daniel Cer,US,4251,2003,8
A5080796123,Aitor Gonzalez‐Agirre,ES,1763,2012,8
A5010924288,Brendan Nyhan,US,3060,2011,17
A5049220804,Jacob Montgomery,US,793,2017,17
A5072335258,Michelle Torres,US,668,2018,17
A5003296734,Carmen Banea,US,760,2011,8
A5073264941,Germán Rigau,ES,968,1995,8
A5082450455,Rada Mihalcea,US,1475,2010,8
A5103355620,Janyce Wiebe,US,1347,1996,8
A5037475402,Jason Reifler,GB,2359,2014,17
A5027726191,Dina Maciel,PT,416,2015,58
A5051731622,Helena Tomás,PT,490,2015,58
A5055489694,Xiangyang Shi,CN,416,2015,58
A5059677224,João Rodrigues,PT,490,2015,58
A5100766751,Yulin Li,CN,430,2012,58
A5027639981,Weiwei Guo,CN,769,2009,8
A5001994692,Esin Durmus,US,543,2018,12
A5100775952,He He,JP,968,2012,12
A5004629670,Muhammad Abdul-Mageed,CA,1086,2011,30
A5009027177,Sandra Kübler,US,971,2007,8
A5045620226,Abigail Z. Jacobs,US,352,2011,33
A5046348432,Hanna Wallach,Unknown,6129,2008,33
A5011368152,Aidan Combs,US,207,2019,5
A5013262618,D. Sunshine Hillygus,US,240,2018,5
A5023775697,Brian Guay,US,327,2019,5
A5023997241,Christopher A. Bail,US,246,2018,5
A5056559023,Alexander Volfovsky,US,253,2013,5
A5061483794,Emily Maloney,US,187,2019,5
A5077079991,Friedolin Merhout,DK,246,2018,5
A5016352550,Lucas Graves,US,415,2016,17
A5041539298,Hao Lin,CN,441,2015,59
A5051695999,Wei Su,CN,150,2019,59
A5062628676,Hui Ding,CN,413,2018,59
A5073409235,Zhao‐Yue Zhang,CN,274,2019,59
A5100344463,Wei Chen,CN,425,2015,59
A5102313397,Hong-Yan Lai,CN,150,2019,59
A5109597801,Zhendong Su,CH,150,2019,59
A5100372670,Jin Woo Kim,KR,208,2019,17
A5011000771,Peter John Loewen,CA,753,2010,17
A5017746503,Eric Merkley,CA,167,2020,17
A5091686632,John M. Carey,US,212,2016,17
A5043691149,Jina Ryu,US,74,2022,30
A5058954591,João Sedoc,US,514,2017,30
A5065901574,Pritika Parmar,US,74,2022,30
A5071334062,Smisha Agarwal,US,114,2021,30
A5086097810,Shivani Pandya,US,114,2021,30
A5000679279,Duncan J. Watts,US,20567,2000,33
A5024312485,Emily Thorson,US,166,2010,17
A5054707908,David Rothschild,GB,2240,1952,33
A5086827245,Ceren Budak,US,896,2010,33
A5030822548,Mohammed Korayem,US,295,2011,14
A5055973075,Steven R. Wilson,GB,1399,1988,60
A5056033374,Geoff Leatham,US,196,1998,60
A5057984557,Carlos G. Alemán,US,222,1998,60
A5025728076,Hao Lv,CN,139,2018,59
A5101757183,Hui Yang,CN,230,2012,59
A5070885025,Yuhe R. Yang,CN,124,2020,59
A5100391492,Dong Wang,CN,124,2020,59
A5017128365,Gretchen Helmke,US,137,2006,17
A5074203382,Susan C. Stokes,US,133,2014,17
A5085284222,Mitchell S. Sanders,US,137,2006,17
A5075033889,Heng Ji,CN,593,2010,8
A5100348668,Hao Li,CN,116,2010,8
A5012554861,Anneke Buffone,US,476,2016,30
A5014700126,Barry Slaff,US,127,2018,30
A5078126526,Sven Buechel,DE,144,2018,30
A5046118655,Maria Kustikova,US,102,2019,8
A5082462234,Reno Kriz,US,135,2018,8
A5031292616,Elizabeth A. Hintz,US,184,2019,60
A5052376000,Patrice M. Buzzanell,US,252,2007,60
A5064543023,Kai Kuang,CN,202,2017,60
A5022597090,Annie Y. Chen,US,50,2022,17
A5072703507,Christo Wilson,MX,1963,2013,17
A5073774344,Ronald E. Robertson,US,781,2014,17
A5089434641,Graham Tierney,US,20,2023,5
A5109872130,Linda L. Putnam,US,155,1990,60
A5053947754,Paolo Rosso,ES,2932,2007,24
A5109466332,Yassine Benajiba,US,531,2007,24
A5064637448,Hans Noel,US,148,2011,17
A5078390032,Marine Carpuat,US,366,2010,61
A5032048031,Sandi W. Smith,US,124,2010,2
A5091271513,Sardar Hamidian,US,165,2015,8
A5004241916,Christopher Skovron,US,496,2014,17
A5038879126,Rocío Titiunik,US,990,2012,17
A5000961977,Ayoub Bouguettaya,GB,59,2020,61
A5007699920,Isak Ladegaard,HK,76,2020,61
A5027742316,John Gardner,AU,433,2020,61
A5030527783,Adrian Carter,AU,594,2013,61
A5051282783,Silke Meyer,AU,59,2020,61
A5059408912,Oulmann Zerhouni,FR,59,2020,61
A5068189292,Kerry O’Brien,AU,287,2012,61
A5068875314,Dermot Lynott,IE,236,2012,61
A5081568028,Benjamin Lyons,US,350,2018,17
A5088407829,Dominique Lockett,US,54,2020,17
A5034478505,Zachary O’Keeffe,US,53,2020,17
A5056583184,Giovanni Luca Ciampaglia,US,2284,2010,14
A5077658835,Shun Yamaya,US,30,2022,14
A5089504371,Saumya Bhadani,US,30,2022,14
A5080916245,Ethan Porter,US,507,2018,17
A5101722286,Thomas Wood,US,374,2018,17
A5002316432,Mrinmaya Sachan,CH,386,2013,8
A5016724158,Zhijing Jin,CH,231,2020,8
A5021523670,Spencer Poff,IL,38,2022,8
A5036322362,Zhiheng Lyu,US,15,2023,8
A5044005697,Bernhard Schölkopf,DE,7407,1998,9
A5100752423,Jiarui Liu,CN,15,2023,8
A5059946729,Philip Resnik,US,1055,1999,8
A5109907453,Mari Broman Olsen,US,128,1999,8
A5075197295,Min‐Sun Kim,US,159,1994,60
A5009005848,Bryan B. Whaley,US,89,1988,60
A5066685076,TERESA K. ELY,US,89,1988,60
A5068300336,Brant R. Burleson,US,812,1988,60
A5070355726,Elizabeth M. Goering,US,89,1988,60
A5088896426,Michael S. Waltman,US,150,1988,60
A5008257790,Lori Levin,US,293,2003,8
A5019297976,Vinodkumar Prabhakaran,US,665,2009,8
A5021314411,Owen Rambow,US,814,1995,8
A5052956256,Teruko Mitamura,US,862,1991,8
A5029074038,Pradeep Dasigi,US,206,2012,8
A5070121808,Amjad Abu-Jbara,US,290,2012,8
A5081787254,Dragomir Radev,US,2705,1995,8
A5066189343,Jennifer Sue Owlett,US,64,2014,60
A5086189297,Kristi Wilkum,US,94,2011,60
A5087876427,Skye M. Chernichky,US,94,2011,60
A5033040700,Nancy Clarke,US,44,2019,8
A5034176890,Adel Youssef,US,44,2019,8
A5037331940,Denis Peskov,US,78,2019,8
A5041808110,Brigi Fodor,US,44,2019,8
A5079587633,Jason Krone,US,75,2019,8
A5100388333,Yi Zhang,CN,340,2004,8
A5101848358,Tianlin Liu,CN,74,2019,30
A5008695053,Ala Al‐Fuqaha,QA,1505,2017,8
A5025305363,Muhammad Huzaifa Bashir,PK,22,2022,8
A5037574053,Junaid Qadir,QA,1816,2016,8
A5047390057,Wajdi Zaghouani,QA,415,2014,8
A5059302775,Aqil M. Azmi,SA,22,2022,8
A5060080598,Haq Nawaz,CN,22,2022,8
A5006895620,Dennis P. DeBeck,US,11,2023,60
A5029656020,Timothy Betts,US,97,2021,60
A5051311987,Josephine K. Boumis,US,253,2019,60
A5073237528,Mohamed Al-Badrashiny,US,59,2014,8
A5077304103,Heba Elfardy,US,139,2012,8
A5103532563,Ben King,US,72,2013,8
A5028459743,Jan Van den Bulck,US,425,2009,60
A5038882105,Elizabeth Dorrance Hall,US,82,2015,60
A5056173029,Kathleen Custers,BE,442,2009,60
A5082872358,Elisabeth Timmermans,NL,108,2016,60
A5088045488,Jenna McNallie,DE,125,2016,60
A5002602581,Hanan Aldarmaki,DK,38,2019,8
A5087364769,Saket Karve,US,37,2019,30
A5037438800,Damilola Omitaomu,Unknown,20,2022,30
A5058664952,Shabnam Tafreshi,US,58,2018,30
A5079039372,Johannes C. Eichstaedt,US,3873,2013,30
A5100706822,Tingting Liu,CN,76,2022,30
A5012873860,Scott J. Robson,CA,54,2008,60
A5050110483,Jordan Soliz,US,54,2008,60
A5110272957,James Olumide Olufowote,US,54,2008,60
A5111862709,Adrianne D. Kunkel,US,54,2008,60
A5101655847,Meina Liu,HK,174,2006,60
A5059848519,Shelley MacDermid Wadsworth,US,135,2011,60
A5065019171,Kathy M. Broniarczyk,US,43,2011,60
A5028450425,Garima Lalwani,US,30,2019,8
A5101949155,Peng Zhang,CN,157,2008,26
A5112464510,Arshit Gupta,HK,136,2019,8
A5000527050,Isabella Loaiza,US,24,2021,3
A5049009656,Samuel Heroy,US,24,2021,3
A5101898978,Neave O’Clery,GB,264,2019,3
A5017002069,Minglin Liu,CN,16,2022,59
A5038676203,Kangkang Wei,CN,16,2022,59
A5061133695,Weiqi Luo,CN,43,2018,59
A5024066633,Annett Heft,DE,15,2022,62
A5084458456,Kilian Buehling,DE,15,2022,62
A5004859694,Adrianne Kunkel,US,511,1994,60
A5014593783,Dalila Tabessi,US,51,2006,8
A5025999439,Ann Bies,US,134,2006,8
A5053026044,Mohamed Maamouri,TN,75,2006,8
A5062893665,Tim Buckwalter,US,63,2006,8
A5084517393,Nizar Habash,AE,623,2005,8
A5037985811,Christopher Hidey,US,203,2017,12
A5044176566,Or Levi,Unknown,27,2019,35
A5073231714,David A. Broniatowski,US,2066,2014,35
A5102885467,Pedram Hosseini,US,40,2019,35
A5031284201,Nicolò Cavalli,IT,14,2022,5
A5036032919,Douglas Guilbeault,US,633,2017,2
A5063325475,Natalie M. Gallagher,US,25,2019,34
A5068435349,Yan Leng,US,89,2016,26
A5108365460,Imed Zitouni,US,590,2010,14
A5086173474,Daniel Preoţiuc-Pietro,DK,2934,2013,30
A5000355552,Michael T. Compton,US,134,2016,8
A5035622491,Glen Coppersmith,US,3245,2010,35
A5060057841,Efsun Sarioglu Kayi,GB,40,2017,8
A5072614864,Luca Pauselli,US,134,2016,8
A5055398131,Peng Ding,CN,25,2018,5
A5023506004,Evan Morgan,GB,23,2019,17
A5001257783,Su Lin Blodgett,Unknown,1321,2016,33
A5019928111,Hal Daumé,US,2749,2010,33
A5074825066,Solon Barocas,GB,1511,2010,33
A5011974509,Marjan Ghazvininejad,DK,2344,2017,8
A5014126815,Paco Guzman,IL,20,2020,8
A5067919401,Luke Zettlemoyer,HK,19162,2005,8
A5068811427,Graham Neubig,US,2012,2016,8
A5110252779,Chunting Zhou,US,454,2017,8
A5112542984,Jiatao Gu,GB,1899,2016,8
A5041159779,Alexandra Balahur,BE,83,2018,30
A5056398585,Valentin Barrière,CL,18,2021,30
A5081335221,Orphée De Clercq,BE,95,2018,30
A5014647140,Aaron Clauset,US,19701,2004,33
A5048132210,Samuel F. Way,US,332,2015,33
A5072263832,Johan Ugander,US,1858,2011,12
A5018339380,Patricia E. Gettings,US,61,2014,60
A5034607533,Sajal Choudhary,DE,22,2017,30
A5066418567,Prerna Srivastava,Unknown,22,2017,30
A5051917159,Sawsan Alqahtani,SS,19,2019,8
A5084192031,Ajay Mishra,GB,19,2019,8
A5001987532,Mohit Bansal,US,671,2008,8
A5013096489,Peter Hase,DK,184,2020,8
A5030468199,Aslı Çelikyılmaz,US,988,2017,8
A5088004913,Srinivasan Iyer,IN,209,2013,8
A5091317839,Veselin Stoyanov,US,2917,2004,8
A5100607986,Xian Li,SG,15,2021,8
A5011588754,Nicholas LaBerge,US,11,2022,33
A5048181040,K. Hunter Wapman,US,11,2022,33
A5054519023,Allison C. Morgan,US,169,2017,33
A5055446394,Sam Zhang,US,65,2022,33
A5052872938,Hairong Feng,US,27,2007,60
A5057081817,Hye‐Ryeon Lee,US,220,2004,60
A5076110269,John Oetzel,NZ,84,2007,60
A5081089674,Lefki Anastasiou,Unknown,26,2009,60
A5100382756,Min‐Sun Kim,TW,57,2004,60
A5080785201,Yehonathan Nachmany,Unknown,18,2019,30
A5069309757,Mingnan Liu,CN,146,2015,4
A5081003257,Benjamin Valentino,GB,17,2016,17
A5000640743,Samantha Eddy,US,17,2020,61
A5026417874,Juliet B. Schor,US,134,1987,61
A5077883526,Mehmet Cansoy,US,34,2018,61
A5058475919,Milford B. Green,CA,74,2002,63
A5067902287,Sean O’Hagan,CA,102,2002,63
A5011834068,Deborah A. Cai,US,77,1998,60
A5043311616,Gregory M. Werner,US,34,1999,8
A5021275543,Kenona H. Southwell,US,77,2011,60
A5046496918,David Topp,US,31,2015,60
A5050374890,Michele Spoont,US,113,2009,60
A5002291618,Aous Mansouri,US,22,2007,8
A5017464054,Martha Palmer,SI,1818,1994,64
A5056239978,Christiane Fellbaum,US,306,2006,8
A5109477714,Sabri Elkateb,GB,22,2007,8
A5110824521,Musa Alkhalifa,ES,22,2007,8
A5082953212,Cosma Rohilla Shalizi,US,7139,2005,33
A5026461299,Linyong Nan,US,13,2020,8
A5058129004,Bohan Qu,CN,13,2020,8
A5109565051,Kathleen McKeown,US,4961,1993,12
A5043408615,Qiongwen Zhang,US,14,2012,58
A5085452065,Xin Wei,FR,14,2012,58
A5087248644,Lili Shang,CN,14,2012,58
A5090177139,Qinghua Ying,CN,14,2012,58
A5100337066,Jing Li,Unknown,14,2012,58
A5100444043,Lijuan Zhang,CN,14,2012,58
A5103581550,Mingming Zhang,CN,488,2012,58
A5105122540,Xuanyue Mao,CN,488,2012,58
A5018277917,J.D. DeFreese,US,13,2015,60
A5061851070,Felicia Roberts,US,13,2015,60
A5078024435,K. Andrew R. Richards,US,255,2014,37
A5005143928,Rebekah Pastor,US,13,2015,60
A5023546057,Arfath Pasha,US,11,2016,8
A5060898802,Wael Salloum,US,11,2016,8
A5060938475,Ramy Eskander,US,23,2013,8
A5088322521,Ben P. Cecil,CA,17,2007,63
A5050583907,John Sides,US,1850,2003,5
A5061244688,Mahmoud Ghoneim,EG,12,2013,8
A5012353027,Murray D. Rice,US,87,2008,63
A5112455282,Donald Lyons,IE,74,2009,63
A5024276156,Jill Inderstrodt‐Stephens,US,11,2018,60
A5038519060,Daniel M. Kamal,US,11,2018,60
A5057760462,Linda Hughes-Kirchubel,US,11,2018,60
A5025138176,Carma L. Bylund,US,67,2006,42
A5053778607,Javette Hayes,US,14,2006,60
A5065507959,Jessica J. Rack,US,254,2006,60
A5087443143,Andrew P. Herman,Unknown,14,2006,60
A5006672000,Heiko Rauhut,CH,1200,2009,10
A5061160911,Dirk Helbing,CH,7784,2000,10
A5070109368,Jan Lorenz,DE,1892,2008,10
A5055271621,Dougľas R. White,US,1132,2000,12
A5057002364,Didier Sornette,CN,4950,1994,10
A5066582682,Giorgio Fagiolo,IT,2111,2007,10
A5113823052,Fernando Vega‐Redondo,IT,1414,2002,10
A5037022569,Frank E. Walter,DE,543,2006,10
A5060046382,Stefano Battiston,CH,3435,2004,10
A5053083261,Gerald Kerth,DE,509,2001,10
A5065534219,Nicolas Perony,CH,686,2011,10
A5029882049,Scott A. Hale,GB,1374,2002,16
A5046126345,David Jurgens,US,1851,2004,8
A5056709899,Timo Hartman,DE,192,2019,8
A5058284930,Fabian Flöck,DE,678,2011,34
A5088658365,David Ifeoluwa Adelani,CA,192,2019,8
A5100371700,Zijian Wang,CN,192,2019,8
A5033989239,Arie Croitoru,US,1056,2005,10
A5049314735,Andrew Crooks,US,1816,2009,10
A5052809986,Peggy Agouris,US,356,2000,10
A5058029787,Ron Mahabir,GB,225,2018,10
A5070909466,Anthony Stefanidis,US,1648,2000,10
A5033831688,Alberto Acerbi,IT,1250,2007,11
A5072330860,Hugo Mercier,FR,759,2015,11
A5112865513,Sacha Altay,CH,767,2019,11
A5012407920,Joseph Stubbersfield,GB,349,2012,11
A5081285827,H. Haken,DE,248,1997,10
A5027819738,Peter D. Turney,US,7961,2003,8
A5033684482,Saif M. Mohammad,CA,3331,2007,8
A5049216983,Keith J. Holyoak,US,1772,1979,0
A5026278054,Daniele Vannella,IT,248,2013,8
A5026648049,Roberto Navigli,IT,1612,2006,8
A5038078162,Antonios Garas,CH,795,2008,10
A5067236162,Emre Sarigöl,US,233,2012,10
A5082884831,Ingo Scholtes,DE,751,2012,10
A5088776221,René Pfitzner,CH,238,2014,10
A5091017313,Mohammad Taher Pilehvar,GB,1284,2013,8
A5015467662,Claude Roux,AU,918,2004,65
A5039129530,Olivier Ribaux,CH,1369,1999,65
A5041898843,Eric Lock,CH,284,2009,65
A5067103124,Pierre Margot,CH,755,1999,65
A5072435082,Olivier Delémont,CH,432,2009,65
A5082353608,Christian Zingg,CH,249,2009,65
A5089020488,Amélie Baylon,CH,273,2009,65
A5010908695,Philip Garnett,GB,204,2012,11
A5018037817,R. Alexander Bentley,US,1182,2004,11
A5047344016,Vasileios Lampos,GB,1224,2013,11
A5039841997,Bruno Gonçalves,IT,7000,2008,14
A5077179813,Libby Hemphill,US,862,2012,55
A5025361608,Luke Breitfeller,US,111,2019,8
A5090594863,Emily P. Ahn,US,111,2019,8
A5080235124,Marcin Skowron,AT,290,2010,10
A5042049771,Christopher Costello,US,1323,2003,18
A5044448103,Michaela Clemence,US,104,2016,18
A5053964476,Steven D. Gaines,US,1498,2003,18
A5076235905,Matthew G. Burgess,US,420,2015,18
A5081209856,Grant R. McDermott,NO,159,2016,18
A5036651204,Roger A. Pielke,US,129,1997,18
A5049570488,Justin Ritchie,CA,95,2020,18
A5082033256,John Shapland,US,95,2020,18
A5007100156,Haji Mohammad Saleem,CA,283,2014,8
A5011964869,Hardik Vala,CA,93,2021,8
A5013034703,Caitrin Armstrong,US,108,2021,8
A5041513167,Derek Ruths,CA,436,2014,8
A5048848652,Jad Sassine,US,93,2021,8
A5073833749,Edward Newell,CA,124,2016,8
A5019394008,Jackson Sargent,US,93,2019,6
A5029283880,Taylor Denby,US,93,2019,6
A5039784085,Jane Im,US,138,2018,6
A5056057774,Paige Lighthammer,US,93,2019,6
A5060129312,Ankit Bhargava,US,93,2019,6
A5001319317,Yanbang Wang,US,159,2019,12
A5100455219,Pan Li,US,177,2020,12
A5100615324,Hongwei Wang,CN,838,2006,12
A5014394213,Xuechunzi Bai,US,251,2018,29
A5080791781,Susan T. Fiske,US,24607,1975,29
A5101722692,Miguel R. Ramos,GB,132,2020,61
A5021657086,Gandalf Nicolás,US,200,2017,29
A5063730953,Krist Vaesen,NL,61,2021,11
A5080210949,Olivier Morin,FR,141,2018,11
A5084707282,Pierre O. Jacquet,FR,105,2012,11
A5052080923,Xiuhua Ye,CN,56,2021,66
A5053592535,Zexin Li,CN,56,2021,66
A5089998951,Yanru Jiang,CN,56,2021,66
A5101958665,Li Xie,CN,56,2021,66
A5014876896,Leonardo Neves,BR,52,2022,8
A5016839661,Yozen Liu,US,84,2019,8
A5049055745,Jiaxin Pei,CN,78,2020,8
A5052759783,Maarten W. Bos,US,913,2010,8
A5100761450,Vítor Silva,PT,41,2022,8
A5102984496,Francesco Barbieri,US,89,2018,8
A5004638913,Udo Erdmann,DE,222,2000,10
A5038826362,W. Ebeling,DE,235,2000,10
A5090047753,L. Schimansky-Geier,DE,190,2000,10
A5036322121,Janusz A. Hołyst,PL,1076,2000,10
A5051692685,Krzysztof Kacperski,PL,244,2000,10
A5019269914,Tillmann Wagner,DE,120,2008,67
A5070544413,Pelin Bicen,US,413,2008,67
A5082964692,Zachary R. Hall,US,120,2008,67
A5038610735,Michael König,NL,241,2010,10
A5085703070,Mauro Napoletano,IT,1004,2007,10
A5045361309,Stephen Ingram,CA,175,2010,6
A5075221940,Jonathan Stray,US,92,2014,6
A5079916657,Tamara Munzner,CA,1369,2003,6
A5104038125,Matthew Brehmer,US,991,2013,6
A5000017075,Pavlin Mavrodiev,CH,922,2012,10
A5102024337,William H.A. Johnson,US,97,2012,67
A5054916490,Olivier Morin,FR,81,2016,11
A5027659421,Stefano Ghirlanda,SE,1644,1998,11
A5088882770,Magnus Enquist,SE,2001,1998,11
A5103053954,Raquel Álvarez-Urdiola,ES,72,2015,10
A5021631026,Daniele Casati,CH,69,2017,10
A5109840817,Harold Herzog,US,67,2014,11
A5034484072,Sreedhar Madhavaram,US,893,2006,67
A5079887059,Shelby D. Hunt,US,853,2006,67
A5057117497,Sherry Jueyu Wu,US,77,2018,33
A5053599373,Charlotte Olivia Brand,GB,193,2019,11
A5090760686,James McCorriston,CA,61,2021,8
A5003904836,Manon Berriche,FR,326,2019,11
A5065908408,Yunyu Liu,US,63,2021,12
A5100620216,Li Pan,CN,89,2021,12
A5103949075,Yen‐Yu Chang,JP,46,2021,12
A5028149208,Begonya García-Zapirain,ES,64,2021,68
A5034208573,Georgina Curto,US,33,2022,68
A5059834569,Flávio Comim,ES,33,2022,68
A5080108832,Mario Jojoa,ES,64,2021,68
A5008178092,Margaret Hegwood,US,40,2022,18
A5072646992,Ryan E. Langendorf,US,26,2022,18
A5100347295,C. Shu,CN,16,2023,8
A5100741900,Sagar Kumar,US,16,2023,8
A5101505324,Minje Choi,US,57,2020,24
A5021527359,Steven J. Davis,US,237,2021,18
A5022362463,Harry D. Saunders,US,14,2023,18
A5028843362,Pete Smith,GB,620,2013,18
A5079366194,Bojana Bajželj,SE,14,2023,18
A5092507251,Erin M. Costigliolo,US,14,2023,18
A5041492681,Alejandro Jaimes,Unknown,594,2011,24
A5108099462,Michael D. König,CH,63,2011,10
A5036831318,Arvid Kappas,CN,3656,1988,10
A5071698655,Dennis Küster,DE,156,2013,10
A5062380101,Simon Schweighofer,CN,101,2015,10
A5080369483,Uwe Serdült,JP,235,2012,10
A5082912418,Adiya Abisheva,CH,190,2014,10
A5049425648,Paul Ormerod,AU,274,2008,11
A5100371707,Zijian Wang,CN,68,2018,44
A5027449701,Jamshid J. Tehrani,GB,592,2005,11
A5042498493,Jeremy Kendal,GB,211,2006,46
A5011682322,Daniel Kaffine,US,139,2007,18
A5079383725,Akhil Rao,US,38,2020,18
A5022688200,Anne Lauscher,DE,53,2020,6
A5030687237,Sophie Johnson,GB,24,2022,6
A5037115259,Bailey Kuehl,US,91,2021,6
A5045815180,Brandon Ko,US,24,2022,6
A5064858748,Arman Cohan,US,425,2019,6
A5007832173,Aarshee Mishra,GB,24,2022,14
A5014459778,Nicholas Perello,US,24,2022,14
A5022489629,Jian Zhu,CN,55,2019,8
A5100438374,Cong Zhang,CN,21,2022,8
A5013780395,Fereydoon Family,US,370,1982,10
A5111542593,Kenneth Lao,US,97,1997,10
A5047421458,Jürn W. P. Schmelzer,DE,151,1988,10
A5113506528,Reinhard Mahnke,DE,81,1988,10
A5114033150,Heinz Ulbricht,DE,81,1988,10
A5020270223,Claudio J. Tessone,CH,1428,2004,10
A5011413564,Fernando Mendez,CH,178,2012,10
A5012765936,Nis S. Jacobsen,DK,124,2015,18
A5036148107,Ken H. Andersen,DK,343,2009,18
A5049217362,Florian Diekert,DE,60,2011,18
A5051044679,Marcelo Serrano Zanetti,BR,98,2012,10
A5058287380,Patrick Groeber,CH,148,2007,10
A5076324337,Rebekka Burkholz,DE,74,2015,10
A5113931908,Matt V. Leduc,US,65,2015,10
A5050037591,Claudio Tennie,DE,103,2012,11
A5005410642,Lauren Haynes,US,71,2016,18
A5013485569,Joe Walsh,US,39,2016,18
A5066883909,Julian Katz-Samuels,US,39,2016,18
A5076464311,Derek Willis,GB,39,2016,18
A5077490518,Eugenia Giraudy,IL,78,2016,18
A5081839926,Rayid Ghani,US,548,2001,18
A5001019377,Junjie Wu,CN,334,2001,8
A5019686322,Jiajun Bao,US,26,2021,8
A5100395392,Yiming Zhang,CN,64,2021,8
A5001238720,Kerstin Press,CH,51,2009,10
A5043407526,Mahir Yıldırım,TR,44,2011,10
A5003220678,Mario V. Tomasello,CH,70,2014,10
A5031799782,Nicola Perra,GB,4660,2009,14
A5002740896,Daniel B. M. Haun,DE,664,2012,11
A5009636127,Edwin J. C. van Leeuwen,NL,553,2012,11
A5033477758,Naveen Gudigantala,NO,33,2016,67
A5037398760,Mike Eom,US,33,2016,67
A5000454719,Tiago Oliveira Cunha,DK,177,2016,9
A5064158757,Daniel M. Romero,US,3266,2008,12
A5079270249,Chenhao Tan,US,1878,2010,12
A5013788122,Christian Zingg,CH,27,2020,10
A5090343284,Vahan Nanumyan,CH,27,2020,10
A5065854593,Naitian Zhou,US,27,2020,8
A5043392679,Dylan Baker,US,62,2021,8
A5100670911,Sayan Ghosh,US,76,2020,8
A5077079119,Thomas L. Griffiths,US,26853,2000,0
A5024407452,Robert L. Mach,AT,50,2006,10
A5074632640,Paolo Tasca,GB,900,2012,10
A5020076556,Hazel Rose Markus,US,714,1982,12
A5052244076,Alia J. Crum,US,771,2007,12
A5089457793,Bradley P. Turnwald,US,146,2018,12
A5112609848,Margaret Perry,AU,13,2022,12
A5004822730,Lisa-Angelique Lim,AU,251,2019,30
A5011856840,Ziwen Han,CA,13,2022,30
A5038687622,Anna N. Rafferty,US,912,2008,0
A5047964559,Andrew Petersen,CA,80,2015,30
A5049977968,Hammad Shaikh,PK,13,2022,30
A5069128937,Qi Yin Zheng,CA,13,2022,30
A5069503439,Angela Zavaleta Bernuy,CA,13,2022,30
A5101754106,Domenico Parisi,US,1204,1990,11
A5060065053,Keith Stevens,US,46,2009,8
A5063161038,Barbara König,AT,306,2001,10
A5000646181,Una-May O’Reilly,US,258,2012,12
A5042705542,Erik Hemberg,US,258,2012,12
A5060882020,Mucong Ding,US,42,2019,12
A5045158153,Helena Miton,US,300,2015,11
A5083601801,Mathieu Charbonneau,CA,101,2018,11
A5086740118,Thom Scott‐Phillips,AT,108,2016,11
A5010951581,Elliot Aguilar,US,17,2021,11
A5052969911,Fredrik Jansson,SE,182,2015,11
A5018430213,Alessandro Peri,US,17,2021,18
A5037113997,Amanda R. Carrico,US,665,2013,18
A5065867207,Steve Vanderheiden,US,17,2021,18
A5033163710,Georges Andres,CH,12,2022,10
A5053729438,Jörg Zimmermann,DE,45,2002,10
A5087034463,Heinz Mühlenbein,DE,45,2002,10
A5009434750,Riley Crane,US,1119,2008,10
A5050129252,David Martin-Borregon,ES,22,2014,24
A5076204770,Ricardo Baeza‐Yates,US,2397,1996,14
A5021550903,Amanda D. Webber,GB,18,2020,11
A5030139784,Russell A. Mittermeier,CH,18,2020,11
A5043675492,Gráinne McCabe,Unknown,18,2020,11
A5058703873,Daphné Kerhoas,DE,18,2020,11
A5081371528,Christoph Schwitzer,Unknown,18,2020,11
A5033952401,Chongyang Bai,CN,51,2019,12
A5100455171,Pan Li,BD,15,2021,12
A5025155925,Ajay Patel,US,11,2022,8
A5045077843,Colin Raffel,US,5295,2018,8
A5085287152,Bryan Li,US,11,2022,8
A5087104756,Mohammad Sadegh Rasooli,IR,11,2022,8
A5090701958,Noah Constant,US,253,2009,8
A5058972647,Jens Steinbrink,ES,43,1998,10
A5033900240,Debra A. Laverie,US,69,2008,67
A5077285926,Ángel Sánchez,ES,1899,1994,10
A5040785073,Osman Başkaya,TR,64,2013,8
A5066537492,Tamas Krivachy,CH,16,2020,10
A5014921173,Inhan Kim,KR,49,2011,69
A5074392155,Jungsik Choi,KR,49,2011,69
A5035926144,Damian J. Ruck,US,207,2017,11
A5054543322,Daniel J. Hruschka,US,983,2005,11
A5072652415,Thomas Fent,AT,113,2006,9
A5022836666,Stefano Nolfi,IT,1779,1990,11
A5102421092,Suzilawati Kamarudin,SA,16,2012,67
A5064680425,Beniamino Guerra,CH,53,2010,10
A5015542962,Francesco Pugliese,IT,15,2015,11
A5027259197,‎Davide Marocco,IT,346,2001,11
A5009027881,Thomas J. H. Morgan,US,373,2015,11
A5013841168,Kevin R. McKee,GB,96,2020,52
A5029395763,MeiXing Dong,US,13,2019,8
A5033317835,Mahmoudreza Babaei,DE,231,2012,9
A5037473201,Isabel Valera,DE,2446,2012,9
A5042180520,Manuel Gomez-Rodriguez,DE,3169,2010,9
A5067688305,Krishna P. Gummadi,DE,13952,2006,9
A5100456311,Yan Zhang,CN,48,2016,10
A5065056581,Laxmidhar Behera,IN,12,2012,10
A5014452770,Milovan Šuvakov,US,166,2012,10
A5036485959,Bosiljka Tadić,RS,416,2009,10
A5102885436,Yan Zhang,CN,11,2019,10
A5072087135,David Garcia Becerra,CH,12,2010,10
A5051490260,Robert Pless,US,614,2004,44
A5084608328,Charles L. Nunn,US,343,2001,11
A5101449743,Patrick McNamara,US,76,2001,11
A5063301624,J. Bartels,DE,70,1990,10
A5073544378,Luı́s A. Nunes Amaral,US,13948,1996,10
A5074855536,Roger Guimerà,ES,6038,2001,10
A5025801291,Fredrik Liljeros,SE,3089,2001,10
A5037975948,H. Eugene Stanley,US,35674,1977,10
A5044369270,Christofer Edling,SE,2213,2001,10
A5090746944,Yvonne Åberg,SE,1388,2001,10
A5031343625,Hend Farouh,EG,1089,2011,71
A5050972850,Patrizia Lombardi,IT,1399,2001,71
A5059509038,Silvia Giordano,IT,1089,2011,71
A5064267619,Wael Yousef,EG,963,2012,71
A5017857623,Martin Meyer,FI,3828,1993,10
A5064232096,Parameswaran Gopikrishnan,US,6309,1998,10
A5065564478,Vasiliki Plerou,US,4992,1999,10
A5007451134,Heiko Leschhorn,DE,1187,1996,10
A5033508527,Sergey V. Buldyrev,US,11337,1994,10
A5045892894,Michael A. Salinger,US,1721,1995,10
A5053367892,Philipp Maass,DE,1477,1993,10
A5062533209,M. H. R. Stanley,US,1639,1995,10
A5090303125,Shlomo Havlin,IL,13559,1982,10
A5007407500,Marta Sales‐Pardo,ES,1739,2006,10
A5106482033,André A. Moreira,BR,679,2005,10
A5002384334,Andrew M. Gordon,US,5923,1984,56
A5014983338,Roland S. Johansson,SE,5988,1984,56
A5042984766,Hans Forssberg,SE,2030,1991,56
A5112387134,G. Westling,SE,4660,1984,56
A5011617106,Peter Rosenbaum,CA,3515,2001,56
A5027880541,Peter H. Wilson,AU,1155,1998,56
A5039967008,Christine Imms,AU,1374,2007,56
A5055775420,Mats Granlund,SE,1220,2011,56
A5087850511,Bert Steenbergen,NL,1682,2006,56
A5113542197,Kelly J. Cole,US,1064,1992,56
A5007769598,Joshua S. Waitzman,US,345,2010,10
A5018639039,Jordi Duch,ES,836,2010,10
A5026899448,Joseph DeGutis,US,359,2020,17
A5014772457,Xiao Han T. Zeng,US,433,2012,10
A5014791727,Teresa K. Woodruff,US,232,2012,10
A5048471401,Filippo Radicchi,US,1755,2009,14
A5080534910,Shayna Otis,US,232,2012,10
A5008805047,Martin Gerlach,US,438,2016,10
A5055069715,Beatrice Farb,US,190,2018,10
A5073712639,William Revelle,US,321,1985,10
A5029821479,Salvatore Giorgi,US,760,2016,30
A5041710385,Margaret L. Kern,AU,4135,2008,30
A5046253607,H. Andrew Schwartz,US,3943,2013,30
A5098943448,Sahar Baribi-Bartov,IL,13,2024,17
A5007317974,David Canning,US,699,1998,10
A5114626700,Youngki Lee,KR,289,1998,10
A5016845349,Daniel B. Stouffer,NZ,724,2005,10
A5047811890,J. Camacho,ES,248,2000,10
A5079546168,Carla A. Ng,US,213,2005,10
A5067166223,Ann‐Christin Eliasson,SE,4634,1991,56
A5101483872,Hiroshi Kinoshita,JP,339,1992,56
A5022105203,R. Dean Malmgren,US,291,2008,10
A5046024794,Andriana S. L. O. Campanharo,BR,188,2009,10
A5041539208,Michael J. Stringer,US,1407,2008,10
A5004308549,Eugène Rameckers,BE,151,2013,56
A5016164716,Hilde Feys,BE,1047,2008,56
A5035768079,Pauline Aarts,NL,438,2009,56
A5063904149,Lena Krumlinde‐Sundholm,SE,4101,2003,56
A5073826086,Katrijn Klingels,BE,1037,2008,56
A5080394313,Brian Hoare,AU,269,2009,56
A5086295164,Ilona Autti‐Rämö,FI,113,2013,56
A5110186983,Ann Christin Eliasson,SE,113,2013,56
A5010646067,Sharath Chandra Guntuku,US,2139,2014,30
A5010511810,Jaeho Cho,KR,1905,2003,30
A5042133242,Saifuddin Ahmed,SG,559,2014,30
A5026873065,Marko M. Škorić,HK,542,2005,30
A5050101991,Martin Hilbert,US,838,2003,30
A5047143966,Nicholas Miklaucic,US,41,2022,17
A5005962310,Matthew Kopec,US,40,2022,17
A5034852954,Jessica Montgomery Polny,US,40,2022,17
A5040161981,Garrett Morrow,US,40,2022,17
A5042644425,Piyush Ghasiya,JP,39,2022,6
A5046036512,Kazutoshi Sasahara,JP,466,2004,14
A5079213654,Dilrukshi Gamage,JP,203,2015,6
A5107151226,Vamshi Bonagiri,IN,39,2022,6
A5005228286,Robert Donnelly,US,93,2018,33
A5040363610,Ilya Morozov,US,60,2021,33
A5090271895,Ayush Kanodia,IN,58,2020,33
A5030409860,Chung-Chuan Lo,TW,614,2002,10
A5058492122,Thomas Penzel,DE,2154,1987,10
A5075293581,Plamen Ch. Ivanov,US,1737,2000,10
A5108442932,J. H. Peter,DE,321,1987,10
A5113310034,Y Lee,US,314,1998,10
A5020122979,Bernd Rosenow,DE,522,2000,10
A5006062237,Susan Duff,US,1078,1999,56
A5100693708,Yang Liu,CN,289,1999,10
A5069579613,Xavier Gabaix,US,3414,2000,10
A5031706839,Iran Salimi,US,214,2000,56
A5054910973,Ian Hollender,US,136,2000,56
A5071093721,Wendy Frazier,US,214,2000,56
A5110088216,Ann‐Chnstin Eliasson,SE,135,1995,56
A5000991643,John W. Krakauer,US,1664,2005,56
A5019962521,Preeti Raghavan,US,288,2005,56
A5024992097,Marco Santello,IT,3430,1998,56
A5008033989,Cristopher Moore,US,11175,2000,33
A5026230453,Samuel V. Scarpino,MX,288,2015,28
A5112033181,Munik Shrestha,US,480,2012,33
A5027136376,Antoine Allard,CA,674,2009,28
A5035455593,Laurent Hébert‐Dufresne,US,625,2010,28
A5029185201,Kathleen M. Friel,US,146,2015,56
A5030367102,Yannick Bleyenheuft,BE,134,2015,56
A5052729294,Julie Paradis,BE,89,2016,56
A5069561626,Daniela Ebner‐Karestinos,CL,101,2016,56
A5080907943,Rodrigo Araneda,CL,101,2016,56
A5084875865,Geoffroy Saussez,BE,82,2017,56
A5026432396,Ekaterina Damer,GB,966,2021,33
A5074640940,Eyal Peer,IL,966,2021,33
A5043657584,Ullrich K. H. Ecker,AU,7963,2010,4
A5074483230,Caitlin X. M. Sharkey,AU,14,2023,17
A5110254834,Shlomo Havlin,IL,1750,1997,10
A5022264514,D. Flament,US,728,1995,56
A5054800712,Kâmil Uǧurbil,US,752,1996,56
A5068920211,Joong Hee Lee,RU,114,1998,56
A5080137149,Timothy J. Ebner,US,866,1995,56
A5016146922,Jeanne Charles,US,417,1999,56
A5031056767,Amy Hagopian,US,349,2003,72
A5045828406,Matthew Thompson,US,162,2003,72
A5066443671,Meredith A. Fordyce,US,144,2009,72
A5111946431,L. Gary Hart,US,218,2003,72
A5002342230,Tara L. McIsaac,US,369,2007,56
A5076403856,Gudrun Diermayr,DE,96,2010,56
A5013088192,Qiushi Fu,US,484,2010,56
A5100756634,Wei Zhang,CN,212,1996,56
A5004734371,Lucía Medina Gómez,MX,80,2010,10
A5050932651,Uri Wilensky,US,218,2010,10
A5070281450,H. Petry,US,80,2010,10
A5072606974,Spiro Maroulis,US,251,2010,10
A5081429241,Jake M. Hofman,Unknown,5066,2009,33
A5009404760,Peter Nijkamp,RO,5436,1982,71
A5011948463,Andrea Caragliu,IT,4827,2009,71
A5067676644,Karima Kourtit,NL,1267,2009,71
A5089839147,Chiara Del Bo,IT,3648,2009,71
A5113712540,Mark Deakin,GB,866,2001,71
A5011016097,Igor Holas,US,61,2015,28
A5055505650,Paul T. von Hippel,US,61,2015,28
A5010958766,Justine Joan Sheppard,US,68,2016,56
A5016855979,Georgia A. Malandraki,US,68,2016,56
A5087794429,Çagla Kantarcigil,US,53,2016,56
A5100374944,Jing Liu,CN,46,2020,30
A5051059475,Thomas Staubitz,DE,38,2021,6
A5011899252,Ayanna K. Thomas,US,25,2022,17
A5080221742,Mitch Dobbs,US,25,2022,17
A5007682772,Vanessa Bowden,AU,23,2022,4
A5087127405,Jasmyne A. Sanderson,AU,77,2021,4
A5018729691,Jennie E. Brand,US,23,2022,33
A5020846103,Nanum Jeon,US,23,2022,33
A5071725999,Ian Lundberg,US,259,2019,33
A5013389509,Asli Ebru Şanlıtürk,DE,12,2023,9
A5028701322,Maciej J. Dańko,DE,12,2023,9
A5033208803,Tom Theile,DE,23,2020,9
A5067953991,Aliakbar Akbaritabar,DE,184,2014,9
A5086453253,Emilio Zagheni,DE,2118,2007,9
A5010782062,Toby Prike,AU,122,2021,4
A5052122068,Phoebe Blackley,AU,11,2023,4
A5104032267,Páll Ingvarsson,IS,177,1997,56
A5030072180,Ralf Reilmann,DE,297,2000,56
A5031633593,Lori Quinn,US,447,1997,56
A5108387150,Karen Marder,US,269,2000,56
A5078420646,Electra Petra,US,76,2005,56
A5022326722,Julius Verrel,DE,69,2007,56
A5034296847,Dawn M. Nilsen,US,198,2003,56
A5081128712,Theresa DiRusso,US,56,2012,56
A5103818774,Glen Gillen,US,156,2012,56
A5032220498,Jin‐Cheon Na,SG,247,2011,30
A5075257716,Christopher S. G. Khoo,SG,192,1994,30
A5012272139,Emily Bancroft,US,53,2010,72
A5034100556,Pamela McQuide,US,53,2010,72
A5041739811,John Ndiku,UG,53,2010,72
A5110073826,Sam Luboga,UG,53,2010,72
A5067764231,João A. G. Moreira,US,136,2012,5
A5042301630,Max Wasserman,US,72,2014,10
A5016814190,A. L. Jennings,US,41,2017,10
A5023788462,Adam J. Hockenberry,US,60,2017,10
A5084313902,Adam R. Pah,US,106,2014,10
A5084641844,John Hagan,US,80,2013,10
A5087453695,K. Albrecht,DE,41,2017,10
A5101811234,Anuj Jain,IN,41,2017,10
A5002362611,M. M. Faruque Hasan,BD,104,2019,26
A5016819382,Manali S. Zantye,US,104,2019,26
A5075314395,Akhil Arora,US,56,2019,26
A5001211242,Susan Athey,US,12897,1995,33
A5060910634,Erik Sverdrup,AU,73,2020,33
A5088606320,Zhengyuan Zhou,US,1112,2014,33
A5089493027,Stefan Wager,US,3754,2016,33
A5008036750,Indika Perera,LK,124,2015,6
A5060391140,Shantha Fernando,LK,77,2015,6
A5014358775,Lucy H. Butler,US,95,2020,4
A5085938112,John Cook,AU,4821,2012,4
A5055235277,Julio M. Ottino,US,68,2004,10
A5065016171,Kaushik Matia,US,790,2001,10
A5086278261,Stephen P. Goodwin,Unknown,66,2002,10
A5073272632,E. N. Sawardecker,US,50,2008,10
A5053643910,Jamie R. Lukos,US,351,2007,56
A5057989596,Caterina Ansuini,IT,507,2005,56
A5076235454,Céline Crajé,QA,197,2007,56
A5016902143,Joshua I. Glaser,US,510,2014,30
A5039509731,Curtis H. Weiss,US,52,2014,10
A5040669754,Richard G. Wunderink,US,37,2014,10
A5044580357,Julia Poncela-Casasnovas,ES,858,2007,10
A5071089830,Stephen D. Persell,US,142,2014,10
A5103358608,David W. Baker,US,37,2014,10
A5059430592,Gen Takagi,JP,91,2018,73
A5081231589,Koubun Wakashima,JP,91,2018,73
A5102845677,Kenji Yokotani,JP,52,2018,73
A5045539382,Muthu Kumar Chandrasekaran,US,201,2015,30
A5066305082,Min‐Yen Kan,GB,545,2005,30
A5113795994,Sajal Rustagi,GB,34,2017,30
A5018142599,Joseph P. Dutkowsky,US,120,2001,56
A5024767716,Tatiana Luna,US,27,2020,56
A5029258835,Victor Santamaria,US,55,2017,56
A5066608996,Sunil K. Agrawal,US,126,2017,56
A5072200429,Jiyeon Kang,US,107,2017,56
A5072340987,Moiz Khan,US,55,2017,56
A5111844927,H. Henningsen,DE,106,1995,56
A5113597702,JohnF. Soechting,US,65,1995,56
A5103408332,P�ll E. Ingvarsson,SE,64,2000,56
A5109998089,Nobuaki Iwasaki,JP,64,2000,56
A5036482987,Ely Rabin,US,143,2004,56
A5086518315,Ya‐Ching Hung,US,82,2008,56
A5068182184,Andrea Baronchelli,GB,3380,2005,14
A5042294615,Mark Jesunathadas,US,114,2010,56
A5053766700,Jason Y. Choi,US,72,2013,56
A5084275383,Konner Scott,US,29,2014,10
A5040518934,Sylvie Hautfenne,BE,28,2015,56
A5052861873,Hsing‐Ching Kuo,US,28,2015,56
A5081257052,Aline Henrionnet,BE,28,2015,56
A5011555701,Brian M. Bradley,US,28,2017,56
A5038761649,Skyler B. Johnson,US,23,2020,17
A5101901313,John Peterson,US,23,2020,17
A5015009082,Ebtisam Alabdulqader,SA,14,2022,6
A5027521165,Shaowen Bardzell,US,488,2011,6
A5033944244,Nadia Campo Woytuk,SE,145,2019,6
A5035143698,Simran Chopra,DE,14,2022,6
A5042751072,Heather McKinnon,AU,14,2022,6
A5049008235,Marie Louise Juul Søndergaard,NO,265,2017,6
A5050974623,Heike Winschiers‐Theophilus,Unknown,617,2010,6
A5090105917,Gopinaath Kannabiran,US,145,2011,6
A5087495619,Ashwini K. Rao,CA,193,2001,56
A5005986134,Benjamin H. Natelson,US,124,2003,10
A5023375145,Kyoko Ohashi,US,121,2003,10
A5087660235,Yoshiharu Yamamoto,JP,231,2001,10
A5002834282,David Α. Rosenbaum,US,189,1984,56
A5024091377,Albrecht W. Inhoff,US,495,1984,56
A5085037920,Jane A. Campbell,GB,66,1984,56
A5034321268,Daniel Diermeier,US,93,2008,10
A5035382643,Thomas A. Rietz,US,33,2009,10
A5089110902,Saikat Ray Majumder,US,33,2009,10
A5020417588,Gilbert Burnham,US,1219,2004,72
A5039903132,Megan Cherewick,US,52,2015,72
A5046993765,Barclay T. Stewart,US,58,2015,72
A5059188751,Lindsay P. Galway,CA,26,2015,72
A5068601516,Sahar Al-Shatari,IQ,38,2015,72
A5071702094,Adam L. Kushner,US,58,2015,72
A5073033840,Riyadh Lafta,IQ,1219,2004,72
A5068478917,Sarah R Lewis,US,93,2002,56
A5013859294,Maria I. Grigos,US,41,2005,56
A5066146725,John H. Saxman,US,54,2005,56
A5005030378,Timothy H. Keitt,US,560,1996,10
A5063743048,Lisa M. Muratori,US,514,2007,56
A5050244448,Sandra Y. Okita,US,116,2007,6
A5025482201,Talia R. Kahn,US,28,2010,72
A5112344640,Karin Johnson,US,28,2010,72
A5005898634,Michihiro Yasunaga,US,767,2018,8
A5003055239,M. Irmak Sirer,US,161,2015,10
A5075507724,Jianping Li,SE,43,2014,26
A5034083441,Bert Stover,US,20,2019,72
A5042664475,Valerie Shmigol,US,20,2019,72
A5050183311,M Futrell,US,20,2019,72
A5064557955,Jessica Mogk,US,20,2019,72
A5057690689,Rob Smeets,NL,190,2013,56
A5070247459,Koen J F M Dekkers,NL,19,2019,56
A5089359188,Eugène Rameckers,NL,118,2013,56
A5110462704,Lucianne Speth,NL,31,2013,56
A5112368021,Yvonne Janssen‐Potten,NL,190,2013,56
A5042875940,Nathan Aguirre,US,19,2019,10
A5007524939,Emily Kaltenbach,US,74,2003,72
A5084493872,Antonino Casabona,IT,60,1994,56
A5113651895,John F. Soechting,US,2117,1994,56
A5107841407,Matthew Thompson,AU,36,2004,72
A5002261998,Mark Feinstein,US,449,1987,56
A5033109823,Neil Stillings,US,449,1987,56
A5033717768,Terry R. Kaminski,US,310,1986,56
A5081024380,Michael J. Majsak,US,28,2007,56
A5109215611,A. M. Gentile,IT,260,1986,56
A5043272364,Cécile Grobet,CH,26,2008,56
A5071438849,Chris J. Hass,US,26,2008,56
A5083238529,Priska Gysin,US,39,2008,56
A5114236947,Msd Fernando,LK,20,2017,6
A5034899910,Trevor Lee-Miller,US,59,2015,56
A5072643242,Michelle Marneweck,US,67,2015,56
A5023899704,Sophia S. Liu,US,19,2018,10
A5059800162,Michael C. Jewett,US,19,2018,10
A5011595237,Rachel Davis Mersey,US,65,2012,10
A5048982944,Sarath Sanga,US,16,2020,10
A5049020612,Zachary D. Clopton,PH,16,2020,10
A5076938565,Peter DiCola,US,16,2020,10
A5101427595,David L. Schwartz,US,16,2020,10
A5109406876,Charlotte S. Alexander,US,16,2020,10
A5114000097,Kristian J. Hammond,US,161,1991,10
A5056399330,Gail Lavinder,US,35,2001,56
A5027684619,Henk F. Moed,IT,453,1993,10
A5059741860,Marc Luwel,NL,453,1993,10
A5054833182,Jane X. Wang,GB,2339,2013,52
A5065894208,James Bartolotti,US,19,2013,52
A5082386973,James R. Booth,US,106,2003,52
A5070357086,Eugene R. Henderson,US,18,2012,56
A5071539776,Leslie Valte,US,18,2012,56
A5072051365,Frida Akbasheva,US,18,2012,56
A5088670770,Wei Shan Ke,US,18,2012,56
A5004866198,Richard I. Morimoto,US,31,2016,10
A5074466887,Peter B. Winter,US,31,2016,10
A5076035091,Luiz G. A. Alves,BR,544,2013,10
A5087383958,Renée M. Brielmann,US,31,2016,10
A5087656937,Leonardo N. Ferreira,GB,17,2017,10
A5000012096,Marina B. Brandão,BR,17,2017,56
A5002664218,Annu Prabhakar,US,48,2017,6
A5003700537,Cuauhtémoc Rivera Loaiza,MX,43,2004,6
A5015248532,Mario Alberto Moreno Rocha,MX,15,2020,6
A5023726537,Dina Sabie,CA,110,2019,6
A5053796170,Vikram Kamath Cannanure,DE,91,2018,6
A5065221447,Christian Sturm,DE,30,2017,6
A5077761425,Md. Moinuddin Bhuiyan,CA,15,2020,6
A5079075748,Jane H. Lee,US,14,2020,30
A5102370806,Zhengyi Luo,US,14,2020,30
A5027588100,Àlex Arenas,ES,8904,1995,10
A5028347915,Albert Dı́az-Guilera,ES,5096,1995,10
A5042719246,D. Streib,Unknown,28,2002,10
A5060808008,X. Guardiola,ES,185,2000,10
A5110171330,Gudrun Diemayr,US,18,2010,56
A5112858810,Frédéric Albert,FR,18,2010,56
A5039216246,Haroldo V. Ribeiro,BR,1300,2010,10
A5043332827,R. S. Mendes,BR,1122,2001,10
A5060481487,E. K. Lenzi,BR,1456,2001,10
A5083780035,Marcelo del Castillo‐Mussot,MX,15,2013,10
A5048189513,Darcy Fehlings,CA,55,2014,56
A5052227423,Keiko Shikako‐Thomas,CA,499,2008,56
A5054685592,Manon Germain,CA,15,2017,56
A5058731366,Annette Majnemer,CA,549,2001,56
A5113446623,D. G. Maynard,CA,15,2017,56
A5001837470,Elisabeth Knelange,ES,14,2015,56
A5035750485,Andreia Teixeira‐Castro,PT,14,2016,10
A5039936615,Nicholas P. Timkovich,US,14,2016,10
A5053853741,Helio T. Navarro,US,14,2016,10
A5032892466,Yingxi Zhao,GB,14,2019,72
A5055212893,Abraham D. Flaxman,US,699,2005,72
A5050222178,Evan Williams,US,26,2020,8
A5060932004,Valerie Novak,US,26,2020,8
A5091902196,Paul Rodrigues,SA,53,2011,8
A5006523738,Rosalie Hooi,SG,11,2021,30
A5021999099,Vivian Hsueh Hua Chen,NL,149,2011,30
A5025014644,Arul Chib,NL,131,2011,30
A5006995483,Anna Maria Pletz,US,13,2014,72
A5025196041,Aaron Katz,US,13,2014,72
A5070380054,Katherine Marie Acker,US,13,2014,72
A5086739784,Daniel Rieman,US,45,2017,30
A5054330516,Kathy Barker,US,13,2017,72
A5070541195,Thejan Rajapakshe,AU,13,2017,6
A5079553919,Haritha Thilakarathne,AU,13,2017,6
A5032062810,Isabel Diersen,Unknown,12,2019,10
A5043450042,Doug Downey,US,3307,2007,8
A5081720397,Hanyu Shi,CN,12,2019,10
A5004207891,Saranzaya Magsarjav,AU,12,2020,28
A5027450101,Tobin South,US,12,2020,28
A5055805371,Lewis Mitchell,AU,1425,2013,28
A5060874650,Tyson Charles Pond,US,12,2020,28
A5062403203,James P. Bagrow,US,3310,2009,28
A5049359232,Benjamin M. Althouse,US,878,2008,35
A5017770962,Andrea Miranda-González,US,11,2020,9
A5067809445,Samin Aref,CA,75,2019,9
A5003434169,Sandeep B Prabhu,US,13,2011,56
A5033632230,Philipp Mayr,DE,88,2017,30
A5047618628,Guillaume Cabanac,FR,12,2017,30
A5069171976,Dietmar Wolfram,US,346,2014,30
A5090419459,Ingo Frommholz,GB,36,2010,30
A5004920788,Niyati Chhaya,US,43,2018,30
A5020127239,Tanya Goyal,IN,59,2018,30
A5027336500,Saran Mumick,US,34,2019,30
A5100741130,Wei Zhang,CA,11,2011,56
A5070255529,K. B. Lauritsen,DK,19,1996,10
A5000197710,Emily deRiel,US,11,2009,72
A5077194001,Jirair Ratevosian,US,11,2009,72
A5089371738,S. M.D. Seaver,US,11,2008,10
A5067507201,Y. Liu,US,19,1999,10
A5075079405,Pierre Cizeau,FR,982,1997,10
A5101750777,Chung‐Kang Peng,CN,1594,1997,10
A5045942352,Bettina Ende-Henningsen,DE,41,1995,56
A5015610778,Eric M. Lamberg,US,428,2003,56
A5056276434,Jason H. Mateika,US,11,2003,56
A5062293839,Lance Cherry,US,11,2003,56
A5043375255,Robert W. Christina,US,11,1991,56
A5065503150,G. Lenz,BR,3865,2012,17
A5065660380,Gregory A. Huber,US,6833,2007,17
A5027411355,Alexandrin Popescul,US,1990,2002,30
A5068071252,Andrew I. Schein,US,1691,2002,30
A5106235930,David M. Pennock,NL,3551,1999,33
A5052014576,Brian Knutson,US,5812,1998,29
A5054796171,Helene H. Fung,HK,2614,2001,29
A5082558628,Jeanne L. Tsai,US,3273,1997,29
A5024523395,Michael Sances,US,881,2013,5
A5056226085,Michele F. Margolis,US,907,2011,5
A5009790614,Carina Götestam Skorpen,NO,766,1997,29
A5013877031,Angie Y. C. Hsu,US,766,1997,29
A5019435167,Monisha Pasupathi,US,1236,1997,29
A5030956489,Laura L. Carstensen,US,4635,1997,29
A5002985172,Bryan He,US,778,2016,6
A5013097792,Vivek Kulkarni,US,1963,2014,30
A5080959605,Sebastian Munoz-Najar Galvez,US,827,2019,12
A5004868515,David Stillwell,GB,9233,2011,30
A5040448723,Michał Kosiński,US,9942,2011,30
A5064981523,Martin E. P. Seligman,US,2297,2007,30
A5078039434,Gregory Park,US,1527,2013,30
A5060219657,John Lafferty,US,1689,1997,55
A5060963011,Adam Berger,US,1399,1997,55
A5064910304,Doug Beeferman,US,790,1997,55
A5018783452,Patrick Crutchley,US,1307,2016,30
A5040185719,David A. Asch,US,2922,2003,30
A5047296614,Robert J. Smith,US,673,2015,30
A5083007909,Raina M. Merchant,US,3057,2013,30
A5039486115,David B. Yaden,US,1201,2016,30
A5101795658,Reuben J. Thomas,US,833,2006,12
A5001013242,Skye Bender‐deMoll,US,494,2005,12
A5029191515,James Moody,US,2615,1999,12
A5019564851,Linus Dahlander,DE,891,2013,12
A5052823400,Donald R. Kinder,US,2275,1978,17
A5017489905,Jeffrey A. Smith,CA,723,2013,12
A5041320677,David K. Diehl,US,460,2010,12
A5103118624,Gabriel Lenz,US,1111,2010,5
A5022691777,Daniel J. Hopkins,NZ,3711,2007,17
A5100346542,Ye Liu,CN,290,2017,30
A5112767220,Dean P. Foster,DE,1241,1998,30
A5015128745,Maarten Sap,US,3902,2014,8
A5003121162,Amir Goldberg,US,658,2015,12
A5064053881,Kevin Lewis,US,1984,2008,5
A5101780067,Laura Smith,US,294,2016,30
A5011342505,Liu Leqi,US,206,2019,30
A5040586608,Zahra Riahi Samani,US,232,2018,30
A5069768247,Mohsen Ebrahimi Moghaddam,IR,232,2018,30
A5002360271,Jin Jiang,CN,199,2014,74
A5060175555,Qin Guo,CN,188,2018,74
A5074237865,Jiebin Duan,CN,188,2018,74
A5081252332,Yue Yang,CN,188,2018,74
A5100421027,Juan Li,CN,188,2018,74
A5100756799,Yang Zhou,CN,219,2018,74
A5101845481,Yuan Gao,US,188,2018,74
A5109448464,Su–Yan Pang,CN,199,2014,74
A5111831863,Jun Ma,CN,256,2018,74
A5030020822,Nadia M. Brashier,US,879,2021,4
A5002149616,Qi Long,CN,117,2019,30
A5012740004,Emily Getzen,US,43,2023,30
A5055458864,Xiaoqian Jiang,CN,2476,2016,30
A5077461380,Danielle L. Mowery,US,103,2011,30
A5014466973,Robb Willer,US,1543,2005,5
A5041499491,Michael N. Stagnaro,US,174,2018,5
A5063647785,James N. Druckman,US,1673,2002,17
A5005901640,Elizabeth C. Stade,US,12,2024,30
A5014435955,Sunny Rai,US,61,2018,30
A5051438718,Ashley Francisco,US,12,2024,30
A5076193392,Brenda Curtis,US,1000,2004,30
A5086173064,David C. Parkes,GB,3181,1997,0
A5053230553,Dannii Y. Yeung,HK,419,2006,29
A5075740828,Emma Seppälä,US,261,2007,29
A5075764125,Felicity F. Miao,US,230,2007,29
A5007855489,Glenn I. Roisman,US,2967,2004,3
A5063101078,Kuan-Hiong Sylvia Chiang,US,186,2004,3
A5005451810,James C. Gee,US,16484,1994,30
A5015338409,Philip A. Cook,US,9929,2007,30
A5016551394,Brian Avants,US,16538,2003,30
A5047108669,Murray Grossman,US,2155,2002,30
A5035733614,Elisabeth Shulman,Unknown,161,2016,30
A5057564242,Nicola Dell,US,1671,2012,6
A5014744641,Philip E. Tetlock,US,1128,2013,30
A5021911432,Eric Stone,US,180,2015,30
A5046014908,Pavel Atanasov,ES,307,2015,30
A5050407610,Emile Servan-Schreiber,GB,180,2015,30
A5058343329,Barbara A. Mellers,US,1957,2001,30
A5079172173,Phillip Rescober,US,155,2016,30
A5087456892,Samuel A. Swift,US,325,2010,30
A5021340867,Jasmine Hentschel,US,157,2017,6
A5102980346,Rui Zhou,CN,199,2017,6
A5030816915,Stephanie M. Ramones,US,150,2013,30
A5041908055,Lukasz Dziurzynski,US,238,2013,30
A5010688311,Da Jiang,HK,180,2015,29
A5019563289,Tamara Sims,US,356,2015,29
A5029548071,Xiulan Zhang,CN,130,2015,29
A5063613556,Yaheng Wang,JP,130,2015,29
A5076685799,Richard Anderson,US,778,2010,6
A5072758745,Herschel F. Thomas,US,333,2014,17
A5073754797,Timothy M. LaPira,US,221,2014,17
A5017184023,Filipe Nunes Ribeiro,BR,761,2015,9
A5024892584,Lucas Henrique,BR,133,2018,9
A5040381142,Abhijnan Chakraborty,IN,749,2017,9
A5075116664,Juhi Kulshrestha,FI,707,2014,9
A5012370449,Sean Hennessy,US,361,2007,30
A5019539940,Jun J. Mao,US,157,2013,30
A5030295784,Annie Chung,TW,182,2011,30
A5032708536,John H. Holmes,US,474,2008,30
A5043526096,Charles E. Leonard,US,361,2007,30
A5055809060,Adrian Benton,US,1687,2013,35
A5084077919,Shawndra Hill,US,384,2002,30
A5040347024,Vivien Wong,AU,98,2019,30
A5046988414,Kevin G. Volpp,US,748,2011,30
A5061632541,Jami F. Young,US,140,2015,30
A5063414759,Arthur Pelullo,US,169,2019,30
A5072796055,Daniel Polsky,US,118,2016,30
A5079285128,Rachelle Schneider,US,98,2019,30
A5006335513,Jinghui Chen,JP,421,2017,75
A5051448391,Quanquan Gu,US,1831,2009,75
A5085848346,Difan Zou,US,343,2017,75
A5100396257,Pan Xu,CN,466,2017,75
A5100779977,Lingxiao Wang,JP,297,2016,75
A5101735892,Weitong Zhang,US,150,2020,75
A5063349120,Yiqi Tang,US,215,2018,75
A5069660758,Ziyan Yang,CN,215,2018,75
A5080386620,Dongruo Zhou,US,380,2018,75
A5086329948,Yuan Cao,CN,174,2018,75
A5003645604,Louise Chim,CA,91,2015,29
A5074102829,BoKyung Park,US,228,2015,29
A5081870177,Elizabeth Blevins,US,122,2015,29
A5014185626,Daniel C. Stokes,US,152,2020,30
A5075939940,Anietie Andy,US,122,2020,30
A5000027643,Kevin Padrez,US,744,2016,30
A5029015389,Lauren Sinnenberg,US,724,2016,30
A5042386213,Alison M. Buttenheim,US,902,2012,30
A5065188738,Christina Mancheno,US,724,2016,30
A5003966744,Dan Summers,US,84,2018,30
A5042590162,Robert D. Ashford,US,616,2018,30
A5068787473,Jessie Hemmons,US,84,2018,30
A5089344162,Casey Hamilton,US,84,2018,30
A5109397435,Brenda Curtis,US,84,2018,30
A5057746925,Marten N. Basta,US,178,2015,30
A5066524105,Yoshiko Toyoda,US,115,2020,30
A5072047827,Konrad P. Körding,US,4753,2004,30
A5072228421,Omar Elfanagely,US,115,2020,30
A5076567873,Joseph A. Mellia,US,170,2020,30
A5082859239,Sammy Othman,US,115,2020,30
A5089383748,John P. Fischer,US,233,2015,30
A5101774276,Tony Liu,US,157,2021,30
A5004683145,Anupriya Tuli,IN,345,2016,6
A5078762874,Rikita Narula,Unknown,39,2022,6
A5102935675,Surbhi Singh,US,39,2022,6
A5107003876,Pushpendra Singh,IN,106,2018,6
A5012327209,Ben M Tappin,GB,868,2016,5
A5045843874,Luke Hewitt,US,206,2018,0
A5052168303,Chloe Wittenberg,US,139,2020,5
A5024776929,Yujing Jiang,CN,31,2023,74
A5048251870,Wenlei Zhu,CN,46,2017,74
A5064703815,Xiaolian Sun,CN,46,2017,74
A5100423195,Yuanyuan Wang,CN,31,2023,74
A5102525862,Biyang Xu,CN,31,2023,74
A5104242838,Zhuo Liu,CN,31,2023,74
A5065259975,Peter A. Lee,US,144,2000,29
A5111782442,Yu‐Wen Ying,CN,659,1993,29
A5073165831,Heili Pals,US,121,2005,12
A5052552298,Craig M. Rawlings,US,284,2010,12
A5077289100,Susan Biancani,US,206,2013,12
A5011239732,Arkadeep Kumar,US,159,2017,6
A5019858112,Marisol Wong-Villacrés,EC,327,2011,6
A5026558095,Naveena Karusala,US,422,2017,6
A5061269767,Betsy DiSalvo,US,760,2009,6
A5080194129,Aditya Vishwanath,US,205,2017,6
A5013913002,Dorian Pustina,US,257,2017,30
A5045338876,Myrna F. Schwartz,US,1875,2003,30
A5075842264,Olufunsho Faseyitan,US,1571,2009,30
A5078701589,John D. Medaglia,US,399,2017,30
A5101739099,H. Branch Coslett,US,565,2005,30
A5077915689,J. Russell Ramsay,US,74,2017,30
A5038025354,Christopher Warshaw,US,1302,2015,5
A5080764714,Lucie Flek,DE,264,2013,30
A5072126351,Azra Ismail,US,339,2018,6
A5013134790,Jun Luo,CN,115,2014,76
A5025355559,Yajiao Huo,CN,63,2018,76
A5046111523,Xianyun Peng,CN,63,2018,76
A5067268817,Xijun Liu,CN,103,2018,76
A5111476622,Huaiyu Li,CN,63,2018,76
A5060958202,Dean Fulgoni,US,62,2016,30
A5103279630,Jordan Carpenter,NO,397,2016,30
A5028236116,Pushpendra Singh,IN,193,2016,6
A5058736405,Shaan Chopra,US,137,2018,6
A5073562295,Lin Hongda,FI,61,2016,77
A5077855669,Peiying Chen,TW,344,2001,77
A5110200306,Che-Di Lee,TW,61,2016,77
A5110347477,Chun-Xi Zhang,TW,61,2016,77
A5015502381,Angela Minster,US,61,2016,30
A5038033576,Heather Hee Jin Yang,IT,93,2015,30
A5042065248,Don A. Moore,US,2676,2003,30
A5077421153,Elizabeth R. Tenney,US,319,2006,30
A5027392119,Teppei Yamamoto,US,8400,2009,17
A5059083364,Justin De Benedictis-Kessner,US,408,2016,5
A5049547394,Gwo‐Jen Hwang,TW,2095,2017,27
A5013569747,Shruti Dalvi,IN,55,2019,6
A5011620686,Dianne F. Olivier,US,136,2015,77
A5024544230,Ting Wang,CN,117,2015,77
A5026366340,Luke A. Torre-Healy,US,55,2020,30
A5070925654,Martin P. Morris,BE,55,2020,30
A5004867962,Peter McMahan,CA,92,2018,12
A5022154319,Xuping Sun,CN,40,2021,76
A5037393188,Sanshuang Gao,CN,40,2021,76
A5042022186,Jiaqiang Sun,CN,40,2021,76
A5100413694,Hongyi Li,CN,40,2021,76
A5100610309,Shusheng Zhang,CN,40,2021,76
A5102947545,Mengmeng Jin,AU,40,2021,76
A5034024734,Susan M. Kaiser,US,810,2012,30
A5068071853,Chris Karr,ES,1579,2011,30
A5042417097,Haoxiang Wang,CN,28,2022,30
A5043084615,Garrick Sherman,US,28,2022,30
A5089999052,Caitlin A. Stamatis,US,28,2022,30
A5026440334,Bonnie Nardi,GB,2643,1994,6
A5034895514,Vishal Sharma,US,18,2023,6
A5009408707,Xiang Ren,US,1258,2013,27
A5012497196,Mengjie Cheng,CN,56,2020,49
A5101476222,Sanne Smith,US,60,2018,12
A5043182686,Tiffany Amy Kuo,US,15,2023,6
A5065724406,Karthik Bhat,US,121,2018,6
A5070994189,Amanda K. Hall,GB,15,2023,6
A5086210209,Sachin R. Pendse,US,369,2019,6
A5112283852,Munmun De Choudhury,US,1518,2009,24
A5000869803,Jamie T. Watanabe,US,102,2004,29
A5090459878,Diana I. Simeonova,BG,102,2004,29
A5065317541,Alex Kehlenbeck,US,82,2008,30
A5072859965,Nemanja Petrović,ME,82,2008,30
A5081844311,Casey Whitelaw,US,82,2008,30
A5065369890,Nicole A. Roberts,US,192,2007,29
A5072963026,James A. Coan,US,373,2007,29
A5022202456,Rajesh Ranganath,US,1003,2009,12
A5047163184,Yookyung Kwon,US,77,2009,29
A5061185712,Gregory R. Samanez‐Larkin,US,6419,2003,29
A5067556088,Susanne Scheibe,NL,731,2009,29
A5072298824,Saurabh Goorha,US,228,2004,6
A5042591763,Ville Satopää,FR,63,2015,12
A5071516844,Robin Pemantle,US,427,1995,12
A5088456930,Chung‐Yang Chen,TW,60,2012,77
A5110271350,Pei-Chi Chen,Unknown,60,2012,77
A5004542284,William L. Hamilton,US,5163,2016,12
A5060741187,Steven Skiena,US,853,2014,30
A5078693030,Sandra Matz,US,2622,2015,30
A5008926869,Wee Keong Ng,MY,295,2001,2
A5100403129,Weisi Lin,SG,5740,2009,30
A5021394368,John Q. Trojanowski,US,53,2014,30
A5037938359,Corey T. McMillan,US,993,2002,30
A5061039705,Frank R. Baumgartner,US,760,1986,17
A5034512576,Mingyang Li,CN,51,2019,30
A5050636888,Louis Tay,US,1471,2010,30
A5010148429,John A. Naslund,US,1727,2015,6
A5013902016,Pattie P. Gonsalves,IN,148,2019,6
A5020987927,Divya Siddarth,GB,90,2019,6
A5029837565,Mamta Sood,IN,136,2016,6
A5102789400,Seema Mehrotra,IN,50,2019,6
A5103213915,Amit Sharma,IN,737,2019,6
A5045935650,Raphael H. Heiberger,DE,111,2013,12
A5086535574,Jens Witkowski,DE,293,2011,0
A5101989491,Yuan Cao,CN,773,2019,75
A5038011895,Jessica S. Gaulton,US,39,2020,30
A5051869077,Adarsh Kashyap,US,39,2020,30
A5002528182,Devin Caughey,US,1569,2011,5
A5014379074,Erin Hartman,US,39,2020,5
A5044643096,Sara Chatfield,US,50,2019,5
A5049923911,Jasjeet S. Sekhon,US,835,2011,5
A5055984015,Eric Schickler,US,413,2003,5
A5023229265,Liang Luo,CN,250,2020,37
A5034664324,Angela Duckworth,US,7607,2009,37
A5069784835,Tingdan Zhang,CN,25,2022,37
A5075609221,Eli Tsukayama,US,2609,2009,37
A5109599365,Daeun Park,KR,25,2022,37
A5021529778,Lee Drutman,US,25,2022,17
A5037451955,Alexander Furnas,US,91,2017,17
A5079549964,Alexander Hertel‐Fernandez,US,70,2020,17
A5082041281,Kevin R. Kosar,US,25,2022,17
A5019861758,Suhaib Abdurahman,US,23,2020,30
A5065751582,Sudeep Bhatia,US,407,2015,30
A5085519606,Wanling Zou,US,109,2019,30
A5101584877,Huy Vu,US,23,2020,30
A5027376496,Huy Quan Vu,AU,94,2019,30
A5049737475,Kenna Yadeta,US,11,2023,30
A5026928200,Peter A. Lee,Unknown,89,2000,29
A5081220940,Yei‐Yu Yeh,TW,144,2000,29
A5101163564,John S. Huang,Unknown,89,2000,29
A5101756071,Eduardo Blanco,US,69,2013,30
A5103329247,Hansen Andrew Schwartz,US,69,2013,30
A5063013992,Catalina Salazar Arango,Unknown,49,2015,30
A5089821858,Christopher Weeg,US,49,2015,30
A5020213036,Robert Town,US,68,2015,30
A5046384071,Charlene A. Wong,US,252,2014,30
A5074407236,Andrew D. Schwartz,US,48,2015,30
A5112264696,Tom Baker,GB,48,2015,30
A5061962443,Nimmi Rangaswamy,IN,194,2009,6
A5029531680,Patrick Yoon,US,48,2013,46
A5031368885,Kevin W. Boyack,US,2538,2005,46
A5056064508,Michael Patek,US,287,2012,46
A5071451025,Richard Klavans,US,1382,2005,46
A5108498734,Matthew Kam,HK,869,2002,0
A5115593508,Dan Wang,CN,41,2015,12
A5008108168,Piya Sorcar,US,41,2017,6
A5017218993,Shelley Goldman,US,41,2017,6
A5065948900,Prashant Loyalka,US,55,2017,6
A5075124352,Benjamin Strauber,US,41,2017,6
A5034900256,Allegra Larche,Unknown,41,2017,30
A5040260864,Kevin Zembroski,Unknown,41,2017,30
A5042975250,Youngseo Son,US,207,2017,30
A5078769396,Joe Raso,Unknown,41,2017,30
A5081786355,Anthony Janocko,Unknown,41,2017,30
A5009647937,Christopher Tufts,US,69,2018,30
A5085857602,Qinghua Yang,US,173,2015,30
A5031029497,Gary E. Weissman,US,291,2014,30
A5077012854,Scott D. Halpern,US,1270,2007,30
A5081218173,Katherine R. Courtright,US,718,2017,30
A5089111176,Michael O. Harhay,US,296,2015,30
A5011009295,Nova Ahmed,BD,74,2016,6
A5043544885,Faheem Hussain,US,40,2016,6
A5089574660,Syed Ishtiaque Ahmed,CA,616,2013,6
A5017657883,Kushal Shah,US,123,2018,6
A5017949568,Lubna Razaq,US,81,2018,6
A5019621837,Jennifer Webster,GB,40,2018,6
A5020840621,Haider W. Anwar,US,40,2018,6
A5069671065,Hamid Mehmood,TH,55,2018,6
A5079419372,Samia Ibtasam,US,81,2018,6
A5064381184,Apoorva Bhalla,IN,40,2019,6
A5005655700,David Nemer,US,133,2017,6
A5113818031,Michaelanne Dye,US,362,2013,6
A5066399723,Faisal Lalani,IN,33,2020,6
A5071909501,Louis Hickman,US,337,2020,30
A5100443413,Mingyang Li,CN,45,2019,30
A5023525324,Lukas Wolters,DE,29,2021,5
A5055354975,Blair Read,US,29,2021,5
A5027504546,Ian Yohai,US,46,2011,5
A5086931422,Eleanor Neff Powell,US,59,2008,5
A5018759471,Fan Zhang,CN,39,2015,29
A5004771368,Salleh Hairon,SG,38,2015,77
A5041385490,Nicholas Tze Ping Pang,MY,38,2015,77
A5081482360,Jane B. Huffman,US,81,2015,77
A5030503109,Shay B. Cohen,GB,1270,2014,8
A5061235567,Karl Stratos,US,36,2014,30
A5101939847,Michael Collins,DE,100,2004,30
A5070905937,Wei Xu,CN,1807,2006,8
A5040961295,Anastasia A. Lantseva,RU,46,2015,78
A5045965506,Sergey V. Ivanov,RU,118,2008,78
A5060834533,Ksenia Mukhina,EE,48,2015,78
A5071680073,Konstantin V. Knyazkov,RU,61,2013,78
A5076449575,Anna Nikishova,IT,34,2015,78
A5045518349,Mehrab Bin Morshed,US,172,2013,6
A5011524660,Philippe Kimura-Thollander,US,33,2019,6
A5021132901,Shalini Roy,IN,90,2014,6
A5049236178,Mélissa Hidrobo,US,287,2015,6
A5062564274,Tia Palermo,US,609,2013,6
A5073821610,Amber Peterman,US,880,2013,6
A5025365353,AbdelRahim Elmadany,CA,181,2019,30
A5058829071,Chiyu Zhang,CN,45,2020,30
A5026293328,Nithya Sambasivan,US,650,2009,6
A5087847973,Divy Thakkar,GB,73,2018,6
A5060310064,Leah R. Rosenzweig,US,90,2017,5
A5062432559,Bence Bagó,NL,1242,2016,5
A5031300059,Prerna Ravi,US,23,2021,6
A5021273980,Zachary A. Pardos,US,351,2007,30
A5037214957,Benjamin W. Domingue,US,669,2014,5
A5066493282,Saurabh Khanna,NL,73,2021,12
A5024510660,Pratyush Kumar,IE,17,2022,6
A5025947434,Alex Hanna,US,565,2015,1
A5100767801,Yujia Wang,CN,16,2022,75
A5108146639,Lu Lin,CN,16,2022,75
A5025322559,Frances S. Shofer,US,81,2014,30
A5009235115,Charles Gomez,US,417,2012,12
A5034588836,Eliza Evans,US,31,2016,12
A5056823360,Rajesh Chandwani,IN,41,2017,6
A5005209337,Kevin Mahoney,US,77,2014,30
A5040486560,Elissa V. Klinger,US,210,2018,30
A5067742823,Amy L Lanza,US,28,2018,30
A5081125275,Anish K. Agarwal,US,28,2018,30
A5089393243,Nick Fausti,US,28,2018,30
A5042278493,Adrian Weller,GB,1222,2017,9
A5004785994,Sarah X.L. Huang,US,64,2020,30
A5015283954,Elissa C. Kranzler,US,39,2019,30
A5025509036,Robin Stevens,US,222,2008,30
A5041670828,Maramawit Abera,US,26,2020,30
A5052624250,Elizabeth Lazarus,US,26,2020,30
A5110271950,Bridgette M. Brawner,US,159,2016,30
A5087031929,Dean Knox,US,251,2019,17
A5029647520,Elina Mäkinen,FI,25,2019,12
A5032747373,Eliza D. Evans,US,37,2016,12
A5025782892,Oliver Robinson,GB,25,2020,30
A5077786966,Shantenu Agarwal,US,25,2020,30
A5084221310,Abby Dunn,GB,25,2020,30
A5006053551,Sauvik Das,US,479,2014,6
A5053889514,Savanthi Murthy,US,21,2021,6
A5006624279,Ulia Chentsova-Dutton,US,54,2003,29
A5039949275,Marcos Salganicoff,DE,52,1996,0
A5106083626,Ruzena Bajcsy,US,217,1994,0
A5026867352,Roy H. Kwon,CA,43,2005,30
A5081177184,G. Anandalingam,US,43,2005,30
A5102797162,Tapan S. Parikh,US,284,2006,6
A5113651203,Laura R. Pina,US,739,2016,6
A5022090336,Dolores Albarracín,US,4659,1997,30
A5042045797,Qijia Chen,CN,382,2015,30
A5112908559,Molly E. Ireland,US,1588,2007,24
A5072922547,Aditya Vashistha,US,526,2015,6
A5081548576,Anil Mishra,IN,25,2016,6
A5073461618,Philip Rescober,US,25,2015,30
A5037878480,Cristina M. Velasquez,US,25,2017,6
A5001423250,Kristin Hare,US,24,2018,6
A5016890947,Kriti Nelavelli,US,24,2018,6
A5064414247,Azalea Irani,US,24,2018,6
A5078672530,Paula Bondal,US,24,2018,6
A5061810530,Meeyoung Cha,DE,10737,2006,9
A5074435310,Elissa M. Redmiles,US,522,2018,9
A5006153934,Veronica Lynn,US,171,2017,30
A5034124542,Keshav Gupta,US,12,2022,30
A5091511008,Farhan Ahmed,PK,12,2022,30
A5037333845,S.D. Grantham,US,54,1990,30
A5021768388,Courtney A. Hagan,US,21,2016,30
A5059015074,Hao Peng,US,291,2017,14
A5015080798,Dandan Pang,CH,79,2018,30
A5065080833,Willibald Ruch,CH,1250,2001,30
A5080029745,Casey Burgat,US,19,2020,17
A5085571897,Jesse Crosson,US,19,2020,17
A5021941174,Hayley I. Evans,US,49,2019,6
A5035560721,Andrew M. Sherrill,US,18,2020,6
A5045072963,U. K. Lakshmi,US,107,2018,6
A5070534205,Hue Watson,US,55,2020,6
A5091262280,Rosa I. Arriaga,US,557,2007,6
A5076364930,Farnaz Jahanbakhsh,US,110,2017,6
A5004281470,Deb Roy,US,9145,2002,55
A5018152054,Hang Jiang,US,11,2022,55
A5081953757,Yining Hua,US,11,2022,55
A5109250040,Ramesh Nallapati,US,626,2011,12
A5009166220,Baharan Mirzasoleiman,US,143,2011,9
A5030903468,Mahdi Jalili,AU,296,2011,9
A5103511336,Mohammad Ali Safari,IR,22,2012,9
A5033477761,Oana Goga,FR,139,2016,9
A5057029055,Koustuv Saha,US,973,2017,6
A5109352872,Johnnatan Messias,DE,745,2013,9
A5018966008,Bokyung Park,TW,19,2014,29
A5085742252,Danielle Schechter,US,18,2019,6
A5011404541,Simine Vazire,AU,6217,2002,24
A5017686879,Aaron C. Weidman,US,300,2014,11
A5035384728,Elizabeth W. Dunn,CA,269,2009,24
A5041269206,Jordi Quoidbach,ES,1024,2013,3
A5043498643,Jessie Sun,US,127,2019,24
A5084994368,Li Chu,HK,85,2020,29
A5005890680,Tawanna R. Dillahunt,US,1181,2009,6
A5010967222,Miriam Sturdee,GB,293,2016,6
A5012723133,Regan L. Mandryk,CA,1284,2002,6
A5022545703,Joseph Lindley,GB,345,2014,6
A5053470577,John Vines,GB,438,2014,6
A5078710069,Conor Linehan,IE,346,2015,6
A5085047497,Chris Elsden,GB,294,2018,6
A5077252534,Rinaldo Alcova Jose,US,33,2000,30
A5091125875,Lukasz DziurzyÅ„ski,Unknown,19,2013,30
A5034940147,Alexander Genevsky,NL,447,2013,29
A5004470483,Chris Pesce,Unknown,16,2019,30
A5029152198,Beau Mann,US,16,2019,30
A5077903780,Lon Sherritt,US,16,2019,30
A5029500924,Heather Griffis,US,55,2015,30
A5035461185,Frances K. Barg,US,82,2010,30
A5038915889,Nandita Mitra,US,143,2014,30
A5032178568,Peter Allen Lee,US,51,2001,29
A5073323127,S. Phineas Upham,US,35,2009,30
A5083402712,Lori Rosenkopf,US,2321,1993,30
A5035377421,Gopal Chouhan,Unknown,16,2011,6
A5051636582,Y. L. Zhang,US,15,2014,29
A5041387594,David A. Wolk,US,312,2005,30
A5047157013,Sandhitsu R. Das,US,734,2006,30
A5022864448,Denis Nasonov,RU,42,2013,78
A5034588765,Anastasia Visheratina,US,14,2018,78
A5035754267,Alexander V. Boukhanovsky,RU,149,2008,78
A5112241539,Alexander Visheratin,RU,50,2016,78
A5015159342,Megan Goldberg,US,13,2020,5
A5000979874,Tobias Stark,NL,370,2013,2
A5013148883,Ashwin Rambaran,NL,304,2013,2
A5035508306,Malisa Tsang,US,26,2001,29
A5059891436,Eunice Lee,US,26,2001,29
A5011023115,Howard Lavine,US,137,2000,29
A5019388627,Vinit Jakhetiya,IN,92,2015,30
A5057733392,Chongyang Zhao,AU,12,2014,76
A5086702173,Shaorong Xie,CN,146,2014,76
A5100780079,Heng‐Yu Li,CH,12,2014,76
A5101586008,Hao Wang,CN,12,2014,76
A5016669642,Cecilia Ríos-Aguilar,US,412,2012,12
A5019043678,Regina Deil‐Amen,US,412,2012,12
A5000214164,Daisy Mui Hung Kee,VN,11,2020,77
A5003975772,Asla Alosaimi,KW,11,2020,77
A5033950702,Qing Er Ooi,MY,11,2020,77
A5038116025,Sin Yan Goh,MY,11,2020,77
A5039256729,Jia Jie Boo,MY,11,2020,77
A5069791546,Megha Ghansal,Unknown,11,2020,77
A5027611742,Panos Markopoulos,NL,36,2007,30
A5028703661,Ravi Aron,US,80,2004,30
A5012221470,Jason Schweinsberg,US,391,1998,30
A5043941523,Jennifer Schumi,US,24,1998,30
A5044956703,Richard D. De VlEAUX,Unknown,24,1998,30
A5078886508,Paul P. Durand,US,22,1988,30
A5012880055,Samyukta Manjayya Sherugar,US,12,2017,6
A5075232658,Vaishnav Kameswaran,US,431,2017,6
A5014412201,Christy Lee Rivard,US,12,2018,30
A5072509901,Emma Horst-Martz,US,143,2017,30
A5027966996,Nikhil Johri,US,60,2010,8
A5036266399,Daniel Jurafsky,US,4484,1998,12
A5071710055,Daniel Ramage,US,999,2003,6
A5046047168,Heath Brown,US,208,2005,17
A5063175099,Thomas T. Holyoke,US,208,2005,17
A5032393991,Waylon Brunette,US,254,2002,6
A5038298818,Trevor Perrier,US,137,2015,6
A5086071862,Beth Kolko,US,157,2010,6
A5104065501,Gaetano Borriello,US,755,2002,6
A5011173372,Margaret Burnett,US,763,2009,6
A5012561411,Sheelagh Carpendale,CA,274,2011,6
A5078308184,Madeline Balaam,SE,420,2014,6
A5109353454,Shaowen Bardzell,US,243,2011,6
A5001344078,Ricardo F. Muñoz,US,2068,1993,29
A5113525642,Kelly M. Vitousek,US,14,2002,29
A5113735316,James N. Butcher,US,14,2002,29
A5084747367,Christina Vogt,NO,12,2001,77
A5077172817,J.M. Vinson,US,13,1995,30
A5078337825,Rex Ying,US,8123,2017,12
A5112745025,William L. Hamilton,GB,5335,2017,12
A5000111344,Richard S. Zemel,US,6132,1990,12
A5003318200,Toniann Pitassi,US,3835,2011,12
A5011820318,Cynthia Dwork,US,9040,1984,12
A5039915143,Moritz Hardt,DE,4531,2010,12
A5086367709,Omer Reingold,US,3832,1999,12
A5017737115,Seth A. Myers,US,3048,2010,12
A5086254784,Eunjoon Cho,US,2760,2011,12
A5009620223,Zhitao Ying,US,2394,2017,12
A5002372704,Moni Naor,IL,4076,1991,12
A5034629063,D. Sivakumar,IN,3262,2001,12
A5107809381,Ravi Kumar,IN,3163,1999,12
A5021827617,Julian McAuley,US,4665,2012,12
A5055710645,Jon Kleinberg,US,27324,1998,12
A5081744093,Lars Bäckström,IL,6467,1992,12
A5112446832,Daniel P. Huttenlocher,US,4879,1989,12
A5043962579,David B. Grusky,US,1857,1984,12
A5046445911,Serina Chang,US,1481,2009,12
A5067807487,Emma Pierson,US,2695,2017,12
A5077342340,Jaline Gerardin,US,1439,2020,12
A5079904764,Pang Wei Koh,US,1656,2014,12
A5086881733,Beth Redbird,US,1496,2016,12
A5075254600,Jaewon Yang,US,2156,2012,12
A5014409944,Aditya Grover,US,1448,2016,12
A5035605036,Christos Faloutsos,US,6796,2002,12
A5026625845,Charles Clifton,US,5982,1984,56
A5086501120,Fernanda Ferreira,US,9841,1983,56
A5026085036,Rich Zemel,CA,1171,2011,12
A5026208886,Kevin Swersky,US,2581,2012,12
A5029641939,Toni Pitassi,CA,1079,2013,12
A5077918564,Yu Wu,CA,1079,2013,12
A5033324901,Vittoria Ferraro,CA,1068,2002,56
A5076838036,Karl G. D. Bailey,US,1161,2002,56
A5007755189,Dan Cosley,US,5146,2003,6
A5011914372,David W. McDonald,US,3372,2004,6
A5025211180,Andrea Forte,US,5638,2004,6
A5078261806,Luigina Ciolfi,IE,1266,2013,6
A5009319874,Austin R. Benson,US,1878,2016,12
A5084102378,David F. Gleich,US,1155,2014,12
A5004857788,Anand Rajaraman,US,3710,2011,12
A5089065417,Jeffrey D. Ullman,US,4700,1974,12
A5013225896,Danny Dolev,IL,2623,1986,12
A5103180391,Jaewon Yang,US,1178,2011,12
A5014587310,­Abby C. King,US,2606,2008,61
A5033639139,Tim Althoff,US,2731,2012,6
A5044061507,Scott L. Delp,US,2283,2014,12
A5064748489,Jennifer L. Hicks,US,2027,2014,12
A5087005512,Rok Sosič,US,890,2017,12
A5078048346,Deepayan Chakrabarti,US,1837,2004,12
A5100322712,Yan Wang,CN,3547,2008,27
A5100334377,Chenxi Wang,CN,859,2008,12
A5049327893,Susan L. Bryant,US,708,2005,6
A5021777354,Sarita Schoenebeck,US,3021,2013,6
A5030100981,Nora McDonald,US,987,2013,6
A5001094226,Pranav Rajpurkar,US,3844,2018,12
A5021730842,Michael Moor,US,667,2023,12
A5057010395,Oishi Banerjee,US,745,2021,12
A5084515381,Eric J. Topol,US,1617,2015,12
A5086148541,Zahra Shakeri Hossein Abad,CA,641,2023,12
A5088028306,Harlan M. Krumholz,US,1994,2009,12
A5023531003,Nikole D. Patson,US,922,2007,56
A5025615173,John M. Henderson,US,7565,1990,56
A5007174203,Andrew Hollingworth,US,5151,1998,56
A5012810410,John F. Halliwell,US,573,2001,56
A5060574714,Kiel Christianson,US,1770,2001,56
A5015520086,Himabindu Lakkaraju,US,1754,2015,12
A5034703281,Sendhil Mullainathan,US,7586,2011,12
A5085753634,Jens Ludwig,US,3296,2011,12
A5074355807,Miao Zhao,CN,1994,2019,26
A5100357128,Hongwei Wang,CN,2365,2015,26
A5100408983,Wenjie Li,CN,2741,2006,26
A5100717443,Mengdi Zhang,CN,524,2019,26
A5100741750,Zhongyuan Wang,CN,1511,2011,26
A5101586840,Fuzheng Zhang,Unknown,3174,2017,26
A5010790447,Kamalika Chaudhuri,US,771,2007,12
A5038292473,Frank McSherry,BE,2990,2004,12
A5080065269,Kunal Talwar,US,3183,2003,12
A5102710346,Boaz Barak,US,1417,2006,12
A5114021051,Satyen Kale,US,575,2007,12
A5086052373,Marinka Żitnik,US,1945,2017,12
A5032418986,Vijay S. Pande,US,589,2019,12
A5044158176,Joseph Gomes,US,589,2019,12
A5091515272,Weihua Hu,CN,499,2003,12
A5100427695,Bowen Liu,CN,589,2019,12
A5003040843,Andreas Krause,CH,2358,2005,9
A5032003918,Jeanne M. VanBriesen,US,596,2003,12
A5090739892,Carlos Guestrin,US,2677,2001,12
A5033364470,Caroline O. Buckee,US,1858,2012,46
A5069001141,Mauricio Santillana,US,1691,2014,14
A5069223427,Pamela P. Martinez,US,499,2021,46
A5078598841,Gonzalo E. Mena,US,447,2021,46
A5083151508,Ayesha S. Mahmud,US,532,2014,46
A5048789742,Ashton Anderson,US,2019,2013,12
A5042601761,Christopher Potts,US,3076,2009,12
A5010281475,Lindsay C. Page,US,1403,2013,33
A5112631919,Benjamin Castleman,US,1287,2013,33
A5025113008,Nazanin Andalibi,US,1642,2011,6
A5053477112,Oliver L. Haimson,US,1286,2014,6
A5057788395,Guy N. Rothblum,US,577,2016,12
A5011570618,Pinar Ozturk,US,454,2014,6
A5070212885,Moritz Sudhof,US,384,2013,12
A5040182861,Vanesa Larco,ES,279,2009,6
A5049064405,Kevin Clark,US,1683,2016,12
A5011176205,Stephen Boyd,US,10221,2003,12
A5079356706,David Hallac,US,329,2015,12
A5103760053,William L. Hamilton,CA,424,2016,12
A5074131967,Hossein Karimi,IR,434,2014,56
A5012260410,Xikun Zhang,Unknown,343,2018,8
A5056142478,Srijan Kumar,US,1767,2014,8
A5005061793,Rumi Chunara,US,747,2010,14
A5032983727,Mark S. Smolinski,US,387,2015,14
A5067141358,André T. Nguyen,US,277,2015,14
A5068561451,Jennifer Olsen,US,403,2013,14
A5075593960,Adam W. Crawley,US,387,2015,14
A5081517551,Oktawia Wójcik,US,394,2014,14
A5087882430,John S. Brownstein,US,2176,2010,14
A5088267373,Kristin Baltrusaitis,US,208,2015,14
A5025508471,Hristo S. Paskov,US,190,2014,12
A5035533466,Sarah F. McGough,SE,298,2017,14
A5068411288,Jared B. Hawkins,US,659,2015,14
A5012906173,Simon P. Liversedge,GB,1158,1995,56
A5050687235,Erik D. Reichle,AU,802,2006,56
A5089116944,Elizabeth R. Schotter,US,373,2011,56
A5004321405,Todd A. Mooring,US,174,2020,14
A5014407399,Dianbo Liu,SG,316,2018,14
A5018662278,Kenneth D. Mandl,US,2056,1998,14
A5020378641,Canelle Poirier,FR,237,2020,14
A5060277811,Maimuna S. Majumder,US,567,2014,14
A5100368250,Wei Luo,CN,174,2020,14
A5102025770,Weihua Hu,GB,150,2020,12
A5016622690,Dominik Hintersdorf,DE,129,2021,79
A5037636074,Kristian Kersting,DE,1178,2001,79
A5058576517,Lukas Struppek,DE,129,2021,79
A5064701353,Daniel Neider,DE,129,2021,79
A5003491365,Jiaxuan You,US,219,2019,12
A5103091450,Tianyu Du,US,89,2019,12
A5078273250,Benjamin Swets,US,786,2002,56
A5005407267,Shuchi Chawla,US,2109,2002,12
A5079131956,Adam Smith,US,568,2001,12
A5108524530,Hoeteck Wee,US,382,2005,12
A5089937724,Timothy Desmet,US,480,2007,56
A5060617658,Krishnaprasad Thirunarayan,US,307,2009,14
A5068408717,Enrico Motta,GB,481,2001,14
A5068591642,Tom Heath,FR,234,2009,14
A5073592405,Abraham Bernstein,CH,2052,2001,20
A5078151375,Lee Feigenbaum,US,234,2009,14
A5089236260,Diana Maynard,GB,274,2009,14
A5076852435,Katharina Reinecke,US,1274,2007,6
A5055660368,Mark Guzdial,US,1519,1999,6
A5070926148,David Z. Hambrick,US,2263,2007,56
A5101897622,John C. Mitchell,IN,3014,1984,27
A5110195580,Paris C. Kanellakis,US,246,1984,27
A5029384080,Dan J. Wang,US,596,2012,12
A5039712245,Sanjay Kairam,US,648,2009,6
A5040584734,Murray Singer,CA,198,1983,56
A5036278905,Christian Bird,GB,2127,2007,31
A5036744986,Prémkumar Dévanbu,US,2576,2007,31
A5076172404,Foyzur Rahman,US,307,2010,31
A5090966134,Adrian Bachmann,CH,193,2010,31
A5021537631,Mark Klein,CH,850,2001,20
A5080836616,Carrick C. Williams,US,2012,2001,56
A5087246842,Rose T. Zacks,US,923,2001,56
A5025599224,Elena G. Patsenko,US,163,2009,56
A5058011161,Paul E. Engelhardt,GB,498,2006,56
A5007901564,Matthew Hurst,GB,512,2007,12
A5045761180,Mary McGlohon,US,1093,2007,12
A5075512877,Natalie Glance,US,4003,1991,12
A5008031035,Wonil Choi,KR,417,2013,56
A5056783610,Matthew W. Lowder,US,419,2013,56
A5103409708,John M. Henderson,US,518,1994,56
A5026375565,Cynthia M. Connine,US,577,1984,56
A5052220796,Charlie Jones,US,151,1984,56
A5089426871,Lyn Frazier,US,3562,1984,56
A5038645035,V. S. Subrahmanian,US,1685,1991,8
A5088032791,Bernhard Schlkopf,DE,144,2013,9
A5034183671,Timothy J. Slattery,GB,590,2007,56
A5074631000,Patrick Sturt,GB,768,1999,56
A5100981294,Masaya Yoshida,ES,447,2006,56
A5036924343,Rebecca T. Gluskin,US,132,2014,14
A5073651652,Michael A. Johansson,PR,890,2014,14
A5024529432,Sumiko R. Mekaru,US,610,2010,14
A5079013082,Denise P. McGinnis,US,128,2016,14
A5101905670,Kamran Khan,CA,190,2015,14
A5038690169,Steven G. Luke,US,958,2010,56
A5050546972,Megan Rao,US,125,2013,46
A5066580309,Kasisomayajula Viswanath,US,1552,2006,46
A5076386765,Shoba Ramanadhan,US,1119,2006,46
A5091613258,Samuel R Mendez,US,125,2013,46
A5066860235,Mark Bun,US,677,2016,12
A5090438638,Thomas Steinke,US,824,2016,12
A5014814708,William H. Marinell,US,110,2017,33
A5033229707,Andrew Bacher-Hicks,US,620,2017,33
A5047880426,John P. Papay,US,110,2017,33
A5008180286,Suphasiree Chantavarin,TH,105,2018,56
A5058327189,Hao Yin,CN,233,2018,12
A5003422060,Luke Miratrix,US,572,2013,33
A5013637551,Todd Grindal,US,198,2014,33
A5017768355,Avi Feller,US,1269,2014,33
A5012379637,Suzanne Tolmeijer,DE,210,2020,20
A5019000888,Markus Christen,CH,169,2012,20
A5022593047,Markus Kneer,AT,143,2020,20
A5023061106,Cristina Sarasua,CH,308,2015,20
A5074836961,Hunter Gehlbach,US,201,2015,33
A5076202690,Florian Lemmerich,DE,581,2012,34
A5076826749,Ellery Wulczyn,US,108,2017,34
A5019283962,Katharine Meyer,US,109,2016,33
A5000613715,Aditya Pal,IN,756,2009,6
A5005734123,Bo Zhao,CN,148,2016,12
A5010994383,Chantat Eksombatchai,Unknown,76,2020,12
A5063812292,Charles Rosenberg,Unknown,141,2019,12
A5104188463,Yitong Zhou,CN,76,2020,12
A5003875445,Christian Bauckhage,DE,1473,2004,79
A5066413089,Fabian Hadiji,DE,144,2015,79
A5088410008,Antoine Bosselut,CH,926,2017,8
A5101912684,Hong‐Yu Ren,CN,155,2018,8
A5018609354,Zhuang Qiu,HK,56,2021,56
A5007685841,Laura Laugwitz,DE,50,2022,20
A5031084511,Juliane A. Lischka,DE,50,2022,20
A5046597934,Lucien Heitz,CH,50,2022,20
A5062125301,Bibek Paudel,US,61,2018,20
A5085466639,Alena Birrer,CH,50,2022,20
A5058428595,Adele Ε. Goldberg,US,887,1996,0
A5010687578,Cyril Zakka,US,26,2023,12
A5037419111,Eduardo Pontes Reis,US,26,2023,12
A5092574614,Yash Dalmia,Unknown,26,2023,12
A5101786641,Shirley Wu,US,48,2008,12
A5101856573,Qian Huang,CN,26,2023,12
A5027114005,Sophie Jentzsch,DE,57,2019,79
A5078136609,Luc De Raedt,SE,1549,1994,79
A5028537136,David K. McFarlane,US,166,1996,56
A5072984887,Michael D. Anes,US,331,1994,56
A5110011394,Phillip A. Weeks,Unknown,832,1996,56
A5109809638,John M. Henderson,US,130,1993,56
A5041337615,Christoph Kiefer,DE,144,2007,20
A5043369298,Richard E. Ladner,US,226,2008,6
A5102866765,John Henderson,US,98,2013,56
A5004265166,Caroline Suen,US,163,2013,12
A5009660759,Dafna Shahaf,IL,577,2012,6
A5058626776,Heidi Wang,US,91,2013,12
A5059892854,Jeff Jacobs,US,296,2013,12
A5048012471,E. Matthew Husband,GB,162,2015,56
A5031816187,Mark Klein,US,83,2012,20
A5050276533,Justine Zhang,GB,550,2015,12
A5101574088,William Hamilton,US,80,2017,12
A5010436269,Krzysztof Z. Gajos,US,2354,2005,6
A5049140696,Michael Näf,GB,78,2013,6
A5076413226,Katharina Reinecke,DE,514,2013,6
A5102447965,Minh Khoa Nguyen,TW,78,2013,6
A5025509686,Joel T. Nigg,US,170,2011,56
A5086516572,William Hamilton,GB,111,2017,12
A5074452739,Kumiko Fukumura,GB,194,2010,56
A5074553752,Martin J. Pickering,GB,2165,1995,56
A5030578187,Mitul Tiwari,US,86,2000,12
A5046018227,Jessica T. Davis,US,191,2020,14
A5060362330,Xiyu Ding,US,63,2020,14
A5061488382,Matteo Chinazzi,US,388,2013,14
A5102763537,Leonardo Clemente,US,96,2019,14
A5006382868,Anna Zink,US,127,2016,14
A5009875578,An Nguyen,DE,62,2016,14
A5024258790,Thomas Louie,CA,62,2016,14
A5039399173,In‐Kyung Sung,KR,62,2016,14
A5051283952,Joshua C. Gray,US,62,2016,14
A5022825653,Payal Bajaj,GB,218,2016,12
A5018777562,Marc Lipsitch,US,3889,1995,18
A5024385868,Fred Lu,US,85,2019,14
A5032098139,Xinyue Xiong,US,63,2020,14
A5042889787,Nicholas Link,US,52,2020,14
A5025058751,Daniel Zügner,DE,308,2018,12
A5048779944,Tobias Kirschstein,DE,49,2021,12
A5074504351,Stephan Günnemann,DE,537,2014,12
A5000186083,Jennifer M. Rodd,KR,159,2014,56
A5039491314,Lena Maria Blott,DE,48,2020,56
A5103448196,Jane E. Warren,GB,608,2006,56
A5031171331,Jan Marco Leimeister,DE,1082,2010,20
A5033406681,Jalil Sebastian Wahdatehagh,Unknown,41,2021,20
A5046196425,Naim Zierau,CH,118,2020,20
A5083020821,Andreas Janson,CH,540,2014,20
A5013537962,Jens Keim,DE,44,2021,79
A5016981964,Tim Grube,DE,59,2021,79
A5021712397,Max Mühlhäuser,DE,307,2007,79
A5027327665,Ephraim Zimmer,DE,44,2021,79
A5028241558,Fabrizio Ventola,DE,44,2021,79
A5033953374,Carlos García Cordero,DE,120,2015,79
A5045942483,Till Müßig,DE,59,2021,79
A5072945278,Aidmar Wainakh,DE,59,2021,79
A5032327024,Serhiy Kandul,CH,42,2022,20
A5091701201,Shruti Sannon,US,545,2017,6
A5056205672,Dominik Hintersdorf,DE,14,2023,79
A5060332657,Lukas Struppek,DE,14,2023,79
A5014399182,Simla Ceyhan,US,75,2011,12
A5101666398,Xiaolin Shi,US,190,2009,12
A5080374854,Mirwaes Wahabzada,DE,111,2010,79
A5082761119,Christian Thurau,DE,652,2004,79
A5081948627,Richard Andersson,SE,62,2011,56
A5049132308,Alice Foucart,ES,59,2013,56
A5081467736,Tamara Y. Swaab,US,78,2017,56
A5103183708,Ulrich Meyer,DE,56,2018,79
A5064085103,Vlad Niculae,NL,561,2015,12
A5005882490,Rachel Greenstadt,US,219,2013,24
A5023318908,Miriam Lips,NZ,52,2019,1
A5084778347,Albert Meijer,NL,149,2018,1
A5018363580,Maia C. Connors,US,96,2014,33
A5035617382,Dana Charles McCoy,US,267,2017,33
A5041561606,Christina Weiland,US,551,2011,33
A5045006656,Allison H. Friedman‐Krauss,SK,51,2018,33
A5055311900,Howard Bloom,US,51,2018,33
A5079407465,Hirokazu Yoshikawa,US,1180,2007,33
A5103381655,Pamela Morris,US,154,2014,33
A5056185305,Margaret E. Morris,US,589,2002,6
A5004055987,Stacy Kehoe,US,81,2016,33
A5021562731,Gumilang Aryo Sahadewo,ID,81,2016,33
A5048094999,Tanja Aitamurto,US,115,2017,6
A5113460982,Zoe Yang,HK,50,2019,56
A5101909128,Yujing Huang,CN,128,2012,56
A5037605408,Nikil Pancha,US,33,2022,12
A5068607680,Andrew Zhai,CA,65,2019,12
A5091447107,Paul Baltescu,GB,21,2022,12
A5100763978,Haoyu Chen,CN,21,2022,12
A5001070941,Zhiwei Steven Wu,US,992,2014,12
A5009962130,Giuseppe Vietri,US,12,2023,12
A5029730907,Michael Kearns,US,2790,1993,12
A5057693522,Aaron Roth,US,3348,2008,12
A5076016952,Terrance Liu,US,12,2023,12
A5090992760,Travis Dick,US,12,2023,12
A5052769102,Damir Vrabac,US,11,2023,12
A5113999085,Jeffrey Lotspiech,US,86,1996,12
A5080705002,Emily Darowski,US,99,2009,56
A5085161047,Nicole Moon,US,69,2009,56
A5015316443,Alisa Bandlow,US,117,2007,6
A5004937241,Vanessa Larco,Unknown,52,2012,6
A5043014709,Niki Kittur,US,696,2012,6
A5051842323,Haiyi Zhu,US,1546,2011,6
A5084649058,Robert E. Kraut,CH,13243,1993,6
A5090332884,Susan Wyche,US,681,2006,6
A5064323671,Sriraam Natarajan,US,435,2008,79
A5065918431,Seyed Mehran Kazemi,CA,369,2014,79
A5080973561,David Buchman,US,86,2014,79
A5102986310,David Poole,CA,1346,1999,79
A5032790273,Darryl Hill,US,91,2015,33
A5054179306,Joshua Goodman,US,997,2015,33
A5071233254,Shaun M. Dougherty,US,102,2015,33
A5083541504,Erica Litke,US,148,2012,33
A5067264969,Ashwin Paranjape,US,79,2016,12
A5100757495,Jing Huang,US,55,2019,12
A5102889910,Guangtao Wang,CN,273,2019,12
A5113478221,Jeff Bilmes,US,135,2007,6
A5021774465,Laura Antanas,BE,74,2012,79
A5037378255,José Santos-Victor,PT,1059,2005,79
A5050581938,Marion Neumann,US,59,2013,79
A5088704552,Rui Pimentel de Figueiredo,DK,141,2017,79
A5102952170,Plínio Moreno,PT,257,2007,79
A5008207322,Justin Kaashoek,US,35,2020,14
A5038789523,Catherine Hall,GB,30,2021,6
A5082048558,Michael Zarro,US,30,2021,6
A5014303032,Ralph Gasser,CH,111,2020,20
A5034703920,Heiko Schuldt,CH,142,2014,20
A5052015967,Luca Rossetto,IT,89,2014,20
A5058707736,Loris Sauter,CH,111,2020,20
A5001082656,C.‐C. Jay Kuo,US,1935,2004,12
A5015829772,Bin Wang,SG,338,2019,12
A5100632700,Jing Huang,CN,158,2020,12
A5033669806,Aizat Nurshatayeva,US,55,2019,33
A5066865774,Carol Cutler White,US,27,2021,33
A5042595041,Gal Wachtel,GB,36,2020,14
A5054588883,Omar Santiago,US,19,2022,14
A5086873475,Won-Yong Shin,KR,19,2022,14
A5103025333,Eli Sprecher,US,19,2022,14
A5112132496,Kathleen Conroy,US,19,2022,14
A5029333678,Hagit Attiya,IL,615,1987,12
A5071944803,Nancy Lynch,US,613,1986,12
A5111558966,Larry Stockmeyer,US,199,1989,12
A5028869858,Eli Upfal,US,1016,1986,12
A5056419022,David Peleg,IL,869,1986,12
A5113582583,Nicholas Pippenger,US,211,1986,12
A5014260664,Prasad Tadepalli,US,273,1998,79
A5025326221,Saket Joshi,NZ,164,2008,79
A5058270794,Jude Shavlik,US,286,1998,79
A5005721051,Dengping Wei,CN,40,2011,20
A5100386464,Ji Wang,US,40,2011,20
A5100428031,Ting Wang,CN,40,2011,20
A5000043433,Jill Dimond,US,975,2009,6
A5032434500,Brian Dorn,US,427,2006,6
A5101437011,Thomas Park,US,67,2014,6
A5056228425,Takeshi Kurashima,JP,51,2018,0
A5051116977,Laura Symul,US,31,2019,12
A5077885730,Yongshang Wu,US,31,2019,12
A5087265119,Daniel Thomas,US,31,2019,12
A5090754963,Shuyang Shi,CN,31,2019,12
A5115587783,Бо Лю,CN,100,2019,12
A5014487792,Rolf Grütter,CH,45,2019,20
A5015439547,Martin Sterchi,CH,45,2019,20
A5021623495,Heiko Nathues,CH,109,2019,20
A5063762907,Céline Faverjon,FR,78,2018,20
A5079449271,John Berezowski,US,78,2018,20
A5112440044,Maria Elena Vargas,CH,30,2019,20
A5005056736,David Tomblin,US,25,2021,1
A5031433278,Bridget Terry Long,US,385,2013,33
A5035252056,Michael Hurwitz,US,480,2012,33
A5064041384,Christopher Avery,US,1612,1994,33
A5037313918,Damon McCoy,US,2160,2012,24
A5044895860,Periwinkle Doerfler,US,116,2017,24
A5024801689,Matthew D. Horine,Unknown,62,1996,56
A5052709516,Ellen Lau,US,323,2005,8
A5034442887,Shannon L. Isovitsch,IL,82,2008,12
A5047977904,Mitchell J. Small,US,428,2001,12
A5063080572,Paul S. Fischbeck,US,572,1993,12
A5102186278,Jianhua Xu,CN,44,2008,12
A5041992609,Hong Joo Lee,KR,54,2007,20
A5062163326,Markus Stocker,DE,43,2007,20
A5017507131,Lorenz Fischer,CH,62,2013,20
A5085989495,Alejandro Molina,DE,97,2015,79
A5033664849,Denise E. Agosto,NL,137,2013,6
A5059138388,Rachel M. Magee,US,79,2014,6
A5064936869,Michael Dickard,US,78,2014,6
A5022336015,Kaidi Cao,US,25,2020,12
A5032871012,Maria Brbić,CH,25,2020,12
A5014107463,Cigdem Turan,DE,37,2019,79
A5015277967,Constantin A. Rothkopf,DE,37,2019,79
A5017166414,Patrick Schramowski,DE,50,2019,79
A5005003544,Isabelle Freiling,US,678,2020,1
A5064753440,Dietram A. Scheufele,US,6054,2000,1
A5085310285,Nicole M. Krause,US,1357,2019,1
A5047736740,Yao Xie,US,150,2007,14
A5053672689,Alexander Bukharin,US,21,2021,14
A5057260690,Shihao Yang,US,21,2021,14
A5074367596,Shixiang Zhu,CN,42,2018,14
A5075007159,Liyan Xie,CN,44,2018,14
A5002034958,Christopher M. Danforth,US,4782,2009,28
A5015816708,Thayer Alshaabi,US,113,2021,28
A5027414437,Mikaela Irene Fudolig,US,14,2022,28
A5040821463,Peter Sheridan Dodds,US,10671,2003,28
A5102965438,Matthew Arnold,US,14,2022,28
A5036190625,Serge Plotkin,US,1323,1993,12
A5058429350,Orli Waarts,US,278,1990,12
A5086347882,Maurice Herlihy,US,86,2006,12
A5066210234,Weng‐Keen Wong,US,625,2008,6
A5101391750,Hung Bui,US,57,2008,26
A5010548631,Longtu Li,CN,34,2010,44
A5014692475,Wenwei Tian,CN,34,2010,44
A5030590556,Rike Chen,CN,34,2010,44
A5100410733,Xiaohui Wang,CN,47,2010,44
A5100444342,Wen Zhang,CN,46,2010,44
A5100454584,Haitao Zhang,CN,34,2010,44
A5100776656,Ting Li,CN,34,2010,44
A5101884223,Jianbao Li,CN,34,2010,44
A5102782677,Xiangyun Deng,CN,34,2010,44
A5007071871,Thomas Scharrenbach,US,53,2013,20
A5005292996,Rose Marie Philip,US,27,2014,12
A5009003608,Aju Thalappillil Scaria,US,46,2013,12
A5057425608,Marie‐Andrée Somers,US,27,2015,33
A5008668042,Thomas Zaksek,DE,26,2015,79
A5024990133,Michael Schreckenberg,DE,400,2000,79
A5048759517,Christian Wietfeld,DE,67,2013,79
A5060586841,Christoph Ide,DE,67,2013,79
A5067384582,Lars Habel,DE,26,2015,79
A5017266068,Eleonora J. Beier,US,26,2018,56
A5014750522,Junichiro Mori,JP,350,2006,33
A5021614922,Masanao Ochi,CH,25,2018,33
A5067094699,Kimitaka Asatani,JP,57,2018,33
A5071470375,Ichiro Sakata,JP,262,2012,33
A5006930741,Skanda Shridhar,US,24,2018,1
A5053378150,Ahmed Cherif,US,24,2018,1
A5090012495,Jean-Baptiste Boin,US,24,2018,1
A5061206655,Gwendolyn Rehrig,US,40,2019,56
A5007468024,Kacem Abida,US,24,2018,12
A5054365077,Suvrat Bhooshan,IL,24,2018,12
A5100705950,Michael Chen,US,80,2018,12
A5048806623,Miriam J. Metzger,US,617,2004,17
A5112712257,Jay F. Nunamaker,US,132,2003,17
A5100632698,Jing Huang,CN,60,2019,12
A5026028381,Michael Müller,US,1205,2000,6
A5029561487,Casey Fiesler,US,1760,2011,6
A5084740625,Jed R. Brubaker,US,2316,2007,6
A5100659941,Shion Guha,CA,1330,2007,6
A5000159057,Sukrit Vinayavekhin,TH,33,2019,33
A5063856109,Robert Phaal,GB,33,2019,33
A5074943596,Thananunt Thanamaitreejit,TH,19,2021,33
A5021259488,Karthik Subbian,US,298,2013,2
A5041411617,Andrew Z. Wang,US,18,2021,12
A5081428282,Nikhil Rao,IN,41,2020,12
A5061905101,Douglas Davidson,ES,275,2003,56
A5055040069,Peter Dixon,AU,138,1980,56
A5069921351,Alan Petersen,AU,85,1995,56
A5086601595,Leslie C. Twilley,CA,44,1995,56
A5014687727,Thorsten Joachims,US,4882,2004,6
A5055069517,Zhao Xu,CN,48,2010,79
A5034927674,Floarea Serban,CH,28,2010,20
A5075479948,Jörg-Uwe Kietz,CH,28,2010,20
A5102991788,Simon Fischer,DE,28,2010,20
A5015694017,Emanuele Della Valle,IT,964,2007,20
A5080699613,Alessandro Margara,IT,24,2013,20
A5090620447,Jacopo Urbani,NL,24,2013,20
A5107857343,Bernhard Schoelkopf,DE,160,2013,9
A5015873569,Vassilis Kostakos,AU,3173,2008,49
A5023644163,Jorge Gonçalves,AU,2221,2011,49
A5028140714,Michael D. Feldman,US,23,2017,49
A5051758652,Subingqian Hu,FI,23,2017,49
A5041421536,Natasha Noy,US,53,2007,20
A5046030036,Elena Simperl,GB,581,2007,20
A5000727957,Luke Keele,US,9376,2009,17
A5006667037,Samuel D. Pimentel,US,45,2015,33
A5037890470,Matthew Lenard,US,51,2018,33
A5088524031,Heather Willever-Farr,US,43,2012,6
A5015554867,Jane Furey,US,21,2017,33
A5034469102,Laura Owen,GB,377,2010,33
A5071447518,Pranav Jindal,IN,20,2016,6
A5073384203,Cécile Viboud,US,4132,2005,18
A5103198578,Hongyu Ren,CN,116,2018,12
A5002130916,Yushi Bai,Unknown,16,2021,12
A5037159442,Li Pan,CN,22,2017,23
A5024822959,Sang Jung Kim,KR,149,2019,1
A5034288343,Qiantong Gao,CN,11,2022,1
A5053156269,Sebastian Raschka,US,11,2022,1
A5006404907,Aoi Naito,JP,11,2022,4
A5033816900,Kentaro Katahira,JP,407,2008,14
A5062452335,Tatsuya Kameda,JP,1039,1997,4
A5028858025,Lambert Schomaker,NL,62,1993,56
A5035761327,Hedderik van Rijn,NL,1567,2003,56
A5042844050,Manon Jones,GB,25,2009,56
A5065920740,John Nerbonne,NL,124,2009,56
A5069787995,Niels Taatgen,DE,1456,2007,56
A5017894606,Roman Garnett,US,1249,2013,79
A5065852947,Kristene Unsworth,US,20,2014,6
A5065899612,Richardson Dilworth,US,20,2014,6
A5027878263,Kris Hauser,US,100,2014,79
A5033257344,Tushar Khot,US,1311,2014,8
A5049799303,Gautam Kunapuli,US,74,2010,79
A5072696348,Shuo Yang,CN,84,2014,79
A5009297077,Derya Çokal,DE,31,2013,56
A5027729144,David Champredon,CA,518,2018,18
A5036255196,Tahmina Nasserie,US,625,2018,18
A5051281716,Paul Fine,GB,143,1986,18
A5055068548,David N. Fisman,CA,1472,2002,18
A5065939739,Leonid Chindelevitch,GB,31,2012,18
A5078127601,Ashleigh R. Tuite,CA,1262,2010,18
A5030379300,Emily Aiken,US,141,2020,14
A5064278484,Roy H. Perlis,US,434,2015,17
A5065337650,Matthew Simonson,IL,16,2020,17
A5005792924,Wray Buntine,VN,21,2010,79
A5021434291,Novi Quadrianto,ES,562,2008,79
A5074816094,Tinne Tuytelaars,BE,664,2005,79
A5003283754,Ramesh Subbaraman,US,36,2012,6
A5028210590,Ilona Murynets,US,36,2012,6
A5079427695,Jeffrey Bickford,US,36,2012,6
A5090925584,Gokul Singaraju,US,36,2012,6
A5100392099,Wei Wang,CN,20,2012,6
A5013618541,Roni Khardon,US,645,1994,8
A5011708220,Patrick Minder,CH,74,2012,6
A5045325634,Sven Seuken,CH,347,2007,0
A5086068103,Mengia Zollinger,CH,20,2012,20
A5002626769,Gerd Wellenreuther,DE,18,2017,79
A5007302664,Matthias Alfeld,NL,18,2017,79
A5042469905,Koen Janssens,BE,29,2017,79
A5051771559,Petria Noble,NL,18,2017,79
A5063208836,Geert Van der Snickt,BE,29,2017,79
A5088963813,Gerald Falkenberg,DE,18,2017,79
A5035635558,Floriana Esposito,IT,265,2004,79
A5047232379,Nicola Di Mauro,IT,205,2005,79
A5057485787,Robert Peharz,AT,17,2018,79
A5069110696,Antonio Vergari,GB,56,2017,79
A5052186672,Abhijit Sharang,US,17,2017,12
A5065985674,Steven Diamond,US,207,2014,12
A5110289533,Christopher Wong,GB,17,2017,12
A5079565971,Christina Nathues,CH,79,2019,20
A5112445520,Maria-Elena Vargas,CH,15,2019,20
A5000146150,Christopher D. Wirz,US,360,2018,1
A5016481368,Markus Bräuer,US,426,1995,1
A5026111773,Dominique Brossard,US,5165,2002,1
A5073970795,Luye Bao,CN,104,2020,1
A5079587846,Pauline Ho,US,28,2020,1
A5089041260,Shiyu Yang,CN,159,2020,1
A5090518882,Anqi Shao,US,28,2020,1
A5109715386,Lori DiPrete Brown,US,28,2020,1
A5009692823,John D. Volpe,US,28,2020,17
A5032369426,Takeshi Sakaki,JP,130,2011,33
A5103190348,Hiroko Yamano,JP,13,2021,33
A5032075140,Dan Hiaeshutter-Rice,US,91,2017,17
A5045879073,Sedona Chinn,US,13,2021,17
A5032660787,Angela Ai,US,13,2021,1
A5061607117,Adati Tarfa,US,13,2021,1
A5012721663,Meredith Spindler,US,13,2021,80
A5015719908,José-Francisco Díez-Pastor,ES,80,2017,80
A5020290167,Álvar Arnaiz‐González,ES,80,2017,80
A5031106143,Adrián Arnaiz-Rodríguez,ES,13,2021,80
A5035064433,Bastiaan R. Bloem,NL,50,2020,80
A5035628923,Zoltán Mari,US,13,2021,80
A5060270971,Álvaro García‐Bustillo,ES,13,2021,80
A5111561257,Adriana Cardozo,AR,13,2021,80
A5112581431,Esther Cubo,ES,13,2021,80
A5037823865,Ata Uslu,US,12,2021,17
A5047573998,Jennifer Lin,US,12,2021,17
A5037283651,Foster Provost,US,1703,2002,33
A5085934034,Brian Coan,US,27,1989,12
A5044190205,Gerald Reif,CH,23,2007,6
A5013343430,Marc Chesney,CH,15,2012,20
A5070003596,Mei Wang,CN,15,2012,20
A5065505647,Dmitry Moor,CH,14,2018,20
A5087547837,Tobias Grubenmann,GB,14,2018,20
A5001174680,Stefano Teso,IT,181,2013,3
A5034737333,Wolfgang Stammer,DE,43,2020,79
A5045637223,Anna Brugger,DE,13,2020,79
A5053988311,Anne‐Katrin Mahlein,DE,13,2020,79
A5060884084,Hans-Georg Luigs,DE,13,2020,79
A5074429822,Xiaoting Shao,DE,25,2020,79
A5005798722,Meena Jagadeesan,US,36,2020,12
A5043990336,Christina Ilvento,US,36,2020,12
A5104055006,John M. Henderson,GB,99,1996,56
A5023752093,Niels Landwehr,DE,100,2007,79
A5026210150,Andreas Karwath,GB,92,2001,79
A5110414912,Bernd Gutmann,BE,37,2008,79
A5065672819,Marc Toussaint,DE,568,2008,79
A5111764954,Tobias Lang,DE,131,2009,79
A5081692934,Sean N. Veld,GB,14,2012,56
A5005275418,Dominic Thompson,GB,201,2011,56
A5006783144,Shao Ling,GB,14,2013,56
A5031073373,Christoph Scheepers,GB,9873,2001,56
A5049371591,Andriy Myachykov,MO,426,2009,56
A5062629044,Kai-zhou Liu,CN,13,2014,44
A5100337109,Jing Li,CN,13,2014,44
A5100668141,Wei Guo,CN,13,2014,44
A5103372930,Puqiang Zhu,CN,13,2014,44
A5017783286,Gregor Štiglic,SI,387,2014,12
A5041175834,Nigam H. Shah,US,3934,2007,12
A5055287208,Howard R. Strasberg,US,13,2015,12
A5062800749,Alison Callahan,US,563,2014,12
A5078285925,Igor Pernek,AT,13,2015,12
A5052824300,Michelle Purcell,US,13,2015,6
A5037714222,Gal Yona,IL,97,2018,12
A5039980118,Michael P. Kim,US,305,2018,12
A5001588672,Andrea Galassi,IT,85,2018,79
A5062424045,Marco Lippi,IT,904,2009,79
A5080634543,Paolo Torroni,IT,1025,2002,79
A5030700728,Amr El Abaddi,US,12,2011,12
A5060364493,Alejandros Jaimes,GB,12,2011,12
A5068021191,Andrew Tomkins,US,7101,1997,12
A5101457009,Soumen Chakrabarti,IN,278,1999,12
A5004186283,Rebecca Mullin,US,12,2018,6
A5007150791,Tim Moesgen,FI,12,2018,6
A5049520222,Gabriela Marcu,US,151,2016,6
A5051442967,Aaron Halfaker,US,776,2009,6
A5072919264,Tim Gorichanaz,US,11,2017,6
A5080822884,Meen Chul Kim,US,70,2014,6
A5025549071,Daniele Dell’Aglio,DK,226,2011,20
A5100441715,Wei Zhang,CA,185,2007,20
A5101788615,Matthias Baumgartner,CH,11,2018,20
A5102018239,Huajun Chen,CN,29,2018,20
A5026638047,Joyce Chai,US,389,2009,56
A5102027188,Rui Fang,CN,349,2009,56
A5084733344,Lisl Zach,US,58,2012,6
A5087025582,Joseph Y. Halpern,US,3369,1985,12
A5071074733,Karen K. McClure,US,91,1996,56
A5079784233,Gay L. Bisanz,CA,145,1996,56
A5008335723,Alin Dobra,US,1493,2004,12
A5023537206,Johannes Gehrke,US,3910,2003,12
A5064274071,David Kempe,US,4745,2001,12
A5030571651,Jürgen Pfeffer,DE,2142,2012,31
A5100338921,Huan Liu,CN,2398,2007,27
A5043471979,J. Richard Harrison,US,821,1994,31
A5075324044,Glenn R. Carroll,US,902,1989,31
A5103570675,Zhiang Lin,US,1044,1992,31
A5029427244,Joseph A. Mikels,US,2567,2004,29
A5038991027,Sam J. Maglio,CA,1610,2005,29
A5041774458,Barbara L. Fredrickson,US,7869,1993,29
A5069572757,Patricia A. Reuter‐Lorenz,US,1436,2004,29
A5078768458,Casey Lindberg,US,610,2005,29
A5035983004,Wenji Mao,CN,787,2007,31
A5038521974,Daniel Zeng,CN,1633,2001,31
A5113600509,Fei‐Yue Wang,CN,1779,2007,31
A5018408477,Manju Ahuja,US,1955,1995,81
A5022083470,Michael J. Prietula,US,1762,1994,31
A5022873790,Dennis F. Galletta,US,834,1995,81
A5062811460,Mahyar Salek,US,683,2007,12
A5101751791,S. Bharathi,IN,492,2007,12
A5083199670,Thomas Zorbach,Unknown,477,2013,31
A5040455173,Ronald Brelger,Unknown,453,2004,31
A5089574004,Philippa Pattison,AU,1637,1978,31
A5043336813,Moya Bailey,US,412,2020,17
A5059487953,Sarah J. Jackson,US,828,2015,17
A5043162191,Kevin Tang,DE,918,2009,24
A5051658526,Daphne Koller,US,3812,1987,12
A5044153684,Pietro Panzarasa,GB,1602,2001,10
A5075298587,Tore Opsahl,US,1234,2008,12
A5003176624,Marcelo Cataldo,IT,943,2007,31
A5056032814,James D. Herbsleb,US,4130,1995,31
A5000454484,Tsuhan Chen,US,425,2007,24
A5007109351,Ruogu Fang,CN,381,2010,24
A5085248097,Noah Snavely,US,1006,2010,24
A5015534160,Momin M. Malik,US,472,2015,31
A5024192305,Michael Kowalchuck,US,254,2016,31
A5007164726,Marina Diakonova,ES,192,2016,5
A5055171653,Alexander J. Stewart,GB,963,2012,5
A5073702596,Joshua B. Plotkin,US,2526,1999,5
A5024977781,Kelly Y. L. Ku,HK,185,2019,76
A5028523119,Yi Kang,HK,158,2019,76
A5060246267,Yunya Song,HK,479,2011,76
A5060538777,Aihua Hu,CN,158,2019,76
A5075124808,Qiuyi Kong,CN,185,2019,76
A5108247941,Lipeng Deng,CN,158,2019,76
A5050428872,David Krackhardt,US,884,1998,31
A5077846424,Pamela Hinds,IN,942,2000,31
A5085405814,Doug Wholey,US,396,2000,31
A5110209608,Les Gasser,US,1506,1990,31
A5025085845,Jana Diesner,DE,704,2004,31
A5045951634,Terrill L. Frantz,US,307,2005,31
A5011828078,Sonal Jain,IN,512,2005,12
A5026549557,Sven Koenig,US,1054,1997,12
A5027493354,Anton J. Kleywegt,US,572,2004,12
A5050068584,Evangelos Markakis,GR,1478,2001,12
A5079365209,Craig A. Tovey,US,748,1986,12
A5084693234,Michail G. Lagoudakis,GR,861,2000,12
A5089066562,Pınar Keskinocak,US,726,2004,12
A5113788789,Adam Meyerson,US,717,2003,12
A5021838614,Anna R. Karlin,US,3663,1988,12
A5068388812,Venkatesan Guruswami,US,576,2000,12
A5089749790,Jason D. Hartline,US,3156,2002,12
A5110280017,Claire Kenyon,US,280,2005,12
A5109960009,Michael Palmquist,US,263,1992,31
A5073091089,Linda Argote,US,1084,2004,6
A5103216480,Yuqing Ren,CN,2816,2006,6
A5087136352,Alan Demers,CA,1502,1974,12
A5032027675,Douglas B. Fridsma,US,286,1999,31
A5041703382,Boris Kaminsky,US,227,2006,31
A5043419445,Elizabeth A. Casman,US,260,2006,31
A5065688873,Démian Nave,US,227,2006,31
A5069166748,Neal Altman,US,227,2006,31
A5088689984,Alex Yahja,US,239,2006,31
A5101938454,Li‐Chiou Chen,TW,269,2004,31
A5103544037,DAVID M. SVOBODA,US,216,1996,31
A5009111822,Nicole Immorlica,US,2937,2004,12
A5040052580,Robert Kleinberg,US,4621,2004,12
A5090426330,Moshe Babaioff,IL,2389,2006,12
A5022560854,Sally Augustin,GB,187,2007,6
A5045188560,Allison Woodruff,US,521,2000,6
A5111461011,Allen Newell,US,4944,1980,6
A5018777906,Mohammad Mahdian,US,2762,2001,12
A5076057781,Nira Liberman,IL,16853,1997,29
A5082644950,Yaacov Trope,US,17804,1997,29
A5059617648,Tahora H. Nazer,US,413,2016,27
A5101525811,Liang Wu,CN,1008,2016,27
A5079997412,Ian McCulloh,US,191,2008,31
A5031545717,Doron Kliger,IL,119,2018,8
A5032082399,Shuly Wintner,IL,213,2004,8
A5077795637,Jennifer Pan,US,4107,2005,17
A5039019367,Peter I. Frazier,US,462,2011,12
A5007782249,Sumeet Kumar,CA,286,2016,31
A5063173613,David M. Beskow,US,178,2019,31
A5003465314,Mengzhou Xia,US,168,2020,8
A5043618214,Joshua Uyheng,PH,221,2019,31
A5103829821,Wei Wei,CN,85,2016,31
A5100410743,Xiaohui Wang,HK,1031,1998,30
A5031626892,Alex Kaju,CA,81,2018,29
A5041641409,Taly Reich,US,206,2008,29
A5079861829,Larissa Doroshenko,US,179,2018,1
A5026949484,Philipp Lorenz-Spreen,DE,633,2018,4
A5062726415,Frederik Riedel,DE,26,2023,34
A5077537901,David Joachim Grüning,DE,91,2021,34
A5001523273,Lynnette Hui Xian Ng,US,123,2020,31
A5010528974,Tiziana Casciaro,CA,531,1999,37
A5045097883,Alan D. Meyer,US,2623,1989,31
A5045613469,Kathleen M. Eisenhardt,US,243,1999,31
A5112904987,Andrew Pettigrew,GB,170,1999,31
A5113862672,Philip C. Anderson,SG,313,1999,31
A5013022885,David S. Kaufer,US,191,1993,31
A5110150233,Norman P. Hummon,US,197,1993,31
A5038535069,Mary K. Goldstein,US,554,1994,29
A5049163875,Alan M. Garber,US,408,1994,29
A5113740344,Corinna E. Löckenhoff,US,1358,2003,29
A5006413591,Xia Zhao,CN,117,2006,31
A5062073106,Kiran M. Ismail,US,117,2006,31
A5111952001,Bangpeng Yao,US,1309,2010,6
A5003816851,Kenneth C. Wilbur,US,308,2010,33
A5102766740,Linli Xu,US,72,2013,33
A5042307561,H. Vincent Poor,US,3792,2005,49
A5064066193,Osman Yağan,US,285,2012,31
A5073782013,Rashad Eletreby,US,64,2020,31
A5102906053,Yong Zhuang,US,187,2016,31
A5103220240,Binxuan Huang,US,61,2020,31
A5110724093,Zeerak Waseem,GB,588,2017,16
A5024434863,Yining Fan,HK,46,2021,76
A5045387296,Lu Yin,US,46,2021,76
A5056636594,K. Hazel Kwon,US,69,2020,76
A5101541888,Baiqi Li,HK,46,2021,76
A5017743551,Bo An,SG,934,2011,23
A5020091080,Christopher Kiekintveld,US,2001,2004,23
A5068610700,Eric Shieh,US,449,2011,23
A5103117754,Satinder Singh,IN,706,2000,23
A5022757511,Thomas Magelinski,US,66,2019,31
A5022585812,Janice T. Blane,US,26,2022,31
A5034808244,Daniele Bellutta,US,26,2022,31
A5011077465,Beatrice Rammstedt,DE,1016,2013,34
A5060898370,Clemens M. Lechner,DE,675,2017,34
A5109076060,John R. Harrald,US,170,1992,31
A5079411499,David Banks,US,211,1994,31
A5055611129,Vangelis Markakis,GR,130,2006,12
A5084411441,Tami Tamir,IL,175,2005,12
A5009445587,Matt Bowden,IE,97,2006,82
A5056002493,Patrick R. Steffen,US,97,2006,82
A5014846800,John Skvoretz,US,1633,1993,24
A5034730160,Barry Markovsky,US,387,1993,24
A5047800987,William Sims Bainbridge,US,97,1994,24
A5103045783,David R. Heise,US,167,1987,24
A5110018213,Edward Brent,US,97,1994,24
A5101610715,Po‐An Chen,TW,214,2008,12
A5032227559,Marcus A. Louie,US,90,2007,31
A5029526597,Paul Francis,DE,556,1999,24
A5043326652,Hamed Haddadi,GB,3945,2009,24
A5049404285,Saikat Guha,US,757,2009,24
A5087428745,Alexey Reznichenko,DE,108,2009,24
A5043536364,Lee J. Kaplowitz,US,78,2011,29
A5112815207,Andrew E. Reed,US,1079,2009,29
A5003689532,George B. Davis,US,76,2008,31
A5054436949,Evan Polman,US,343,2012,29
A5067080233,Guido Schäfer,NL,191,2011,12
A5091684842,Bart de Keijzer,GB,208,2011,12
A5001082451,Jia Wang,CN,53,2016,76
A5102994315,Xinyu Dai,CN,90,2016,76
A5047878798,Xiaodan Liang,Unknown,958,2017,8
A5053236115,Miaofeng Liu,CN,47,2018,31
A5076926809,Bilong Shen,CN,79,2016,31
A5108050911,Weimin Zheng,CN,79,2016,31
A5113919628,Yufeng Ouyang,CN,47,2018,31
A5103730703,David G. Rand,US,440,2020,5
A5000600927,Iuliia Alieva,US,22,2022,31
A5026269091,J. D. Moffitt,US,22,2022,31
A5088860826,Isabel Murdock,US,11,2023,31
A5038224056,Adina Gitomer,US,11,2023,17
A5087164516,Stefan McCabe,US,38,2021,17
A5064587316,Natasha Kamneva,Unknown,83,1998,31
A5075426054,Jeffrey Reminga,US,83,1998,31
A5017589963,Il‐Chul Moon,KR,229,2006,31
A5045660489,Brian R. Hirshman,US,106,2007,31
A5070239076,Tian Yang,CN,75,2011,83
A5113094244,Mengchao Wu,CN,75,2011,83
A5001066749,Michael Feder,US,53,2014,29
A5056680990,Cristina D. Rabaglia,CA,81,2014,29
A5090935890,Madelaine Krehm,US,81,2014,29
A5065980952,Mike Kowalchuck,Unknown,41,2015,31
A5001275905,Shaddin Dughmi,US,731,2009,12
A5058511001,Ruixin Qiang,US,40,2016,12
A5027350386,Jin H. Seok,US,39,2016,29
A5019124526,Ryan Bennett,US,67,2018,24
A5014822644,Imane Khaouja,MA,50,2019,31
A5044005828,Ismail Kassou,MA,50,2019,31
A5103083194,Ghita Mezzour,MA,61,2014,31
A5085218914,Gayatri Bhat,US,36,2019,8
A5033466254,Aman Tyagi,US,33,2020,31
A5062678392,Joachim I. Krueger,US,561,2012,33
A5007172408,Sun Joo Ahn,US,1662,2009,6
A5011861801,Nikki Usher,US,26,2021,17
A5029526990,Shannon C. McGregor,US,45,2019,17
A5037847860,Jessica Vitak,US,4291,2011,6
A5045564812,Katy E. Pearce,US,1459,2012,1
A5047894806,Emily T. Cripe,US,26,2021,17
A5030753656,Jamelle Watson-Daniels,US,18,2022,8
A5091112545,Antônio Theóphilo,BR,18,2022,8
A5020837924,Maksim Tsvetovat,US,70,2005,31
A5017817794,Gabriele Oettingen,DE,3543,1998,29
A5068709657,Heather Barry Kappes,GB,306,2011,29
A5074455864,Doris Mayer,DE,488,2009,29
A5035398709,Edoardo M. Airoldi,US,1449,2004,33
A5100781915,Xue Bai,CN,71,2011,33
A5036233252,Peter M. Gollwitzer,DE,3939,1995,29
A5028574041,Michael W. Bigrigg,US,91,2008,31
A5036961942,Cale Horne,US,56,2012,31
A5047826639,Mia Bloom,US,102,2008,31
A5051505435,Kurt Braddock,US,368,2010,31
A5068791842,Peter Vining,US,40,2012,31
A5073393938,Michael Kenney,US,40,2012,31
A5111548453,John Horgan,IE,420,2008,31
A5030641600,Babak Heydari,MX,523,2011,2
A5083674230,Qian Xu,CN,302,2008,6
A5100608126,Nan Yu,CN,45,2018,6
A5050370761,Ramón Villa-Cox,US,78,2018,31
A5067875478,Christine Sowa,US,32,2019,31
A5009370402,Laura Graham Holmes,US,24,2021,31
A5041560015,J. N. Walton,US,48,2021,31
A5048089055,Elizabeth McGhee Hassrick,US,48,2021,31
A5088613770,Collette Sosnowy,US,24,2021,31
A5052965447,Gourab Ghoshal,US,926,2004,10
A5068151130,Ronaldo Menezes,GB,496,2006,10
A5079403596,Sean Kelty,US,15,2022,10
A5080030270,Alexandre G. Evsukoff,BR,106,2015,10
A5087251956,Zexun Chen,GB,27,2020,10
A5026696092,Curtis M. Topper,US,61,1999,31
A5090647314,Bradley Malin,US,1056,2004,26
A5036724400,Michael J. Ashworth,US,112,2004,31
A5088227654,Craig Schreiber,US,109,2004,31
A5023884238,Virginia L. Bedford,US,44,2008,31
A5043740961,Mark S. Roberts,US,120,1994,31
A5071968122,Bruce Y. Lee,US,139,2008,31
A5102030180,Tsan‐Kuo Chang,TW,50,2011,76
A5005141159,Michael J. Lanham,US,33,2013,31
A5011362394,Guido Cervone,US,107,2014,27
A5068923033,Nitin Agarwal,US,982,2006,27
A5031912548,Juan Ajsivinac Sian,Unknown,29,2018,24
A5014652241,Iain J. Cruickshank,US,26,2019,11
A5023509726,Gian Maria Campedelli,IT,360,2019,11
A5008564713,Jianliang Xu,CN,52,2020,76
A5058488736,Xin Huang,HK,74,2018,76
A5100680487,Shiying Li,CN,23,2020,76
A5003323323,Martha Harty,US,48,1993,31
A5038579832,Suzanne Bakken,US,1937,2003,31
A5076384465,Jacqueline Merrill,US,779,2002,31
A5080795738,Kristine M. Gebbie,AU,1040,2002,31
A5109221121,Maxine L. Rockoff,US,96,2006,31
A5040701706,Sally W. Aboelela,EG,675,2006,31
A5057036419,Elaine Larson,US,984,2004,31
A5079167360,Michael D. Caldwell,Unknown,51,2008,31
A5066107323,Rahul Sukthankar,US,144,2007,24
A5068085751,Christoph H. Lampert,AT,1937,2009,79
A5112013333,Marshall F. Tappen,US,36,2010,24
A5074227937,Jonathan Keeling,US,71,2009,31
A5026182555,Guido K. Schaefer,NL,29,2011,12
A5017465110,Gregory L. Alexander,US,28,2014,31
A5038022072,Linsey M. Steege,US,105,2014,31
A5058506527,Kalyan S. Pasupathy,US,136,2014,31
A5091430514,E. Bradley Strecker,US,28,2014,31
A5008016791,Judith A. Effken,US,168,2003,31
A5009090478,Sheila M. Gephart,US,105,2011,31
A5031068694,Barbara B. Brewer,US,160,2003,31
A5066674438,Jun Han,CN,26,2017,83
A5100399346,Han Zhang,CN,26,2017,83
A5101821682,Hao Xing,CN,26,2017,83
A5110848984,Zheng Wang,CN,26,2017,83
A5001798166,Jefferson Hoye,US,24,2016,17
A5049260372,Ashley V. Reichelmann,US,24,2016,17
A5056980887,Waleed Meleis,US,24,2016,17
A5075233397,Andy Pilny,US,24,2016,17
A5042359253,Anastasios Evgenidis,GB,130,2014,84
A5078974283,Apostolos Fasianos,GR,80,2016,84
A5034688359,Jacquelin Rankine,US,17,2021,35
A5044453885,Alison J. Culyba,US,17,2021,35
A5089061777,Jacqueline M. Burgette,US,17,2021,35
A5033334482,Cindy Y. Teng,US,17,2021,30
A5035673544,Matthew R. Rosengart,US,59,2016,30
A5068198932,Billie S. Davis,US,40,2018,30
A5080552381,Jeremy M. Kahn,US,418,2009,30
A5108530792,Thomas A. Longstaff,US,42,2004,31
A5051088603,Leah A. Lievrouw,US,126,1987,35
A5044617826,Michael A. Zaggl,FR,27,2010,31
A5101571342,Matthias Meyer,DE,124,2010,31
A5010444015,Xinran He,CN,166,2013,27
A5012466128,Jonathan Shepherd,US,36,2017,85
A5061522977,David V. Thiel,AU,159,1988,85
A5080820262,Hugo G. Espinosa,AU,36,2017,85
A5108063115,Binxuan Huang,CN,19,2019,31
A5041532887,Robert J. Kirkby,NZ,18,2020,84
A5071353375,Mairéad de Róiste,NZ,18,2020,84
A5086049530,Fang Yao,CN,18,2020,84
A5074764224,Kevin Lin,US,380,2019,8
A5009666613,Vanessa Hill,GB,59,1999,31
A5059339287,Jesse St. Charles,US,24,2011,31
A5017776752,Tracy Van Holt,Unknown,57,2012,31
A5063203053,James D. Brinkley,US,23,2012,31
A5083500004,Janna Caspersen,US,23,2012,31
A5086207985,Jeffrey C. Johnson,US,57,2012,31
A5049622955,Brendan Burkett,AU,105,2011,85
A5064160495,Daniel James,AU,121,2011,85
A5091757455,Rebecca Goolsby,US,154,2011,31
A5017741738,Vasilis Syrgkanis,US,1056,2012,12
A5025175846,Éva Tardos,US,6792,1986,12
A5044275902,Bangrui Chen,CN,18,2018,12
A5014447086,Eirini Andriopoulou,GR,17,2019,84
A5112071646,Athanassios Petralias,GR,17,2019,84
A5028180504,Hal E. Hershfield,US,683,2011,6
A5018266083,Xian Yang,CN,49,2020,76
A5045081171,Yike Guo,GB,624,2017,76
A5103945511,Qing Yin,CN,14,2021,76
A5110521068,Shuai Niu,CN,14,2021,76
A5114056659,Boubacar Diallo,GN,19,2012,31
A5053586070,Gerhard Thiem,DE,19,2013,31
A5071978262,Thomas Koehler,DE,19,2013,31
A5083987276,Cathleen M. Stuetzer,DE,19,2013,31
A5013502027,Rabee M. Hagem,IQ,19,2013,85
A5025538729,Andy Stamm,DE,19,2013,85
A5020944801,Ahmad Sharbatoghlie,IR,18,2013,5
A5089843819,Taha Shokatian,IR,18,2013,5
A5024097718,Michael E. Bales,US,257,2008,31
A5037627275,Stephen B. Johnson,GB,327,2005,31
A5070791437,Frank Künkel,US,18,2011,31
A5000548595,Jun Ai,CN,84,2012,31
A5060027762,Zhan Su,CN,84,2012,31
A5100423964,Hui Li,CN,316,2011,31
A5100457326,Zhao Hai,CN,17,2013,31
A5058550942,Aleksandrs Slivkins,US,1908,2004,12
A5066485203,Shiri Chechik,IL,17,2013,12
A5078682514,Ittai Abraham,US,684,2004,12
A5019909542,Gene Moyle,AU,16,2014,85
A5023478654,Sarah J.L. Carter,GB,16,2014,85
A5074546820,Julian Quandt,DE,16,2014,85
A5090175598,Isabel Meirelles,CA,16,2014,17
A5110851789,Yi Wu,CN,16,2018,76
A5010997120,Sherri Jean Katz,US,14,2020,86
A5030654899,Hannah Kinzer,US,14,2020,86
A5082212705,Elisia L. Cohen,US,14,2020,86
A5065352364,Matthew T. O. Worsey,AU,13,2021,85
A5037332242,Joyce A. Verran,BR,155,1992,31
A5047957075,Gerri Lamb,US,70,1992,31
A5052845887,Anita Patil,IN,47,2003,31
A5000038347,Maxwell Young,US,421,2005,33
A5039997672,Jared Saia,US,23,2006,33
A5074839699,Michael J. Collins,AU,1248,2005,8
A5042671776,Patrick Wagstrom,US,168,2009,31
A5045020317,David Garlan,US,421,1997,31
A5047332384,Orieta Celiku,US,119,2009,31
A5057348711,Bradley Schmerl,US,351,2004,31
A5007423130,Katherine Tranbarger Freier,US,17,2011,85
A5029643986,Richard L. Scheaffer,US,132,1991,85
A5031607645,Christine Franklin,US,17,2011,85
A5055701903,Brad Hartlaub,US,17,2011,85
A5113589399,Roxy Peck,US,17,2011,85
A5050618414,Jusung Lee,US,16,2012,31
A5013674519,Melissa Tremayne,AU,16,2012,85
A5012059360,Jamie Olson,US,16,2013,31
A5083179389,Raymond Leadbetter,AU,16,2011,85
A5100367866,James Lee,IE,16,2011,85
A5105367711,Yuji Ohgi,JP,16,2011,85
A5088449825,Armin Eberlein,CA,29,2012,31
A5102889918,Li Jiang,CN,29,2012,31
A5026746295,Yu Cheng,CN,97,2017,12
A5061162179,Shahin Shayandeh,US,104,2010,8
A5019999334,Renato Paes Leme,US,739,2010,12
A5082964830,Brendan Lucier,US,1701,2009,12
A5103282352,Michal Feldman,IL,2415,2004,12
A5011567138,Laurent Tambayong,US,14,2012,31
A5066650050,Nicholas Reinholtz,US,91,2015,0
A5078099869,Stephen A. Spiller,US,13,2019,0
A5031728660,Stephen Kinsella,GB,41,2016,84
A5071905148,Hamid Raza,DK,30,2016,84
A5032095191,Ibrahim Rahhal,MA,12,2019,31
A5046032512,Ibtissam Makdoun,MA,12,2019,31
A5012858684,Cherrie Y. N. Kwok,CA,11,2016,29
A5040257073,Ran Xu,CN,142,2018,76
A5083212338,L.R. Carley,US,11,2014,31
A5014043334,Georgios Boutsioukis,GR,11,2019,84
A5028818226,Yannis Petrohilos-Andrianos,GR,11,2019,84
A5059591171,Mike Schneider,DE,16,2005,31
A5112013284,Il-Chul Moon,KR,16,2005,31
A5039651585,Carter T. Butts,US,1988,2006,64
A5075296997,Mike Kowalchuck,Unknown,13,2007,31
A5021818266,Alfonso Paredes,CL,161,1968,85
A5042048224,Marc Galanter,US,134,1984,85
A5049484959,Richard A. Deitrich,US,134,1984,85
A5070981542,Donald W. Goodwin,US,134,1984,85
A5096972938,Henri Begleiter,US,134,1984,85
A5108295946,Marcus Rothschild,DE,134,1984,85
A5113524601,Edward Gottheil,US,161,1968,85
A5081593344,Jay Melican,GB,12,2007,17
A5045812506,Yasumasa Saito,JP,12,2007,23
A5048575057,Makoto Yokoo,JP,979,1990,23
A5072457551,Atsushi Iwasaki,JP,439,2003,23
A5015788232,Matthew Webb,US,12,2008,31
A5037829144,Daniel B. Horn,US,420,2004,19
A5043075977,John M. Graham,US,35,2006,31
A5066593080,Alaiksandr Birukou,Unknown,12,2008,31
A5113803660,Alexander H. Levis,US,12,2008,31
A5005174020,Hu Bin,MO,33,2009,87
A5019594264,Catherine Spence,US,11,2009,87
A5100433691,Yu Zhang,FR,1613,2009,87
A5101577122,Jiang Wu,CN,63,2009,87
A5112725801,Steven Hall,US,11,2009,87
A5014866425,Ronald L. Breiger,US,662,1978,31
A5103688334,Tab Snijders,Unknown,15,2003,31
A5060057268,Ruth Cohn,US,48,1992,31
A5062578422,W. Angus Wallace,GB,310,2000,31
A5026105453,Zygmunt F. Dembek,US,12,2005,31
A5042446076,James L. Hadler,US,12,2005,31
A5035816842,Mike Schneider,US,24,2004,31
A5005005137,Shelley Channon,GB,652,2002,0
A5017534262,David A. Lagnado,GB,4336,2000,0
A5022785200,F. Marcello Iaia,IT,404,2016,10
A5059674609,Paolo Cintia,IT,609,2013,10
A5062410336,Daniel Medina,DE,239,2018,10
A5068819495,Luca Pappalardo,IT,1774,2012,10
A5080713233,Alessio Rossi,IT,389,2016,10
A5100607211,Javier Fernández,ES,239,2018,10
A5011512226,Rajesh Sharma,EE,265,2015,10
A5056754015,Stefano Cresci,IT,2101,2014,10
A5060236527,Ioanna Miliou,SE,233,2020,10
A5066142255,Maurizio Tesconi,IT,2060,2009,10
A5067417895,Vasiliki Voukelatou,GR,222,2020,10
A5073578227,Lorenzo Gabrielli,ES,533,2013,10
A5027857652,Samantha J. Lookatch,US,178,2018,30
A5061586410,Richard Feinn,US,679,2003,30
A5074061414,Danielle E. Ramo,US,210,2018,30
A5075961872,Henry R. Kranzler,US,746,1986,30
A5082572062,James R. McKay,US,979,1988,30
A5069805388,Austin Brown,US,334,2018,30
A5086285176,Gianni Barlacchi,DE,320,2014,10
A5087214548,Massimiliano Luca,IT,295,2020,3
A5003046078,Filippo Simini,US,224,2016,10
A5005046138,Huizi Yu,US,180,2020,55
A5031522503,Lingyao Li,US,177,2020,55
A5036241480,Zihui Ma,US,126,2020,55
A5070395413,Lizhou Fan,US,129,2020,55
A5101403774,Sanggyu Lee,US,82,2021,55
A5033265331,Lizhou Fan,CA,51,2023,55
A5077674580,Zihui Ma,CN,51,2023,55
A5101403775,Sanggyu Lee,KR,39,2023,55
A5088891017,Steven A. Sloman,US,2156,1998,0
A5085696258,Michael R. Waldmann,DE,2262,1992,0
A5097503550,York Hagmaye,DE,189,2007,0
A5055348060,Ro’i Zultan,IL,364,2011,0
A5001268813,Darvany C. Deal,Unknown,176,2008,53
A5033133332,Patrick Haggard,GB,2790,1990,53
A5064444666,James W. Moore,GB,1641,2006,53
A5045216067,Anirudh Srinivasan,US,473,2017,6
A5022719192,Neil R Bramley,GB,513,2014,0
A5075063030,Peter Dayan,DE,34960,1992,0
A5002595735,Giulio Rossetti,IT,338,2012,10
A5024505700,Fosca Giannotti,IT,9923,1985,10
A5044898565,Dino Pedreschi,ES,8139,1985,10
A5046786328,Paolo Ferragina,IT,927,2004,10
A5057423004,Emanuele Massucco,Unknown,118,2019,10
A5028278233,Jahna Otterbacher,CY,249,2006,55
A5101635026,Matthew A. Shapiro,US,171,2013,55
A5042858264,Maarten Speekenbrink,GB,832,2007,0
A5001961716,Noah D. Goodman,US,10053,2005,0
A5043948574,Matthew Peterson,US,125,2017,0
A5071093940,Joshua B. Tenenbaum,US,29755,2000,0
A5055067049,Maarten Vanhoof,GB,198,2016,10
A5017040952,Simone Centellegher,IT,97,2017,3
A5027019842,Lorenzo Lucchini,IT,74,2021,3
A5059223686,Riccardo Gallotti,IT,645,2012,10
A5075228752,Filippo Privitera,Unknown,236,2020,14
A5081236916,Marco De Nadai,IT,618,2016,3
A5000969043,Rumman Chowdhury,US,220,2020,20
A5072470056,Emanuel Moss,US,442,2019,6
A5075302056,Mona Sloane,US,110,2020,6
A5048176602,Vedran Sekara,DK,1088,2014,9
A5049665350,Ed Manley,GB,512,2015,10
A5070463669,Laura Alessandretti,DK,565,2016,14
A5008606101,Rui-Bing Li,CN,48,2022,87
A5044290768,Zhiguang Feng,CN,48,2022,87
A5091097798,Naifu Zhang,CN,112,2018,87
A5108047839,Ligang Wu,CN,426,2007,3
A5021914264,Ben R. Newell,AU,3036,2003,4
A5058228238,David R. Shanks,ES,2938,1992,0
A5036208778,Steven Kahan,US,129,2006,0
A5082975553,York Hagmayer,DE,1394,1995,0
A5024898168,Salvatore Rinzivillo,IT,350,2010,10
A5053503915,Caterina Giusti,IT,169,2012,10
A5071195976,Stefano Marchetti,IT,176,2012,10
A5082617644,Monica Pratesi,IT,569,2007,10
A5083878887,Nicola Salvati,IT,492,2007,10
A5070929859,Marco Malvaldi,IT,83,2015,10
A5038492810,Jonathan Phillips,US,858,2011,0
A5039448352,Jonathan F. Kominsky,AT,318,2015,0
A5047857923,Joshua Knobe,US,1646,2008,0
A5091658786,Christos Bechlivanidis,GB,280,2013,0
A5049148403,Stacy R Ryan-Pettes,US,90,2019,30
A5051826132,Katherine I Magnuson,US,90,2019,30
A5004701096,Caren A. Frosch,GB,97,2011,0
A5014899748,Teresa McCormack,GB,1808,1999,0
A5058295415,Fiona Patrick,GB,86,2014,0
A5025960711,Kevin G. Lynch,US,1366,2001,30
A5007559460,Rachel Ryding,US,59,2019,30
A5016104509,Rafael Prieto Curiel,AT,317,2016,10
A5078278494,Steven R. Bishop,GB,328,2011,10
A5040672500,David H. Epstein,US,1460,1983,30
A5043722260,Albert J. Burgess-Hull,US,72,2020,30
A5046381169,Matthew Tyburski,US,118,2018,30
A5059503246,William J. Kowalczyk,US,180,2017,30
A5060972692,Kenzie L. Preston,US,1353,2003,30
A5102099602,Karran A. Phillips,US,94,2019,30
A5007441251,Sy Hwang,US,26,2022,30
A5037953197,McKenzie Himelein-Wachowiak,US,26,2022,30
A5052340054,Muhammad M. Rahman,US,26,2022,30
A5061236458,Amy Kwarteng,US,26,2022,30
A5039679826,Sophia Lou,US,17,2023,30
A5076158178,Beth N. Gabellini,US,64,2013,30
A5109987600,A. Thomas McLellan,US,627,1994,30
A5011178134,Aron Culotta,US,263,2009,55
A5037058496,Joshua Guberman,US,141,2016,55
A5100442358,Ping Liu,CN,441,2013,55
A5069054780,Jonas Nagel,DE,274,2012,0
A5083742002,Max Kleiman‐Weiner,US,824,2012,0
A5086092571,Tomer Ullman,US,3925,2009,0
A5016127527,Meixia Tao,CN,202,2013,49
A5067460155,Kaibin Zheng,CN,51,2018,49
A5002711235,John F. Kelly,US,444,2005,30
A5021982064,Brandon G. Bergman,US,303,2013,30
A5011368561,Christoph Hoerl,GB,1300,1999,0
A5024108120,Emma Blakey,GB,87,2018,0
A5038628767,Marc J. Buehner,GB,109,2018,0
A5042912805,Sara Lorimer,GB,87,2018,0
A5049722619,Emma C. Tecwyn,GB,189,2016,0
A5035116769,Annelise Russell,US,39,2020,55
A5047291651,Angela Schöpke-Gonzalez,US,62,2020,55
A5006213877,Marius Usher,IL,3963,1998,0
A5061289355,Guy Grinfeld,IL,38,2020,0
A5085640193,James Woodward,US,284,2010,0
A5034045968,Oana Cocarascu,GB,83,2016,0
A5073983744,Antonio Rago,GB,190,2016,0
A5078354590,Francesca Toni,GB,714,2002,0
A5076455112,Shruti Phadke,US,166,2018,6
A5030262115,Matija Franklin,GB,56,2021,23
A5033716467,Edmond Awad,DE,2014,2015,23
A5067285818,Janina Zakrzewski,DE,21,2022,6
A5012762776,Nadine M. Smit,GB,99,2016,0
A5047862613,Ruth M. Morgan,GB,99,2016,0
A5034374474,Carol Schmitz,US,40,2016,55
A5056809403,Ralf Mayrhofer,DE,326,2008,0
A5043406907,Jiahong Yuan,CN,221,2002,35
A5109484591,Greg Kochanski,US,220,2002,35
A5111404129,Chilin Shih,US,233,2002,35
A5070473290,Andrew J. Roback,US,41,2014,55
A5020774139,Daniel Berger,GB,39,2013,0
A5046172297,Martin Neil,GB,1614,1999,0
A5066236471,Anne Hsu,GB,1123,2004,0
A5069178881,Norman Fenton,GB,1722,1999,0
A5085117267,Enrico Perri,AU,165,2016,10
A5033975293,Olaitan Awomolo,US,28,2020,6
A5038710898,Laura Forlano,US,96,2013,6
A5005150470,Yuchen Bian,US,48,2021,35
A5013075695,Xingyu Cai,CN,48,2021,35
A5016543371,Kenneth Church,US,195,2002,35
A5082470433,Jiaji Huang,CN,56,2019,35
A5008711275,Ye Zheng,CN,23,2021,35
A5006695988,Julian Kohne,DE,33,2019,34
A5048901866,Indira Sen,DE,216,2018,34
A5077652159,Paul Juneau,US,17,2022,30
A5085226797,Elise Bragard,US,51,2019,30
A5007295995,Dharma Akmon,Unknown,72,2011,55
A5023705928,Sara Lafia,US,42,2016,55
A5066507823,Amy Pienta,US,15,2022,55
A5090777955,David Bleckley,US,15,2022,55
A5014265399,Marjan Jahanshahi,GB,604,2006,0
A5048544802,M. M. Quallo,GB,44,2008,0
A5103753199,Leonora Wilkinson,GB,758,2003,0
A5020599465,Matthew Meeks,CA,31,2018,30
A5066409136,Marjan Sjerps,NL,42,2014,0
A5066878009,Jacob de Zoete,GB,42,2014,0
A5038468405,Jeffrey C. Zemla,US,208,2016,0
A5082018942,Toby D. Pilditch,GB,281,2018,0
A5075667610,Matthew Heston,US,27,2016,55
A5041719965,Fangxin Chen,CN,50,2002,35
A5110712459,Liqin Shen,CN,50,2002,35
A5008124281,Marci McCoy-Roth,US,46,2004,30
A5019185638,Vani R. Henderson,US,120,2004,30
A5029014646,Daniel W. Barrett,US,75,2004,30
A5060032812,Michael Hennessy,IE,974,2001,30
A5060585908,Nicole Trentacoste,US,120,2004,30
A5065215114,Martin Fishbein,US,6199,1997,30
A5065284861,Lara Kirfel,DE,145,2018,0
A5050862524,Hal Ashton,GB,23,2022,23
A5028421017,Meixia Tao,CN,12,2022,87
A5100391562,Dong Wang,CN,136,2016,87
A5002055587,Nigel Harvey,GB,1914,1997,37
A5014855788,Milena Nikolic,SI,21,2015,0
A5026486498,Wei Lai,US,21,2016,35
A5055868875,Mark Liberman,US,187,2007,30
A5101507580,Xiaoying Xu,CN,21,2016,35
A5014997892,Liam Murphy,IE,256,1994,88
A5057786199,Christina Thorpe,IE,66,2013,88
A5064367759,Vanessa Ayala-Rivera,IE,87,2013,88
A5086869552,A. Omar Portillo‐Dominguez,IE,32,2016,88
A5005725425,Margaret Hedstrom,US,76,2011,55
A5062948993,Susan Leonard,US,19,2020,55
A5036939825,Mahbuba Tasmin,US,19,2020,6
A5086009389,Tamanna Urmi,US,19,2020,6
A5041101317,Huaping Liu,CN,1376,2005,87
A5052849786,Yuhong Deng,SG,16,2021,87
A5055546056,Fuchun Sun,CN,2469,2005,87
A5101833400,Di Guo,CN,439,2017,87
A5112119943,Xiaofeng Guo,US,16,2021,87
A5037946630,Anmol Panda,US,115,2020,6
A5010042304,Björn Meder,DE,906,2009,0
A5028645862,Magda Osman,GB,512,2005,0
A5109514814,Stefan Mangold,DE,44,2010,0
A5033397809,Olaitan Awomolo,US,17,2020,6
A5083400955,Ulrike Hahn,DE,1588,1998,0
A5014605577,Jeroen Keppens,GB,192,2001,23
A5053852359,Hana Chockler,GB,447,2003,12
A5027313517,James E.Hawdon,US,801,2008,10
A5028241795,Jonathan R. Lloyd,GB,17,2018,6
A5048334108,Cristian Olariu,IE,48,2011,88
A5069912937,Adriana Hava,IE,51,2013,88
A5105723395,Alexis Dumas,FR,16,2016,88
A5112477207,Julien Langlois,FR,16,2016,88
A5042561088,Richard D. Gill,US,50,2007,0
A5020322058,W. Kühn,US,27,2016,55
A5052710990,K. K. Caylor,US,13,2021,55
A5026072127,I Taylor,US,31,2010,0
A5030674985,Helena Drury,GB,90,2007,0
A5044033689,Sian Fitzpatrick,GB,44,2009,0
A5026734277,Qian Hu,CN,58,2012,55
A5027389283,Ajay Vinzé,US,61,2003,55
A5051291319,Rashmi Krishnamurthy,IN,17,2012,55
A5052560647,Erik Johnston,US,371,2006,55
A5037875361,Patrick McDonagh,US,134,2011,88
A5079600953,Mazda Beigi,GB,83,2008,0
A5003425648,Gerson Sunyé,FR,14,2014,88
A5005290550,John Murphy,IE,177,1994,88
A5011174001,Thomas Cerqueus,FR,81,2013,88
A5013809375,Adrien Thiery,IE,14,2014,88
A5019598751,Ines Mergel,DE,290,2008,17
A5074771697,David Ribes,US,14,2014,6
A5091406779,Xi Rao,US,14,2016,55
A5043052321,David J. Moore,US,52,2008,30
A5048398419,Elizabeth C. Pasipanodya,US,13,2020,30
A5051921467,Celia B. Fisher,US,156,2016,30
A5077115229,Maulika Kohli,US,13,2020,30
A5025008293,Alice Liefgreen,GB,13,2020,0
A5002654756,Jungo Kasai,US,167,2017,8
A5023648764,Alexander R. Fabbri,US,204,2018,8
A5024879161,Ronan Le Bras,US,3739,2019,8
A5047650040,Jacob Morrison,US,12,2021,8
A5062199735,Lavinia Dunagan,US,12,2021,8
A5088517824,Noah A. Smith,US,10551,2009,8
A5101067919,Keisuke Sakaguchi,JP,1051,2014,8
A5102992157,Yejin Choi,US,9408,2005,8
A5036569970,Daniel Swingley,US,174,2008,35
A5078876000,Carolyn Quam,US,174,2008,35
A5009914424,Yaakov Kareev,IL,581,1994,4
A5046224079,Simeon Schaechtele,Unknown,14,2011,0
A5040735139,Donghee Yvette Wohn,US,1930,2011,6
A5066730320,J. Nathan Matias,US,302,2015,33
A5030648438,Arunima Sarin,GB,72,2017,0
A5101450051,Paul W. Burgess,GB,13,2017,0
A5018780320,Lynne Taylor,US,13,2018,30
A5026828494,Marshall Paul Hughes Mitchell,Unknown,13,2018,30
A5062464892,Jerry Johnson,US,13,2018,30
A5082411134,Cedric H. Jones,Unknown,13,2018,30
A5085090332,Arthur Gilbert,Unknown,13,2018,30
A5112033844,Tara Hayden,US,13,2018,30
A5088039120,Anne Schlottmann,GB,174,1992,0
A5012682000,Roberto Pellungrini,IT,12,2019,10
A5057816221,Joshua Tenenbaum,Unknown,107,2009,0
A5056498896,Riivo Kikas,EE,200,2015,10
A5085212075,Marlon Dumas,EE,283,2004,10
A5038976962,Albert‐László Barabási,US,14807,1992,10
A5018200821,Kayce Courson,US,11,2018,30
A5034500188,Naomi Figley,US,11,2018,30
A5085881646,Thomas G. Kimball,US,11,2018,30
A5033939304,Hannah Gordon,US,11,2018,0
A5069173973,Karla Koskuba,GB,11,2018,0
A5021652745,Duanxu Wang,CN,309,2002,31
A5026578469,Anne S. Tsui,US,2300,1993,31
A5100444190,Yichi Zhang,CN,20,2002,31
A5090351022,Alex Smola,US,7772,2005,8
A5101461004,Zichao Yang,CN,6960,2015,8
A5101727205,Xiaodong He,CN,18780,2013,8
A5111222692,Chris Dyer,GB,7483,2009,8
A5024087833,Colin F. Camerer,US,41753,1987,37
A5042439493,Dan Lovallo,AU,5586,1993,37
A5038488889,Dražen Prelec,US,6377,1991,37
A5074175050,George Loewenstein,US,36315,1989,37
A5077225105,P. Read Montague,US,16561,1993,37
A5103949769,Antonio Rangel,US,14851,2005,37
A5091699309,Todd A. Hare,CH,4893,2008,37
A5058174103,Martin Weber,DE,4353,1989,37
A5112459695,Matthew Rabin,US,12247,1999,37
A5020630555,Rob Rubin,Unknown,1575,2014,6
A5060695800,Philip J. Guo,US,3297,2010,6
A5035995203,Teck‐Hua Ho,SG,6157,1994,37
A5070714231,Juin-Kuan Chong,SG,2455,1998,37
A5009705401,Ralph Adolphs,US,11013,1994,37
A5011348808,Ming Hsu,IT,4013,2005,37
A5060893068,Daniel Tranel,US,10401,1994,37
A5078516970,Meghana Bhatt,US,1423,2005,37
A5016731663,Keith Weigelt,US,2188,1988,37
A5081252843,Richard H. Thaler,US,20899,1987,37
A5029004965,Cédric Anen,US,1962,2005,37
A5029231474,Brooks King‐Casas,US,2887,2005,37
A5109328214,Steven R. Quartz,US,4578,1999,37
A5111725075,Damon Tomlin,US,1890,2005,37
A5043139725,Julian F Kölbel,CH,1700,2019,89
A5072188490,Florian Berg,NO,1735,2019,89
A5110770632,Roberto Rigobón,US,8034,1993,89
A5110861593,Lyndon R. Babcock,US,1465,1996,37
A5023874785,Ernst Fehr,DK,5063,2001,37
A5046868253,Russell A. Poldrack,US,10443,1997,6
A5090104266,Paul W. Glimcher,US,2145,2009,0
A5110738678,Brian Sack,US,1538,2002,89
A5005344604,John P. O’Doherty,US,21432,2003,37
A5059105976,Wolfram Schultz,GB,10200,1997,37
A5023519575,David W. Harless,US,759,1994,37
A5033765081,Ian Krajbich,US,3442,2009,37
A5084711329,Joseph Tao‐yi Wang,TW,1560,2006,37
A5102719304,Min Jeong Kang,KR,747,2009,37
A5109045707,Samuel M. McClure,US,8334,2003,0
A5110740566,B. Sack,US,742,2003,89
A5012804414,Roberto A. Weber,CH,1588,1996,37
A5088518091,Oleg Itskhoki,US,674,2008,14
A5108808440,Gita Gopinath,US,1231,2008,14
A5072495084,Emmanuel J. Candès,US,5782,2008,44
A5080575294,Weijie Su,CN,1590,2008,44
A5028984462,Rosemarie Nagel,ES,789,2001,37
A5081841644,Elena Reutskaja,ES,589,2011,37
A5008403995,Dan Knoepfle,US,892,2009,37
A5065181492,Howard Kunreuther,US,2748,1989,18
A5056972516,Elizabeth Tricomi,US,1437,2004,37
A5003508601,Elizabeth A. Phelps,US,6037,2004,37
A5008698893,Nina G. Curley,US,444,2009,37
A5085956868,Peter Sokol‐Hessner,US,1561,2009,37
A5101425672,Mauricio R. Delgado,US,3893,2004,37
A5028260055,Weipeng Cao,CN,498,2017,44
A5073006299,Xizhao Wang,CN,1794,1997,44
A5100633973,Zhong Ming,CN,1729,2013,44
A5102306926,Jinzhu Gao,US,432,2017,44
A5002846836,Nava Ashraf,GB,957,2005,12
A5033307878,Michael Spezio,US,1733,2006,37
A5031918685,Talia Rymon,IL,465,2002,4
A5032996798,Eric J. Johnson,US,7720,1978,4
A5074412313,Sankar Sen,US,596,1997,4
A5030225272,Marcel Fratzscher,DE,3175,2004,89
A5080063285,Michael Ehrmann,DE,3175,2004,89
A5012620828,Piotr Mitros,US,577,2014,6
A5044751495,Daniel Seaton,US,606,2014,6
A5000474748,Lewei Lu,HK,340,2020,44
A5014662947,Furu Wei,US,1560,2008,26
A5026944066,Jifeng Dai,CN,627,2018,44
A5100365157,Bin Li,CN,450,2007,44
A5101593662,Yue Cao,CN,748,2020,44
A5112877229,Xizhou Zhu,Unknown,526,2018,44
A5019479397,Anna Pavlova,US,581,2003,89
A5110039394,Dingchao Lu,US,318,2012,37
A5024845063,Aston Zhang,US,343,2023,8
A5044588650,Jiaao Chen,CN,456,2020,8
A5070962435,Zhuosheng Zhang,CN,930,2018,8
A5084658659,Chengwei Qin,SG,413,2021,8
A5031717036,Mark Kritzman,US,1241,2002,89
A5053526943,Sébastien Page,US,1026,2002,89
A5101101411,Li Yuanzhen,CN,488,2010,89
A5100750956,Chen Zhao,CN,286,2009,37
A5023449624,Matthias P. Walther,DE,281,2019,24
A5052911565,Ruben C. Arslan,DE,819,2014,24
A5082449726,Cyril Tata,DE,281,2019,24
A5089539629,Carolyn Penstein Rosé,US,3170,2005,8
A5100550303,Miaomiao Wen,US,1028,2012,8
A5102794635,Alberto Cavallo,US,631,2010,89
A5018894035,Nicholas Barberis,US,1354,2003,37
A5061881897,Cary Frydman,US,647,2011,37
A5083456357,Peter Bossaerts,GB,4469,2000,37
A5014000715,Moloud Abdar,AU,208,2022,44
A5031691031,Farhad Pourpanah,CA,220,2022,44
A5054691502,Xinlei Zhou,CN,208,2022,44
A5072923302,Chee Peng Lim,KR,341,2014,44
A5100731724,Q. M. Jonathan Wu,CN,555,2007,44
A5101847338,Yuxuan Luo,CN,208,2022,44
A5114377922,Ran Wang,CN,408,2014,44
A5002621773,Caleb Ziems,US,544,2020,8
A5047951879,Omar Ahmed Shaikh,PK,188,2023,8
A5069870254,Jiaao Chen,US,199,2022,8
A5101201263,Zhehao Zhang,GB,188,2023,8
A5109972562,William A. Held,US,223,2023,8
A5025379086,Paul Hünermund,DK,177,2021,24
A5027778611,Julia M. Rohrer,DE,600,2017,24
A5076659092,Malte Elson,CH,699,2013,24
A5042050067,David Muchlinski,US,110,2021,8
A5042325054,Vaishnavi Anupindi,US,110,2021,8
A5069041669,Mai ElSherief,US,683,2018,6
A5077494001,Jordyn Seybolt,US,110,2021,8
A5001403396,Chenxin Tao,Unknown,52,2023,44
A5013240918,Gao Huang,CN,966,2013,44
A5100444820,Xiaogang Wang,CN,943,2012,44
A5100620306,Jie Zhou,CN,588,2002,44
A5100748135,Yu Qiao,CN,623,2012,44
A5051096025,Taisuke Imai,DE,213,2018,37
A5066948589,Ferdinand M. Vieider,DE,190,2013,37
A5070524694,Alexander L. Brown,DE,555,2008,37
A5003563112,Yuhua Qian,CN,592,2014,44
A5003799782,Witold Pedrycz,PL,1663,2010,44
A5053611525,Doudou Guo,CN,226,2022,44
A5063696855,Yiyu Yao,CA,332,2010,44
A5069969191,Weiping Ding,CN,570,2019,44
A5084755916,Weihua Xu,CN,485,2014,44
A5005779176,James Zou,US,5883,2010,12
A5101925773,Linjun Zhang,NL,13,2024,44
A5102034225,Xinming Tu,US,13,2024,44
A5031576431,Jonathan Chapman,IT,115,2018,17
A5073019130,Erik Snowberg,US,736,2005,17
A5101922299,Stephanie Wang,US,68,2018,17
A5049902741,A.P.J. Vepsäläinen,FI,291,1988,37
A5034550995,Ricardo Hausmann,US,3174,1993,3
A5036826868,Osmel Manzano,US,447,2001,89
A5024587628,Gérard P. Cachon,US,279,1996,37
A5042134369,Terry Lohrenz,US,1580,2007,37
A5076630423,Kevin McCabe,US,662,2001,37
A5059551399,Marc Knez,US,872,1987,37
A5083977381,M. Amin Kayali,US,456,2006,37
A5066653099,Wolfram Schultz,GB,6054,2003,37
A5071969257,Philippe N. Tobler,CH,5717,2003,37
A5084749429,Christopher D. Fiorillo,KR,3906,2003,37
A5089997001,Kerstin Preuschoff,CH,1738,2006,37
A5018797763,Herbert Gintis,AT,7576,1972,11
A5051794103,Richard McElreath,DE,4926,2001,11
A5062793544,Samuel Bowles,US,7622,1972,11
A5070327607,Thomas R. Palfrey,US,2632,1982,37
A5083859927,Brian W. Rogers,US,500,2005,37
A5025365617,Ha Yan Lee,KR,181,2004,89
A5091095917,Luca Ricci,US,181,2004,89
A5042620343,Martin Weber,DE,165,1987,37
A5029566548,Shang-Wen Li,CN,401,2014,6
A5060331377,Brent Neiman,US,379,2012,89
A5033888134,Zhikang Eric Chua,SG,163,2008,37
A5078998782,Neil T. Heffernan,US,1831,2000,30
A5112605320,Samuel Maldonado,US,162,2014,30
A5003190048,Juan D. Carrillo,US,1376,2000,37
A5024078312,Isabelle Brocas,US,1314,2000,37
A5049839424,S. W. Wang,US,139,2014,37
A5027144528,Dean Mobbs,US,1673,2007,52
A5014947418,Pam Goldman,US,136,2014,8
A5035687002,Jennifer Sherer,US,148,2007,8
A5083896973,Ryan G. Carlson,US,188,2012,8
A5110422746,Lauren Β. Resnick,US,162,2007,8
A5010353813,Lindsay M. King,US,130,2010,37
A5056939079,Benjamin Bushong,US,251,2010,37
A5063600631,Eduardo A. Cavallo,IT,236,2008,89
A5072821876,Debajyoti Ray,US,290,2008,37
A5075625656,Benedetto De Martino,GB,849,2009,52
A5069326020,Iris Howley,US,367,2009,8
A5033685419,Lars Penke,DE,2557,2007,24
A5042902733,Katharina M. Schilling,CZ,110,2018,24
A5050328911,Tanja M. Gerlach,GB,1376,2013,24
A5001176258,Genghui Li,CN,948,2015,44
A5002534955,Laizhong Cui,CN,1152,2015,44
A5066196985,Jian Lü,CN,452,2016,44
A5066935890,Qiuzhen Lin,CN,1450,2015,44
A5101509604,Nan Lu,CN,911,2015,44
A5110529194,Jianyong Chen,CN,1135,2015,44
A5031854980,Patrick P. K. Chan,CN,471,2010,44
A5100734678,Qiang He,CN,308,2014,44
A5075198678,Zheng Yao,CN,238,2015,6
A5079887660,Dejian Yu,CN,827,2015,44
A5100437308,Zeshui Xu,CN,2127,2014,44
A5017713240,Elijah Mayfield,US,280,2010,8
A5029015119,Tenbroeck Smith,US,82,2019,8
A5035052603,Naren Ramakrishnan,US,655,2013,8
A5039926801,Bing He,US,273,2013,8
A5014855689,Manaal Faruqui,DK,1623,2010,8
A5021055773,Dipanjan Das,IN,2080,2010,8
A5026789962,Sebastian Gehrmann,DE,571,2016,8
A5040824554,Xuezhi Wang,CN,83,2020,8
A5055033421,Bhuwan Dhingra,US,934,2016,8
A5109937799,Ankur P. Parikh,US,1490,2011,8
A5027814433,Mohammed Alsobay,US,59,2021,33
A5064296964,Abdullah Almaatouq,US,451,2014,3
A5071294124,Ming Yin,CN,358,2014,33
A5010102166,Jane Yu,NZ,42,2022,8
A5029052900,Yi‐Chia Wang,TW,865,2010,6
A5067621853,Alon Halevy,US,719,2003,6
A5081132420,Anushk Mittal,US,35,2022,8
A5101495517,Yihe Liu,CN,66,2022,8
A5113733094,Julian Koelbel,GB,35,2022,89
A5024623417,Ross Dahlke,US,35,2023,6
A5085476617,Ryan C. Moore,US,216,2020,6
A5002023162,Michael A. Bernstein,US,35,2023,8
A5044691513,Omar Shaikh,US,70,2021,8
A5100777469,Hongxin Zhang,CN,35,2023,8
A5078653333,Stefan C. Schmukle,DE,3037,2005,24
A5092051823,Nina Mader,DE,30,2023,24
A5001179598,Hung S. Ho,US,28,2023,37
A5030831197,Katherine L. Milkman,US,1341,2007,37
A5065037325,Anastasia Buyalskaya,FR,41,2021,37
A5100422227,Xiaomin Li,US,60,2022,37
A5082479626,Sebastián Edwards,US,174,2002,89
A5066161571,Carmina Clarke,AU,103,2011,37
A5046937064,Eileen Y. Chou,US,989,2008,37
A5091434670,Robert Östling,SE,161,2010,37
A5050624736,Alec Smith,US,249,2014,37
A5074716987,B. Douglas Bernheim,GB,1634,1986,37
A5064231394,Justin King,US,92,2014,37
A5006981740,Ruth García-Gavilanes,ES,227,2014,24
A5045430608,Anders Mollgaard,DK,224,2016,9
A5069791094,Milena Tsvetkova,GB,231,2010,16
A5005009721,Christopher F. Martin,US,150,2011,37
A5034490805,Rahul Bhui,US,532,2014,0
A5042480969,Tetsuro Matsuzawa,JP,198,2011,37
A5062550465,Kenneth R. Koedinger,US,5339,2000,30
A5071800484,Xu Wang,CN,82,2015,8
A5002804385,Heidi Mauersberger,DE,181,2015,24
A5052525257,Jaap J. A. Denissen,NL,4163,2007,24
A5059306142,Ursula Heß,DE,1133,1988,24
A5063129213,Matthias Ziegler,DE,1313,2007,24
A5067075596,Michael Dufner,CZ,1368,2011,24
A5088981989,Christophe Blaison,FR,191,2015,24
A5067880192,Chien‐Chang Hsu,TW,72,2017,44
A5100412155,Fei Zhang,CN,98,2017,44
A5101500385,Weiwen Liu,CN,148,2017,44
A5101523244,Danni Chen,CN,72,2017,44
A5105788983,Daniel Yeung,CN,323,2005,44
A5027944720,Małgorzata Bogdan,PL,103,2013,44
A5091640094,E. van den Berg,US,71,2013,44
A5017391940,Gideon Nave,US,990,2016,37
A5100421395,Yang Li,CN,61,2020,44
A5103524357,Xinxin Wang,CN,61,2020,44
A5033073191,Qingyan Duan,CN,195,2017,87
A5100325058,David Zhang,GB,2603,2002,87
A5100395308,Wei Jia,CN,189,2008,87
A5106578837,Lei Zhang,CN,2858,2014,87
A5055408235,Tom Rutter,US,67,2020,37
A5017990607,Henning Cordes,DE,26,2022,37
A5038488785,Sven Nolte,NL,100,2017,37
A5047729102,Judith C. Schneider,DE,100,2017,37
A5062407301,Devdeepta Bose,US,26,2022,37
A5021946392,Tae Soo Kim,KR,34,2023,6
A5084721447,Minsuk Chang,KR,225,2019,6
A5101464055,Yoonjoo Lee,KR,34,2023,6
A5013748655,Yohan Yun,KR,16,2023,6
A5102709667,Sungdong Kim,KR,16,2023,6
A5065590661,Camille Harris,US,46,2021,8
A5102905792,Sadie Palmer,US,14,2023,8
A5103265539,Amber Gayle Johnson,US,14,2023,8
A5075364555,Diego Aparicio,ES,28,2019,89
A5083010979,Zachary Metzman,US,14,2023,89
A5024261994,Samuel Issacharoff,US,230,1997,37
A5073914493,Ted O’Donoghue,US,9348,1999,37
A5100327905,Xin Wang,CN,113,2007,37
A5111425796,Chip Heath,US,117,1993,37
A5101876770,Yuanzhen Li,CN,257,2008,89
A5029601647,Pei Liu,CN,2182,2008,90
A5079914638,Feng Fu,CN,100,2012,90
A5087303933,Linwei Ma,CN,1507,2007,90
A5100414978,Zheng Li,CN,2861,2007,90
A5066045346,Chunjong Park,KR,83,2017,6
A5101948265,Sung-Ju Lee,KR,136,2017,6
A5107484889,Dongman Lee,KR,58,2017,6
A5113706112,Junsung Lim,KR,58,2017,6
A5014887931,Sandra F. Lackovic,US,137,2015,37
A5063159746,Bennett Leventhal,US,56,2015,37
A5081313836,Russell H. Tobe,US,56,2015,37
A5012091551,Vegard Engen,GB,93,2016,16
A5015324042,Marika Lüders,NO,287,2013,16
A5041055715,Brian Pickering,GB,93,2016,16
A5074749541,Paul Walland,IT,114,2012,16
A5083563920,Asbjørn Følstad,NO,287,2013,16
A5085018241,Eric T. Meyer,US,479,2009,16
A5089184161,George Bravos,GR,52,2017,16
A5023991597,Anh Minh Truong,BE,95,2019,6
A5101910386,Oliver Wang,US,1478,2017,6
A5008380896,Anne K. Reitz,NL,91,2014,24
A5009172479,Julie C. Driebe,DE,60,2020,24
A5009354211,Justin M. Carré,CA,77,2019,37
A5059172320,Amos Nadler,CA,46,2019,37
A5073808637,Triana L. Ortiz,CA,77,2019,37
A5083335938,David T. Zava,US,46,2019,37
A5083353743,Neil V. Watson,CA,46,2019,37
A5013151488,Haoran Xie,CN,3665,2011,27
A5051105922,Jianhui Pang,MO,53,2017,27
A5058291454,Yanghui Rao,CN,295,2016,27
A5072482402,Fu Lee Wang,HK,1320,2008,27
A5100404176,Qing Li,CN,1301,2002,27
A5101515462,Tak-Lam Wong,CA,461,2008,27
A5016775802,James Hays,US,1530,2015,6
A5072755496,Wittawat Jitkrittum,DE,61,2016,6
A5075214995,Patsorn Sangkloy,TH,720,2016,6
A5027540543,Muhammed J. A. Patwary,BD,39,2019,44
A5068237190,Chengchao Huang,CN,21,2022,44
A5100731116,Yuhao Wu,CN,127,2018,44
A5108519514,Thomas M. Stoker,US,135,2001,30
A5006543313,Daniel Yeung,CN,357,2007,44
A5020529014,Shuyuan Jin,CN,279,2004,44
A5100415118,Zhiqiang Liu,CN,70,2006,44
A5100644375,Hong Yan,CN,405,2006,44
A5040217228,Fujio Toriumi,JP,241,2011,33
A5090592819,Yutaka Matsuo,JP,80,2011,33
A5008742831,Axel Lindner,DE,74,2010,37
A5059911759,Richard A. Andersen,US,127,2003,37
A5017499347,Junhai Zhai,CN,327,2009,44
A5037631498,Xiaohe Pang,CN,44,2016,44
A5061633582,Oliver Ferschke,US,254,2014,8
A5101554423,Gaurav Singh Tomar,MN,390,2015,8
A5009547049,Eric P. Xing,US,7617,2002,8
A5046535830,Abhimanu Kumar,IN,75,2011,8
A5032830362,Kenji Matsumoto,JP,1009,2007,37
A5041955360,Ryuta Aoki,JP,103,2014,37
A5050680784,Ayaka Sugiura,US,180,2013,37
A5061740568,Madoka Matsumoto,JP,839,2007,37
A5085846450,Keise Izuma,JP,638,2010,37
A5089165062,Kou Murayama,DE,1471,2010,37
A5103051923,Yukihito Yomogida,JP,78,2014,37
A5058977902,Jean Song,KR,97,2018,6
A5059548204,Sung-Soo Hong,KR,227,2016,6
A5074827090,Sindhu Kutty,US,41,2019,6
A5081068980,John Joon Young Chung,US,309,2019,6
A5021246406,Jaeyoon Song,US,66,2020,6
A5051438365,Sung-Chul Lee,KR,47,2019,6
A5083731340,Eun-Young Ko,KR,105,2015,6
A5100328643,Jihee Kim,KR,303,2015,6
A5101949384,Seongho Park,KR,36,2020,6
A5031653943,Daniel E. Rigobon,US,30,2021,89
A5109525086,Bomin Jiang,US,30,2021,89
A5009813956,Yoon-Joo Lee,KR,37,2021,6
A5022683477,Minzhi Li,CN,20,2022,8
A5075466372,Anthony Lin Zhang,AU,20,2022,8
A5035970655,Pietro Ortoleva,US,276,2017,17
A5103950374,Mark Dean,US,360,2010,17
A5088014102,Zimian Zhong,CN,73,2001,44
A5103221923,Ming-Hu Ha,CN,73,2001,44
A5040904063,Quang Nguyen,VN,87,2006,37
A5102806679,Tomomi Tanaka,US,191,2006,37
A5026216076,Harumasa Takano,JP,117,2007,37
A5027079991,Hiroshi Ito,JP,53,2008,37
A5029812694,Makiko Yamada,JP,39,2012,37
A5033868555,Hidehiko Takahashi,JP,444,2007,37
A5063754004,Saori Fujie,Unknown,39,2012,37
A5085556975,Tetsuya Suhara,JP,328,2007,37
A5089800489,Tetsuya Matsuda,JP,104,2012,37
A5111973521,Motoichiro Kato,JP,244,2008,37
A5089407206,Salvatore Nunnari,IT,168,2010,37
A5001594887,Hyungyu Shin,KR,35,2018,6
A5010996132,H. Friedrich,DE,32,2019,91
A5113886631,Abigail L. Horn,US,56,2007,91
A5088189200,Damian Brzyski,PL,32,2018,44
A5091213912,Alexej Gossmann,DE,32,2018,44
A5027570365,Saelyne Yang,KR,30,2020,6
A5037455703,Hijung Valentina Shin,US,78,2020,6
A5101939058,Changyoon Lee,KR,30,2020,6
A5063652311,Mitsuo Yoshida,JP,29,2020,33
A5001193304,Yichao Huang,CN,27,2020,44
A5025056799,Aifen Zhou,CN,27,2020,44
A5082044814,Yuanyuan Li,CN,27,2020,44
A5100392717,Da Chen,CN,27,2020,44
A5100636176,Xinping Li,CN,27,2020,44
A5100659210,Wenxin Zhang,CN,27,2020,44
A5101888208,Shunqing Xu,CN,27,2020,44
A5078672329,Xuezhe Ma,US,718,2016,8
A5101888873,Yuwei Wu,CN,401,2018,8
A5043371507,Yueran Duan,CN,41,2020,92
A5102559729,Qing Guan,CN,177,2016,92
A5019731112,Muhammed Ahmed,US,24,2021,8
A5020153026,Duen Horng Chau,US,884,2006,8
A5020702008,Haekyu Park,US,39,2020,8
A5041694845,Will Epperson,US,176,2019,8
A5080665667,Austin P. Wright,US,35,2021,8
A5081136701,Stephane Pinel,US,24,2021,8
A5001729445,Yi-Chia Wang,US,15,2022,8
A5030471602,Raj Sanjay Shah,US,15,2022,8
A5110669819,Aastha Agarwal,GB,15,2022,8
A5112487958,Faye Holt,US,15,2022,8
A5059792149,Peter Battaglia,GB,2505,2007,0
A5073035268,Erik J. Schlicht,US,175,2007,37
A5102786638,Shinsuke Shimojo,US,3522,1988,37
A5103973031,Ken Nakayama,US,1557,1988,37
A5018017627,Min Ju Kang,KR,36,2013,37
A5070527085,Jacob K. Goeree,AU,1637,2000,37
A5108220296,Christoph Brunner,AT,131,2010,37
A5050583110,Tatiana Didier,US,514,2007,89
A5087355856,Sergio L. Schmukler,US,514,2007,89
A5057645006,Mark Zachry,US,91,2011,6
A5068799512,Nathalie Henry Riche,US,458,2010,6
A5082648741,Minhyang Suh,US,190,2015,6
A5100401535,Jooyoung Lee,KR,31,2018,6
A5036673888,Po-Hsuan Lin,US,90,2018,37
A5050477887,Stephanie W. Wang,US,175,2009,37
A5108332188,Kunal Chawla,US,26,2020,8
A5064802489,Haesoo Kim,KR,21,2021,6
A5086964866,Kyung Je Jo,KR,21,2021,6
A5100330202,Hyunwoo Kim,KR,21,2021,6
A5038825611,Ayanna Howard,US,21,2021,8
A5067702238,Matan Halevy,US,21,2021,8
A5024583859,Lusha Zhu,US,405,2012,37
A5036885608,Qingtian Mi,CN,20,2021,37
A5101504179,Cong Wang,CN,50,2018,37
A5018560081,Chun-Ru Dong,CN,87,2007,44
A5039630779,Tie-Gang Fan,CN,41,2007,44
A5109007414,Andrew Powell,FR,60,2008,89
A5046969974,Isamu Okada,JP,124,2012,33
A5059740393,H. Yamamoto,JP,147,2011,33
A5100947463,Shubin Cai,CN,71,2017,44
A5044269137,Joshua Kim,PH,25,2015,37
A5057673396,Annamaria Lusardi,US,62,2014,37
A5088532915,Kyle Carlson,US,25,2015,37
A5002798141,Dustin Tingley,US,10452,2009,17
A5103802088,Andrew Ang,US,75,2017,17
A5036987573,Leandro Zipitría,UY,47,2012,89
A5058789776,Fernando Borráz,UY,47,2012,89
A5103163280,Andrew Mao,US,573,2011,33
A5037159025,Yanbing Liu,CN,108,2015,10
A5064794016,Tao Wu,CN,121,2015,10
A5069415136,Xingping Xian,CN,66,2016,10
A5074090518,Shaojie Qiao,CN,383,2009,10
A5101593330,Wei Wang,CN,1250,2014,10
A5049520707,Mina Huh,US,12,2022,6
A5058167732,Uran Oh,KR,294,2014,6
A5063507621,Y.Y. Lee,KR,12,2022,6
A5088337044,Dasom Choi,KR,25,2022,6
A5103246711,Haesoo Kim,KR,12,2022,6
A5100350631,Le Zhang,CN,537,2019,26
A5015520559,Noah Lim,SG,550,2006,37
A5021543505,Veronica Sovero,US,32,2009,37
A5022665178,Lauren Feiler,US,50,2009,37
A5065017811,Charles Noussair,US,1063,2001,37
A5088342274,C. Mónica Capra,US,711,2007,37
A5100332918,Jie Chen,CN,30,2009,44
A5101434141,Haifeng Xu,US,528,2013,23
A5101870054,Bin Gao,CN,227,2005,8
A5101884287,Tie‐Yan Liu,CN,713,2005,8
A5004813317,Nam Wook Kim,US,213,2010,6
A5005913808,Jonghyuk Jung,KR,35,2015,6
A5090905205,Chang Won Lee,KR,23,2015,6
A5022601535,Mykola Pechenizkiy,NL,49,2009,30
A5027788582,Jacob Whitehill,US,81,2014,30
A5055388471,Larry F. Chu,US,237,2011,30
A5100368048,Na Li,CN,59,2014,30
A5052150259,Tania Lombrozo,US,1113,2010,0
A5069079602,Bernd Huber,US,99,2016,6
A5078900690,Ming Jiang,GB,22,2017,44
A5100412164,Fei Zhang,CN,22,2017,44
A5101846392,Xiaoyan Zeng,CN,22,2017,44
A5108630883,Shanhao Ke,CN,22,2017,44
A5021314811,Anna Dreber,SE,2737,2008,5
A5073303382,Magnus Johannesson,SE,2310,1996,5
A5020028434,Zhiqi Bu,US,31,2019,44
A5058730283,Jason M. Klusowski,US,31,2019,44
A5069505373,Cynthia Rush,US,31,2019,44
A5002296599,Rohit Sridhar,US,16,2021,8
A5024842018,Xuezhi Wang,AU,2778,2018,6
A5026227210,Tianlu Wang,US,1845,2017,8
A5036004533,Yanzhe Zhang,CN,11,2022,8
A5101587247,Jessica Anderson,US,11,2022,8
A5100743703,Tae Soo Kim,KR,23,2021,6
A5061491584,Risto Karjalainen,US,40,1994,37
A5020732750,Hao Jiang,CN,26,2008,44
A5020904621,Jesse Enlow,US,26,2008,44
A5027854071,Timothy J. Bunning,US,58,2008,44
A5047743130,John T. Grant,US,26,2008,44
A5067599189,Kurt G. Eyink,US,26,2008,44
A5012474505,Allison K. Shaw,US,25,2010,16
A5067629531,Roozbeh Daneshvar,US,69,2010,23
A5017127299,Daw‐An Wu,US,367,2004,37
A5064830115,Qiang Hua,CN,21,2012,44
A5101191116,Lijie Bai,CN,21,2012,44
A5101446498,Yuchao Liu,CN,21,2012,44
A5030634576,Houjiang Zhang,CN,21,2012,90
A5041462222,J.F. Hunt,US,21,2012,90
A5082417307,Zhiren Guo,CN,21,2012,90
A5012933125,William G. Iacono,US,4080,1991,24
A5035781155,Wendy Johnson,GB,1056,2002,24
A5063133792,Matt McGue,US,4579,1993,24
A5015968312,Aimin Fu,CN,20,2014,44
A5062786033,Lai‐Sheng Wang,US,20,2014,44
A5076542236,Yulin He,CN,20,2014,44
A5037344196,Satoshi Kurihara,JP,67,2007,33
A5074059447,Yutaka Matsuo,JP,280,2006,33
A5076716774,Itsuki Noda,JP,710,1996,33
A5109832207,Kosuke Shinoda,JP,61,2013,33
A5111981008,Kôki Uchiyama,JP,91,2007,33
A5113443954,Kazuhiro Kazama,JP,34,2013,33
A5004383880,Stephan Wolff,DE,20,2018,37
A5024294331,Christian Kaernbach,DE,50,2015,37
A5036504320,Catharina C. Probst,DE,129,2013,37
A5072366997,Thilo van Eimeren,DE,129,2013,37
A5075424762,Ulrich Schmidt,DE,38,2018,37
A5076896263,Patrick Ring,DE,125,2015,37
A5079247995,Levent Neyse,DE,93,2016,37
A5067417184,Qingyuan Zhao,GB,696,2018,30
A5090252563,Dylan S. Small,US,1117,2009,30
A5101664268,Pengfei Yang,CN,18,2019,44
A5002373584,Michimasa Inaba,JP,68,2013,33
A5015178241,Hirotaka Osawa,JP,44,2014,33
A5022241982,Daisuke Katagami,JP,70,2014,33
A5048337451,N. Nakamura,JP,17,2016,33
A5102045013,Kousuke Shinoda,JP,17,2016,33
A5112131327,Keníchi Takahashi,JP,41,2013,33
A5032185865,Kaiming Wang,CN,17,2020,92
A5039995701,Yixiong Zhang,CN,17,2020,92
A5046930068,Haizhong An,CN,221,2016,92
A5008079274,Germán Molina,ES,288,2010,89
A5040538884,Ramón Espinasa,US,33,2017,89
A5042104024,Enrique ter Horst,CO,288,2010,89
A5058826854,Matteo Iacopini,IT,30,2020,89
A5058836069,Roberto Casarin,IT,30,2020,89
A5074506723,Carlos Sucre,US,17,2020,89
A5100654854,Bing He,CN,17,2020,8
A5102727589,Christopher M. Anderson,US,149,2000,37
A5018260791,Mark S. Rosentraub,US,24,2007,91
A5074213306,Jun Koo,KR,24,2007,91
A5068383641,Victor Chernozhukov,US,222,2007,12
A5002452488,Yaping Dai,CN,33,2012,90
A5100651367,Weiqi Li,CN,186,2012,90
A5010655577,Tuan Q. Phan,HK,306,2015,33
A5025578535,Nargis Pervin,IN,61,2012,33
A5035863623,Anindya Datta,IN,61,2012,33
A5043917711,Hideaki Takeda,JP,74,2006,33
A5032314626,Sergio Guerra Reyes,US,16,2017,89
A5001022894,Stephan J. Lemmer,US,15,2019,6
A5001082066,Shiyan Yan,CN,45,2016,6
A5072682773,Michael Xieyang Liu,US,77,2018,6
A5079301873,Jason J. Corso,US,166,2004,6
A5054554480,Hyunsung Cho,KR,53,2020,6
A5101827163,Jinyoung Oh,KR,14,2020,6
A5068624597,Shiji Song,CN,194,2007,44
A5102331774,Chun-Guo Li,CN,22,2007,44
A5102339003,HuiMin Feng,CN,22,2007,44
A5008274430,Kunqi Liu,CN,19,2010,44
A5068462980,Yichao He,CN,19,2010,44
A5101940337,Yanqi Wang,CN,31,2010,44
A5090302948,A. Pavlova,US,17,2012,89
A5051153018,Matthew Shum,US,364,2003,37
A5085361149,Hongyu Zhu,AU,15,2017,44
A5035758534,Alan Lundgard,US,15,2018,6
A5052488619,Fan Yang,CN,15,2018,6
A5061351462,Wonjeong Park,KR,41,2016,6
A5069307234,Bumsoo Kang,KR,88,2016,6
A5078439692,Seokwoo Song,KR,89,2014,6
A5100698124,John Kim,KR,59,2014,6
A5059378540,Shono Takaku,JP,14,2014,33
A5109335526,Junji Nishino,JP,14,2014,33
A5002214819,Masayuki Numao,JP,47,2007,33
A5108139740,Keisuke Ikeda,JP,14,2014,33
A5113795053,Yoshiyuki Okada,JP,14,2014,33
A5010637153,Rosta Farzan,US,355,2007,6
A5100413576,Ang Li,US,107,2019,6
A5051252924,Yoonseo Choi,KR,12,2021,6
A5091800368,Seungsu Kim,KR,12,2021,6
A5062135451,Yan Yi-zhou,JP,11,2021,33
A5082205147,Toshiharu Sugawara,JP,22,2017,33
A5013063623,Marcus Noeth,Unknown,28,1999,37
A5015497452,Charles R. Plott,US,1550,1982,37
A5084650901,Martin Webber,GB,28,1999,37
A5027119293,Hitoshi Matsubara,JP,656,1996,33
A5113876441,Tengyuan Liang,US,142,2017,52
A5039012694,Sang-Wha Sien,CA,297,2017,6
A5076467686,Irina Smoke,US,13,2019,6
A5101524550,Tae Soo Kim,KR,13,2019,6
A5113601776,Janet Ng,Unknown,13,2019,6
A5007189523,Bungo Miyazaki,JP,12,2014,33
A5044205949,Kiyoshi Izumi,JP,46,2014,33
A5100724730,Ryo Takahashi,JP,12,2014,33
A5044671587,Jingfeng Yang,CN,12,2020,8
A5068060952,Zhaoran Ma,US,12,2020,8
A5027915276,Vincent Hogan,IE,23,2002,89
A5064153354,Craig R. Fox,US,3720,1999,37
A5064959527,Ulrich Sonnemann,DE,15,2008,37
A5102718845,Thomas Langer,DE,543,2001,37
A5074629829,Kengo Osaka,JP,11,2017,33
A5067200799,Simon T. Perrault,SG,28,2019,6
A5100330220,Hyun‐Woo Kim,KR,11,2019,6
A5101447414,Donghoon Han,KR,11,2019,6
A5022218614,Korinn Ostrow,US,203,2014,30
A5064001395,Shayan Doroudi,US,162,2018,30
A5074734777,Douglas Selent,US,57,2016,30
A5082375962,Thanaporn Patikorn,US,61,2018,30
A5089520284,Thomas T. Hills,GB,1783,2002,4
A5039769881,Michael A. Nowak,US,11,2012,6
A5103836157,Clifford Nass,US,3539,1991,6
A5113621267,David Yi‐Yung Hsia,US,14,2002,37
A5090078425,I. Cloete,DE,153,2005,44
A5105759393,Wing W. Y. Ng,CN,539,2004,44
A5040589300,Hongwei Yang,CN,33,2005,44
A5044327434,Zhigeng Pan,CN,140,2003,44
A5101419703,Bing Xu,CN,11,2005,44
A5089808993,Barry Blecherman,US,14,1996,37
A5081848543,Minghu Ha,CN,79,1994,44
A5100963812,Wu Congxin,CN,67,1994,44
A5091661857,Liam Fahey,US,12,1988,37
A5023365550,Brendan O’Connor,US,3126,2008,33
A5027983493,Rion Snow,US,2685,2004,12
A5112456378,Andrew Y. Ng,US,39561,2002,12
A5053847761,Yunhao Zhang,CN,1332,2020,5
A5061020925,Jonathon McPhetres,GB,1758,2020,5
A5110578651,Jackson G. Lu,US,1820,2016,5
A5090423513,Tyrone D. Cannon,US,2286,1995,5
A5016338317,Sadao Nagaoka,JP,610,2010,29
A5028932589,Akira Gotō,JP,959,1968,29
A5036765731,Kazuyuki Motohashi,JP,746,2007,29
A5042485179,Adam Bear,US,1000,2015,5
A5050164598,Evan Collins,US,594,2017,5
A5012330684,Derek J. Koehler,CA,3008,1997,5
A5079031488,Nathaniel Barr,CA,999,2013,5
A5082356616,Jonathan A. Fugelsang,CA,2632,2000,5
A5107599603,James Allan Cheyne,CA,1059,2013,5
A5031000779,Yunhao Zhang,CN,396,2020,5
A5051289671,Jennifer A. Stolz,CA,412,2015,5
A5008800832,Lisa Green,US,328,2010,33
A5102004622,Noah A. Smith,US,1202,2010,8
A5075345326,Robert M. Ross,AU,597,2013,5
A5009653467,Wim De Neys,FR,1461,2011,5
A5066612528,Jabin Binnendyk,US,138,2020,5
A5055631608,Thomas H. Costello,US,103,2019,4
A5043585821,Alex Thornton,GB,2823,2006,11
A5084896543,Nichola Raihani,NZ,1768,2007,11
A5020702662,Tasuku Igarashi,JP,578,2003,29
A5061111274,Jiro Takai,JP,480,2005,29
A5101164549,Toshikazu Yoshida,JP,434,2003,29
A5110589320,Tadahiro Motoyoshi,JP,197,2008,29
A5020537747,Simon J. Handley,AU,2071,1998,5
A5066766316,Dries Trippas,AU,858,2010,5
A5103459757,Valerie A. Thompson,CA,1222,2000,5
A5047333423,Michał Białek,PL,374,2017,5
A5006910348,Heleen J. Janssen,NL,424,2015,93
A5009726144,Tiit Tammaru,EE,1050,2015,93
A5018152289,Raivo Aunap,EE,127,2019,93
A5060637918,Maarten van Ham,NL,1116,2015,93
A5108672082,Szymon Marcin ́czak,EE,127,2019,93
A5040078316,Sarah Smith,US,116,2015,11
A5038519232,Redouan Bshary,CH,1437,2002,11
A5006681132,David Jensen,US,297,2003,28
A5062069583,Katherine A. Keith,US,95,2020,28
A5037530070,Michael Latzer,CH,1295,2000,94
A5081248593,Natascha Just,CH,1137,2000,94
A5091815434,Florian Saurwein,DE,312,2003,94
A5034248975,Vaughan Bell,GB,284,2015,11
A5109886007,Jonathan St. B. T. Evans,GB,5157,1998,5
A5052731816,Rūta Ubarevičienė,EE,171,2015,93
A5039943621,Vidya Narayanan,GB,86,2019,16
A5079636968,Philip N. Howard,US,1399,2004,16
A5088780855,Beatriz Kira,GB,86,2019,16
A5089543019,Caio Machado,GB,127,2019,16
A5091210858,Bence Kollányi,HU,313,2016,16
A5004220414,Andrea Fariña,NL,90,2021,11
A5036307421,Flóra Samu,CN,147,2020,11
A5045575210,Héctor M. Manrique,ES,145,2017,11
A5072511347,Pat Barclay,CA,164,2016,11
A5102930558,Gilbert Roberts,GB,117,2021,11
A5001326226,Luca Cian,US,570,2015,12
A5051832390,Chiara Longoni,IT,1762,2013,12
A5082411878,Andrey Fradkin,US,288,2015,12
A5026721037,Jennifer Allen,DE,174,2020,5
A5006914318,Claudia Soria,IT,146,2005,3
A5006938721,Simonetta Montemagni⋄,IT,302,2005,3
A5020272852,Carlo Biagioli,US,208,2005,3
A5061968837,Enrico Francesconi,IT,381,1998,3
A5066187890,Andrea Passerini,IT,515,2001,3
A5005104439,Uichol Kim,ID,748,1995,29
A5008752474,Lioba Werth,DE,478,2002,29
A5035510241,Tomas Farsides,GB,108,2008,29
A5045167808,Masaki Yuki,JP,1390,1995,29
A5071203255,Yoshihisa Kashima,AU,3640,1992,29
A5078574152,Fritz Strack,DE,7195,1981,29
A5090303376,Emiko S. Kashima,AU,866,1992,29
A5057595868,Katherine McAuliffe,US,879,2006,11
A5009189202,Maja Deković,NL,150,2007,93
A5055879259,Veroni Eichelsheim,NL,146,2015,93
A5112771004,Gerben Bruinsma,NL,554,2013,93
A5101639120,Khanh Nguyen,VN,329,2015,33
A5049710494,Samantha Bradshaw,US,330,2018,16
A5079537449,Lisa‐Maria Neudert,US,180,2018,16
A5082201708,Laura Thomas‐Walters,US,68,2016,11
A5019133242,Katharina Hollnbuchner,CH,114,2014,94
A5078114880,Keith E. Stanovich,CA,3455,2013,5
A5032088990,Laura D. Scherer,US,61,2020,5
A5020251533,Jeremiah X. Johnson,US,95,2019,33
A5066847430,Joseph Hollingsworth,US,97,2019,33
A5085570615,Joseph F. DeCarolis,US,133,2019,33
A5087454958,Eshwar Ravishankar,US,97,2019,33
A5007569759,Jutta Joormann,US,934,2004,5
A5045479268,Philip R. Corlett,US,1391,2004,5
A5078598895,Michael V. Bronstein,US,347,2018,5
A5018211379,Nic Dias,Unknown,53,2020,5
A5012032003,D.A.J. Rand,GB,17,2023,5
A5100330052,Xi Chen,CN,43,2011,5
A5041397023,Tatiana Celadin,IT,128,2020,5
A5068651250,Valerio Capraro,IT,1265,2013,5
A5032015244,Hiroyuki Odagiri,JP,98,1996,29
A5109805326,Richard R. Nelson,US,98,1996,29
A5041780978,Martha J. Nelson‐Flower,CA,134,2009,11
A5080169638,Kelly Moyes,GB,77,2009,11
A5088647455,Amanda R. Ridley,AU,796,2007,11
A5109137543,Lucy E. Browning,AU,105,2009,11
A5113226689,Brandon Stewart,US,3031,2013,17
A5047202614,Suzanne B. Bricker,US,378,2007,33
A5059868302,B. Dallaghan,IE,63,2011,33
A5059896673,Tomasz Dabrowski,IE,63,2011,33
A5064007729,Tracy O’Carroll,IE,63,2011,33
A5064185465,B. O'Loan,IE,63,2011,33
A5081046881,João Pedro Nunes,NL,75,2011,33
A5082007001,J.G. Ferreira,PT,402,2007,33
A5110114879,A.J.S. Hawkins,GB,63,2011,33
A5016354542,Melinda McHenry,AU,59,2014,5
A5080951543,Belinda C. Goodwin,AU,194,2014,5
A5082974775,Matthew Browne,AU,194,2014,5
A5026207393,Abram Handler,US,72,2016,33
A5109348534,Matthew J. Denny,US,458,2016,33
A5065993192,Αθανάσιος Τσαγκανός,GR,186,2006,84
A5060067799,Johnny Tian-Zheng Wei,US,175,2018,27
A5032817992,Michael F. Verde,GB,174,2011,5
A5048727377,Jonathan E. Bone,GB,147,2015,11
A5061206904,Frank M. Weerman,NL,506,2013,93
A5024975916,SC Woolley,Unknown,307,2016,16
A5037350519,Goeran Koeber,DE,46,2020,93
A5076520260,Dietrich Oberwittler,DE,46,2020,93
A5049459195,Jia Yuan Loke,SG,45,2020,31
A5002596278,Joseph M Barnby,AU,75,2017,11
A5062781103,Rafał Muda,PL,63,2020,5
A5092338181,Damian Hamerski,PL,12,2023,5
A5059499598,Sharon Wismer,AU,230,2011,11
A5076419087,Alexandra S. Grutter,AU,252,2002,11
A5101484065,Ana Isabel Pinto,PT,52,2011,11
A5059418406,David J. Aitken,FR,50,2011,11
A5005640779,Robert Axelrod,US,554,2007,0
A5102919117,Ben Edwards,AU,294,2015,87
A5114376382,Stephanie Forrest,US,865,1993,18
A5007878315,Will M. Gervais,GB,1191,2010,11
A5022332121,Ryan McKay,GB,902,2006,5
A5024711241,Robyn Langdon,AU,5733,1998,5
A5067428951,Max Coltheart,AU,5733,1998,5
A5075152768,Brian Wallace,US,385,1993,11
A5001227032,Fausto Giunchiglia,IT,300,2018,3
A5011492998,Enrico Bignotti,IT,249,2018,3
A5060121586,Wanyi Zhang,CN,53,2019,3
A5106225936,Mattia Zeni,IT,249,2018,3
A5059831902,Michael J. Walker,ES,83,2017,11
A5060970505,Henriette Zeidler,SE,125,2016,11
A5014772337,Matthew B. V. Bell,ZA,245,2009,11
A5017675714,Sarah F. Brosnan,US,1489,2010,11
A5040103350,Samuel Kolb,BE,33,2018,3
A5027437541,Charlotte Spencer-Smith,AT,25,2021,94
A5013255108,Eleanor A. Power,GB,131,2021,11
A5058936161,Krystyna A. Golabek,BW,54,2010,11
A5027422071,Paolo Frasconi,IT,681,1996,79
A5029484704,Hirotaro Narabayashi,JP,53,1968,29
A5082649012,Kenji Kosaka,US,127,1968,29
A5087024689,Ryuichi Nakamura,JP,53,1968,29
A5114065959,Kinziro Kubota,JP,57,1968,29
A5024254188,Sinéad English,GB,28,2015,11
A5027358015,Paul Deutchman,US,23,2020,11
A5043387310,Mark Bračič,SI,23,2020,11
A5035383258,Kevin Young,US,23,2020,33
A5054037666,Tuugi Chuluun,US,23,2020,33
A5064971311,Seth Goldman,US,23,2020,33
A5002220847,Dan Sheldon,US,26,2017,33
A5101652546,Tao Sun,CN,26,2017,33
A5030631966,Henrik Singmann,GB,375,2014,4
A5039039657,David Kellen,US,520,2013,4
A5065048113,Chad Dubé,US,316,2010,0
A5052602631,Matthias Karmasin,AT,23,2019,94
A5082525162,Tobias Eberwein,AT,23,2019,94
A5078892889,Elena Zwirner,GB,126,2015,11
A5054856925,Uri Hertz,IL,107,2017,11
A5036582258,Nahema Marchal,CH,44,2020,16
A5036010787,Qiang Shen,GB,121,2001,3
A5069671758,Ivano Bison,IT,551,2000,3
A5073122253,Tommaso Batistoni,GB,12,2022,11
A5004745888,Bolesław K. Szymański,US,1340,2009,26
A5014605473,G. Korniss,US,849,2009,26
A5023950359,S. V. Sreenivasan,US,147,2011,26
A5033547967,Casey Doyle,US,38,2015,26
A5024106454,Paolo Viappiani,FR,22,2016,3
A5044117954,Claudio Saccà,IT,21,2014,3
A5109267259,Michelangelo Diligenti,IT,156,2001,3
A5089594511,Naotoshi Tsukada,JP,38,2015,29
A5109078962,Jun Suzuki,JP,21,2015,29
A5112629368,David Gertler Rand,US,21,2019,5
A5062612448,Jack Merullo,US,19,2019,33
A5063947715,Luke Yeh,US,19,2019,33
A5082767919,Mohit Iyyer,US,14688,2014,33
A5088386242,Alvin Grissom,US,19,2019,33
A5022003705,Paolo Dragone,IT,31,2018,3
A5076242927,Saori Tsukamoto,JP,54,2014,29
A5087454950,Ryosuke Asano,JP,36,2014,29
A5016811306,Stephanos Papadamou,GR,117,2004,84
A5018737149,Peter Slominski,AT,56,2003,94
A5066259555,Hiroaki Niki,US,22,1972,29
A5005963194,Umut Avcı,TR,64,2013,3
A5032648713,Seyed Mostafa Kia,NL,388,2013,3
A5053280575,Nathan Weisz,FR,18,2017,3
A5085994461,Sandro Vega-Pons,IT,18,2017,3
A5020729425,Anna Blumenthal,CA,17,2017,3
A5108143968,Fabian Pedregosa,CA,17,2017,3
A5006910896,Dionisis Philippas,FR,58,2017,84
A5010526989,Costas Siriopoulos,AE,281,2004,84
A5057043565,Veronika Huta,CA,1278,2009,29
A5006717667,Stephen Dipple,US,47,2019,26
A5045688027,Zala Herga,SI,15,2019,26
A5063095022,Dunja Mladenić,SI,131,2001,26
A5036375564,Wessel N. Vermeulen,GB,29,2019,84
A5040231281,Masashige Hamano,JP,29,2019,84
A5102956999,X. Chen,US,12,2021,5
A5034785418,Franco Mascia,BE,286,2008,3
A5072420259,Elisa Cilia,BE,17,2010,3
A5085078006,Mauro Brunato,IT,286,2008,3
A5015781386,Ailbhe N. Finnerty,GB,161,2012,3
A5069479167,Didem Gündoğdu,TR,14,2017,3
A5082391569,Jacopo Staiano,IT,1892,2009,3
A5110228068,Fabio Pianesi,IT,3114,2005,3
A5079321250,Luca Erculiani,IT,12,2021,3
A5073371967,Damian Pieńkosz,PL,51,2020,5
A5020009396,Kunihiro Oka,JP,14,2011,29
A5024638669,Tsuyoshi Murase,JP,14,2011,29
A5100601421,Hideki Yoshikawa,JP,14,2011,29
A5046669509,Hannah Lerner,US,12,2020,33
A5070084977,Mohammad Omar Khursheed,US,12,2020,33
A5070959322,Dhruvil Gala,US,12,2020,33
A5053751891,Shoya Fukuchi,JP,12,2012,29
A5067531250,Kakuro Amasaka,JP,12,2012,29
A5102105115,Takayuki Iida,JP,12,2012,29
A5028175354,Masakazu Ioka,JP,11,2013,29
A5102003982,Norihiro Yoshida,JP,11,2013,29
A5102258593,Katsuro Inoue,JP,140,2013,29
A5112421750,Eunjong Choi,JP,34,2013,29
A5021253678,Michele Vescovi,IT,67,2015,3
A5059525247,Giovanni Pellegrini,CH,11,2018,3
A5062348600,Katya Tentori,IT,127,2015,3
A5059329761,Andrew N. Radford,GB,441,2007,11
A5031667150,Paolo Campigotto,DE,11,2010,3
A5072297116,G. Soda,IT,136,1996,79
A5026147791,Ara Norenzayan,CA,14427,2005,11
A5103003404,Steven J. Heine,CA,11283,2005,11
A5076755077,Stefan Wuchty,US,4266,2007,10
A5079813490,Benjamin F. Jones,PH,9535,1944,10
A5015080044,Sune Lehmann,DK,5754,2008,9
A5059236838,Yong‐Yeol Ahn,US,8115,2005,14
A5040544719,Jarrett Spiro,US,1825,2005,10
A5028642367,Pablo Rodríguez,CL,2258,2007,9
A5101849355,Sue Moon,KR,2771,2006,9
A5009041563,Richard Kim,US,1653,2018,23
A5040553648,Azim Shariff,CA,5902,2007,23
A5090439638,Jonathan Schulz,US,1900,2018,23
A5026050123,Peter J. Richerson,US,9508,1981,11
A5032125874,Ryon Lancaster,US,1356,2003,10
A5027857617,Sara B. Soderstrom,US,873,2010,10
A5088681766,Mark Rivera,US,873,2010,10
A5041695925,Jukka‐Pekka Onnela,US,7118,2002,10
A5083710366,Alan Mislove,US,8221,2006,9
A5108821366,Jan Rosenquist,US,764,2021,9
A5047241169,Steven Heine,CA,693,2010,11
A5022045488,Jason McInerney,US,497,2020,11
A5022751573,Cameron M. Curtin,US,527,2020,11
A5024859465,Alexander Gedranovich,GB,497,2020,11
A5069522430,Braden Thue,US,497,2020,11
A5102831633,Adrian V. Bell,US,1110,2008,11
A5101593607,P. Rodríguez,MX,565,2007,9
A5103810699,Lilian Weng,US,1010,2013,14
A5068484674,Sebastian E. Ahnert,GB,496,2011,14
A5005067021,Scott Atran,GB,3819,1997,0
A5016825583,Bailey R. House,GB,593,2012,11
A5022183708,Adam H. Boyette,DE,884,2011,11
A5024678335,Joan B. Silk,US,1054,1997,11
A5043355959,Barry S. Hewlett,US,908,2011,11
A5045482694,Brooke A. Scelza,US,426,2013,11
A5055465175,Stephen Laurence,TH,454,2008,11
A5067764452,H. Clark Barrett,US,1167,2005,11
A5007374520,Michael Conover,US,4377,2008,14
A5014189381,Ian B. Wood,US,447,2019,14
A5016767305,Azadeh Nematzadeh,US,604,2018,14
A5047569245,Jaehyuk Park,KR,463,2015,14
A5083506441,Elise Jing,RU,388,2019,14
A5109447741,Souvik Ghosh,IN,411,2019,14
A5052209526,Duman Bahrami‐Rad,US,385,2019,5
A5061361998,Jonathan Beauchamp,US,732,2010,5
A5081215274,Péter Csermely,HU,383,2013,10
A5103167873,L.-Y. Wu,CN,383,2013,10
A5112734991,A. L. London,HU,383,2013,10
A5014680668,Jennifer M. Taylor,AU,405,2006,11
A5025428135,Donald M. Gardiner,AU,361,2018,11
A5048970587,Karam B. Singh,AU,361,2018,11
A5054002112,Jana Sperschneider,AU,361,2018,11
A5077228817,Peter N. Dodds,AU,624,2010,11
A5091054916,Natalie Henrich,CA,496,2006,11
A5033643258,Serguei Saavedra,US,994,2006,10
A5052920399,Jordi Bascompte,CH,2497,1992,18
A5072111291,James Broesch,US,532,2011,11
A5000665508,Coady Wing,US,1731,2018,14
A5007564274,Felipe Lozano‐Rojas,US,370,2020,14
A5025355765,Thủy Nguyễn,US,727,2020,14
A5038616158,Ana I. Bento,US,688,2020,14
A5088495469,Kosali Simon,US,1972,2009,14
A5029483412,Cassidy R. Sugimoto,ZA,6209,2008,26
A5062753176,Benoît Macaluso,CA,867,2008,26
A5068542997,Vincent Larivière,CA,6525,2008,26
A5090777482,Elise Smith,GB,601,2017,26
A5009641007,Alan Kingstone,CA,2865,1998,11
A5044162894,Jessica L. Tracy,US,798,2010,11
A5072061891,Joey T. Cheng,CA,838,2010,11
A5084626593,Tom Foulsham,GB,1964,2008,11
A5017256602,Michela Del Vicario,IT,4268,2014,10
A5036935860,Michelangelo Puliga,IT,1329,2012,10
A5038940357,Fabiana Zollo,IT,4590,2014,10
A5082923475,Guido Caldarelli,GB,9461,1997,10
A5080417755,Edward Slingerland,CA,265,2013,11
A5006966951,Andreas Kerren,SE,342,2013,10
A5026383442,Kostiantyn Kucher,SE,205,2015,10
A5055188702,Rafael M. Martins,SE,262,2020,10
A5069766194,Fabrice Rossi,FR,176,2017,10
A5070488104,Angelos Chatzimparmpas,NL,262,2020,10
A5082739993,Ilir Jusufi,SE,151,2013,10
A5031461158,Onur Varol,TR,3375,2013,14
A5043560474,Gabriel Lima,KR,193,2020,9
A5089207342,Chiyoung Cha,KR,304,2012,9
A5101509283,Karandeep Singh,IN,110,2021,9
A5039534270,Wu Youyou,GB,281,2017,30
A5100397797,Yang Yang,CN,1274,2011,26
A5015311126,Mohammad Atari,US,100,2021,11
A5017508941,Mona J. Xue,US,40,2023,11
A5070685856,Damián E. Blasí,ES,81,2021,11
A5087342854,Peter S. Park,US,104,2022,11
A5002041772,Dashun Wang,US,3892,2011,10
A5006634488,Lu Liu,US,209,2018,10
A5076078847,Ben W. Shulman,US,180,2013,11
A5112257752,Vlad Gabrie Vasilescu,RO,180,2013,11
A5026276193,Wanying Zhao,CZ,158,2012,11
A5102984004,Jessica L. Tracy,CA,967,2009,11
A5046684626,Qing Ke,HK,771,2014,26
A5063558276,Aiyana K. Willard,GB,524,2011,11
A5075970199,Susan P. Lambeth,US,1176,2010,11
A5108735807,Steven J. Shapiro,US,128,2013,11
A5023411287,Joe Yuichiro Wakano,JP,522,2008,5
A5053423089,Wataru Nakahashi,JP,164,2012,46
A5051904371,Uwe Hasebrink,DE,638,2011,16
A5053074764,Вероника Калмус,EE,198,2011,16
A5067697208,Ellen Helsper,GB,2329,2009,16
A5113497087,Jos de Haan,NL,106,2013,16
A5032099774,John P. Rathjen,AU,101,2014,11
A5045352216,Narayana M. Upadhyaya,AU,101,2014,11
A5059667230,Adnane Nemri,DE,222,2010,11
A5067470058,Diana P. Garnica,AU,101,2014,11
A5035095811,Joey T. Cheng,CA,98,2016,11
A5048377785,Simon Ho,CA,295,2015,11
A5043669655,Zachary Witkower,NL,221,2019,11
A5005839111,Balázs Lengyel,HU,290,2010,10
A5044033087,János Kertész,AT,5927,1992,10
A5054628350,Ákos Jakobi,HU,104,2015,10
A5073280788,Attila Varga,US,91,2015,10
A5087257186,Yifang Ma,CN,236,2016,10
A5009011935,Fumiaki Taka,JP,40,2022,95
A5011732280,Masanori Takano,JP,132,2016,95
A5021282530,Shannon Dunlap,US,140,2005,10
A5029582457,Michael Ravensdale,CA,110,2010,11
A5072594301,Peter H. Thrall,AU,169,2009,11
A5103488325,Jeffrey G. Ellis,US,162,2010,11
A5021118336,Jannine D. Lasaleta,US,276,2008,11
A5103329805,Sophia Moskalenko,US,101,2008,11
A5111490358,Timothy Takemoto,JP,153,2007,11
A5025282303,Tara C. Callaghan,CA,225,2003,11
A5032139734,Christine Murphy,US,95,2010,11
A5041032476,Philippe Rochat,US,480,2003,11
A5061706351,Tanya Broesch,CA,569,2009,11
A5001007450,Rita Anne McNamara,NZ,193,2016,11
A5016308056,Dimitris Xygalatas,US,768,2013,11
A5033547173,Emma Cohen,US,330,2013,11
A5036739924,Benjamin Grant Purzycki,DK,290,2015,11
A5042208432,Quentin D. Atkinson,NZ,565,2011,11
A5064544103,Coren L. Apicella,US,999,2008,11
A5012872041,Jinyoung Han,KR,417,2014,14
A5060507302,Daejin Choi,KR,396,2014,14
A5083084972,Byung-Gon Chun,KR,154,2009,14
A5101705523,Taejoong Chung,US,93,2014,14
A5106697460,Ted Taekyoung Kwon,KR,894,2011,14
A5071293344,Adam Fourney,US,542,2007,6
A5082095937,Alexandra Vtyurina,CA,150,2016,6
A5055069190,Gireeja Ranade,US,171,2017,6
A5080680637,Miklós Z. Rácz,US,140,2012,20
A5080732494,Markus Möbius,GB,655,2004,33
A5014063224,Alexis Hope,US,158,2011,6
A5038271432,Jennifer Roberts,GB,65,2019,6
A5050163961,Catherine D’Ignazio,US,176,2017,6
A5062502167,Josephine Hoy,US,65,2019,6
A5066556110,Kate Krontiris,SL,65,2019,6
A5070713087,Rebecca Michelson,US,65,2019,6
A5001536187,Nathaniel Rodriguez,US,62,2016,14
A5082461253,Johan Bollen,US,8475,2005,14
A5000967524,Srijita Das,US,111,2017,14
A5024995101,Anne Groggel,AU,49,2021,14
A5033130411,Fabio Rojas,US,106,2014,14
A5042818380,Peter Lista,US,49,2021,14
A5076332929,Shirin Nilizadeh,US,294,2018,14
A5087941663,Apu Kapadia,US,906,2012,14
A5023079588,Ted J. Kaptchuk,IL,119,2018,14
A5033247084,Manvir Singh,US,140,2015,18
A5022293526,Kenji Yokotani,JP,57,2021,95
A5040094074,Woo‐Sung Jung,KR,2027,1985,10
A5069003966,Dakota Murray,US,273,2017,26
A5076947945,Lili Miao,US,96,2018,26
A5012070985,Ze Hong,MO,66,2021,11
A5028329750,Daniel Kelly,GB,547,2007,11
A5045617563,Ivan Kroupin,US,30,2022,11
A5068090235,Helen Davis,US,30,2022,11
A5091094954,Kathleen M. Hagerty,US,77,2011,10
A5033142056,Jaeseung Jeong,KR,147,2011,5
A5076045006,Yunkyu Sohn,US,547,2011,5
A5100366248,Junho Lee,UA,74,2011,5
A5113556639,Myung-kyu Choi,KR,74,2011,5
A5042913237,Myriam Juda,CA,64,2014,11
A5050695417,Gül Deniz Salalι,GB,75,2011,11
A5021024536,Matt Stempeck,US,251,2014,31
A5037549923,Erhardt Graeff,US,513,2011,34
A5015965095,Jean Ensminger,US,405,1994,19
A5038953603,Douglas L. Medin,US,5209,1991,0
A5059382575,Barbara Rogoff,US,952,1985,46
A5011998621,Besmira Nushi,IN,917,2018,6
A5053433716,Ryan L. Boyd,US,3916,2015,24
A5062276512,James W. Pennebaker,US,10514,1983,24
A5091017885,Alexander Spangher,US,67,2018,6
A5018676187,Norman Makoto Su,US,332,2015,14
A5075059497,Supun Nakandala,US,69,2016,14
A5075990664,Giovanni Ciampaglia,US,50,2017,14
A5015780667,Thomas Stoeger,US,25,2022,26
A5031573878,Reese AK Richardson,US,25,2022,26
A5064782606,Pranujan Pathmendra,AU,25,2022,26
A5070019023,Mengyi Sun,FI,77,2020,26
A5082698683,Yasunori Park,AU,25,2022,26
A5084971557,Jennifer A. Byrne,AU,25,2022,26
A5009198425,Julia Moeller,DE,21,2022,34
A5013777963,Marion Spengler,DE,220,2018,34
A5020445672,Katsumi Yamaguchi‐Pedroza,US,36,2021,34
A5038180536,Richard Arum,US,36,2021,34
A5040748824,Hye Rin Lee,US,32,2022,34
A5041308183,Hanna Gaspard,DE,32,2022,34
A5042382846,Luise von Keyserlingk,DE,36,2021,34
A5047394169,Christian Fischer,DE,294,2019,34
A5047810054,Renzhe Yu,US,114,2018,34
A5047168665,Colin Camerer,US,667,1997,37
A5024344974,Cristina Moya,US,299,2012,11
A5033097735,Laura Vonessen,US,59,2018,6
A5064398083,Abdullah Ali,US,232,2016,6
A5022837773,Rachel Baker,US,172,2018,34
A5074661038,Mark Warschauer,US,825,2011,34
A5077460655,Padhraic Smyth,US,488,2010,34
A5100338426,Jihyun Park,KR,110,2017,34
A5101415420,Fernando Rodriguez,US,183,2017,34
A5039620205,Ginger Zhe Jin,US,380,2012,10
A5103126168,Susan Feng Lu,DE,38,2018,10
A5043131201,Misha Teplitskiy,US,372,2016,20
A5064469011,Jainabou Barry Danfa,US,29,2021,26
A5003765063,Réka Benczes,HU,34,2018,16
A5020025569,Omid Askarisichani,US,65,2013,20
A5020551548,Noah E. Friedkin,US,793,2013,20
A5036639779,Ambuj K. Singh,US,291,2006,20
A5068353454,Francesco Bullo,US,857,2013,20
A5031744461,Leah Findlater,US,1337,2009,6
A5076259865,Ryen W. White,US,4314,2007,6
A5043371757,Suresh Naidu,US,956,2007,12
A5070920982,David M. Blei,US,30737,2003,33
A5085921946,Keyon Vafa,US,27,2020,12
A5017591085,Maartje ter Hoeve,NL,75,2018,8
A5031439294,Maarten de Rijke,NL,992,2002,8
A5037183302,Elnaz Nouri,US,68,2020,8
A5090308773,Robert B. Sim,GB,390,2005,6
A5025956553,Nicole L. Washington,US,25,2021,6
A5030250319,Augustina Ao Liu,US,25,2021,6
A5044610534,Lucy Jiang,US,36,2021,6
A5070705628,Lotus Zhang,US,61,2021,6
A5085478298,Jingyao Shao,US,25,2021,6
A5002597222,Mounia Lalmas,US,1652,2006,14
A5084282503,Carlos Castillo,ES,8698,2004,14
A5087001717,Janette Lehmann,ES,741,2012,14
A5007088227,Claire Seungeun Lee,US,22,2021,9
A5007458424,Bogang Jun,KR,203,2018,9
A5084955495,Jisun An,KR,1867,2013,9
A5041099730,Jae Dong Noh,KR,107,2005,10
A5086073834,Naoki Masuda,US,1432,2001,18
A5026664534,Н. В. Антропова,GB,30,2017,56
A5049042648,Maryellen L. Giger,US,141,1996,56
A5065476982,Benjamin Q. Huynh,US,45,2017,56
A5015483503,Michael Terry,US,1303,2001,6
A5049908505,Ben Lafreniere,US,93,2010,6
A5051092148,Parmit K. Chilana,CA,156,2014,6
A5055890875,Kevin Larson,US,492,2000,6
A5103149967,Qisheng Li,CN,223,2018,6
A5021122269,Feixiong Cheng,US,26,2020,10
A5028396638,Joseph Loscalzo,US,1407,2015,10
A5021733063,Yewon Jo,KR,21,2021,6
A5069925182,Hyokyung Bahn,KR,34,2014,6
A5087116106,Suhyeon Yoo,CA,32,2021,6
A5067496606,Sunil Sabnis,US,14,2022,34
A5023764400,Leslie Haddon,GB,412,2003,16
A5034348453,Gitte Stald,DK,120,2008,16
A5036988275,M Barbovski,Unknown,28,2014,16
A5044387493,Liza Tsaliki,GR,28,2014,16
A5051338744,Giovanna Mascheroni,IT,564,2014,16
A5070206062,Barbara Scifo,IT,28,2014,16
A5082133635,Lelia Green,AU,28,2014,16
A5004566032,Emőke-Ágnes Horvát,US,84,2015,10
A5008677243,Jayaram Uparna,IN,25,2015,10
A5075326816,Sarah Szalavitz,Unknown,24,2017,6
A5073802875,Duman Barahmi-Rad,CA,24,2018,5
A5104035638,Catherine Kung,US,22,2020,34
A5002577378,Yi Bu,CN,767,2017,26
A5017147857,Chenwei Zhang,HK,743,2015,27
A5044866528,Huimin Xu,US,97,2019,26
A5047170063,Ying Ding,US,2771,1998,26
A5083649982,Eduardo Salas,US,3307,2002,2
A5100388218,Yi Zhang,CN,62,2011,26
A5101571323,Meijun Liu,CN,59,2022,26
A5101709133,Eric C. Meyer,US,12,2022,26
A5025674539,Natalie Smith,US,44,2004,11
A5039489344,Hyeong-Chai Jeong,KR,145,2003,5
A5035916726,Ming Tang,CN,1026,2012,10
A5100673750,Yu-Xiao Zhu,CN,152,2011,10
A5005700214,Alex C. Williams,DE,404,2017,6
A5101399912,Harmanpreet Kaur,IN,205,2018,6
A5008338420,Kai Huang,CN,11,2022,96
A5054274091,Hongyi Tan,Unknown,11,2022,96
A5056379902,Zhida Wang,CN,11,2022,96
A5077247093,Lisha Shen,CN,11,2022,96
A5077793804,Zhuoxin Lu,CN,11,2022,96
A5086719211,Taiwo Oladapo Ogundipe,CN,11,2022,96
A5100780634,Chang-Feng Yan,CN,11,2022,96
A5101594189,Yan Shi,CN,11,2022,96
A5101672941,Shuo Cao,CN,11,2022,96
A5060353395,Robert Laganière,CA,31,2007,6
A5042326103,Ramesh Govindan,US,5044,2001,6
A5045778373,斌 刘,CN,19,2016,10
A5034869835,Kazuya Wada,JP,18,2016,95
A5080359974,Ichiro Fukuda,JP,18,2016,95
A5054940589,Benjamin Lafreniere,CA,72,2015,6
A5046957279,Mariela J. Rivas,US,37,2019,34
A5064508642,Brian K. Sato,US,102,2014,34
A5064141024,Tsunoda Takaaki,JP,17,2019,95
A5013822898,Michael Alan Sacks,US,35,2001,10
A5028174034,Marc J. Ventresca,GB,35,2001,10
A5017893762,Ole G. Mouritsen,DK,18,2017,14
A5048200344,Rachel Edwards-Stuart,GB,18,2017,14
A5019049697,Nakul Dhande,US,17,2017,14
A5023967203,Kengjeun Park,US,17,2017,14
A5034041314,Artemy Kolchinsky,ES,409,2014,14
A5109702414,Sanjay Basu,US,15,2019,56
A5002330321,Gerd Gigerenzer,DE,34428,1989,4
A5043467778,Axel Ockenfels,DE,1273,1998,37
A5081806061,Wulf Albers,NL,193,1988,37
A5103100665,H. Peyton Young,GB,574,1998,30
A5025907545,Nicholas Switanek,US,15,2013,10
A5060505967,Arram Bae,US,119,2015,10
A5060835507,Doheum Park,KR,64,2015,10
A5055588705,Hwayeon Joh,KR,27,2021,6
A5100711491,Yun-Jung Lee,KR,11,2021,6
A5107844326,Harold R. Roberts,US,16,2009,6
A5015963813,Irina Spiridonova,US,11,2020,6
A5022603471,Srishti Palani,US,26,2020,6
A5103460709,Shane Williams,US,214,2017,6
A5082143549,Jianzhi Zhang,US,11,2020,26
A5007292267,Samantha Ng,GB,13,2009,6
A5036173969,Abdul-Hafeed Fakih,SA,13,2009,6
A5050467922,Pascal Poupart,CA,412,2008,6
A5077041853,John Zelek,CA,13,2009,6
A5072149108,Scott Counts,US,4357,2010,6
A5026829784,Sam Corbett‐Davies,IL,1695,2012,33
A5034217753,Aziz Z. Huq,US,1032,2017,33
A5020132931,Mrinal Kumar,US,838,2015,35
A5024437840,Mark Dredze,US,7208,2006,35
A5039902111,Sushovan De,US,655,2014,6
A5112224258,Aaron Hoff,US,940,2008,6
A5046479021,Stevie Chancellor,US,1746,2016,6
A5052634198,Jessica Pater,US,1122,2013,6
A5083575573,Trustin Clear,US,223,2016,6
A5004209770,Dong Nguyen,VN,908,2010,16
A5008452854,Rebekah Tromble,US,442,2017,16
A5035470216,Alex H. S. Harris,US,304,2005,16
A5038233956,Helen Margetts,GB,1050,2003,16
A5084936290,Bertie Vidgen,GB,508,2016,16
A5001870814,Sherri Rose,US,283,2019,12
A5035149567,Shalmali Joshi,US,372,2020,12
A5070063054,Marzyeh Ghassemi,US,1634,2015,12
A5081135036,Irene Y. Chen,US,1038,2018,12
A5088670724,Kadija Ferryman,US,247,2020,12
A5049176398,Michael L. Birnbaum,US,739,2014,6
A5082235131,Vincent Silenzio,US,635,2013,6
A5111876732,Eric D. Caine,US,165,2019,6
A5026523515,John Torous,US,3449,2015,10
A5069827178,Eric D. Caine,US,142,2020,6
A5042016465,Tobias U. Hauser,GB,843,2016,0
A5085170826,Vasilisa Skvortsova,GB,152,2022,6
A5091561757,Nikolaos Koutsouleris,GB,167,2022,6
A5013542441,Ankur Bhardwaj,IN,77,2022,8
A5016194897,Gaurav Verma,GB,88,2013,8
A5078651528,Winter Mason,US,8272,2008,33
A5014614038,Stephanie Zerwas,US,164,2016,6
A5075474804,Erica L. Goodman,US,164,2016,6
A5007208536,Steven L. Kronick,US,291,2012,7
A5063980066,Jeffrey S. Desmond,US,291,2012,7
A5068960692,Soroush Saghafian,US,830,2006,7
A5079822409,Mark P. Van Oyen,US,1517,2001,7
A5087845868,Wallace J. Hopp,US,3970,1993,7
A5004031088,John M. Kane,US,819,2014,6
A5063638205,Sindhu Kiranmai Ernala,US,624,2017,6
A5108693795,Asra F. Rizvi,US,419,2017,6
A5006597349,Hao Huang,CN,147,2018,97
A5018770643,Raju Kandimalla,SE,147,2018,97
A5045500611,Feng Gao,CN,147,2018,97
A5089450812,Lina Zhu,CN,147,2018,97
A5100327957,Xin Wang,CN,229,2012,97
A5100391892,Wei Wang,CN,147,2018,97
A5100414460,Ying Li,CN,147,2018,97
A5101530683,Ajay Goel,US,147,2018,97
A5055404227,René Clausen Nielsen,US,146,2017,6
A5074743981,Wouter Eekhout,NL,146,2017,6
A5084814820,Sanket Sharma,Unknown,146,2017,6
A5086059098,Tomaz Logar,US,166,2017,6
A5071477720,Eric P. S. Baumer,US,1542,2008,6
A5065863233,Umashanthi Pavalanathan,US,745,2015,6
A5020793872,Eva Sharma,US,233,2018,6
A5024292585,Lydia Manikonda,US,218,2017,27
A5057305505,Shrey Bagroy,IN,104,2017,9
A5078998971,Justin Sampson,US,145,2015,27
A5023825669,Acar Tamersoy,US,214,2012,8
A5085267660,Andrea Hu,US,193,2018,6
A5023881307,Kristin Candan,US,126,2014,6
A5054720505,William A. Sterling,US,93,2019,6
A5041959500,George C. Nitzburg,US,88,2019,6
A5069321643,F Zampieri,US,88,2019,6
A5032446414,Yingdan Lu,US,166,2020,17
A5008425712,Ella Guest,GB,88,2020,16
A5014915335,Matthew Hall,US,88,2020,16
A5086803769,Austin Botelho,GB,88,2020,16
A5051023985,Manikanta D. Reddy,US,156,2019,6
A5054447149,Albert J. Carter,US,134,2019,6
A5112549982,Sang Chan Kim,US,86,2019,6
A5007426895,Maria Liakata,GB,2198,2015,16
A5009637990,Simon DeDeo,US,254,2015,16
A5052286201,Jane Winters,GB,85,2020,16
A5086934220,David Mimno,US,2641,2009,6
A5008316506,Sidney K. D’Mello,US,2352,2007,10
A5017564609,Gregory D. Abowd,US,2443,1999,6
A5100618617,Richard Li,US,81,2019,6
A5111516020,Thomas Plötz,US,239,2009,6
A5053993953,Conor Rizuto,US,74,2019,6
A5103895169,Amanda Stafford,US,74,2019,6
A5006047589,José A. López‐Escámez,ES,71,2021,98
A5017373524,Behrang Keshavarz,CA,227,2019,98
A5029925743,Ben D. Lawson,TR,71,2021,98
A5046355938,Yoon‐Hee Cha,US,140,2020,98
A5053155995,Måns Magnusson,ZA,140,2020,98
A5085831393,Bill J. Yates,US,71,2021,98
A5100391612,Ji‐Soo Kim,US,107,2013,98
A5103735764,John F. Golding,GB,227,2019,98
A5113643054,Joseph M. Furman,US,71,2021,98
A5069379894,Sami Abu-El-Haija,US,294,2016,27
A5075920466,Greg Ver Steeg,US,1814,2012,27
A5085886529,Mehrnoosh Mirtaheri,US,84,2019,27
A5002969950,Sushrut Jadhav,IN,57,2022,6
A5039125291,Nicola J. Bidwell,Unknown,771,2010,6
A5048744714,Soumitra Pathare,IN,76,2021,6
A5050948555,Daniel Nkemelu,US,57,2022,6
A5103234063,Neha Kumar,US,297,2017,6
A5010875544,Upol Ehsan,US,490,2019,6
A5061883150,Mark Riedl,US,632,2006,6
A5019512764,Seunghyun Kim,US,40,2023,24
A5032530421,Pamela Wiśniewski,US,2036,2012,24
A5040820784,Afsaneh Razi,US,354,2020,24
A5051322312,Ashwaq Alsoubai,SA,209,2021,24
A5057624211,Shiza Ali,US,214,2019,24
A5013165064,Ming Li,US,144,2006,87
A5020144785,Jing Han,CN,144,2006,87
A5100344290,Lei Guo,CN,674,2005,87
A5004505276,Dorée Duncan Seligmann,BM,558,2007,26
A5112456983,Ajita John,BM,558,2007,26
A5103036859,Seyed Reza Hejazi,IR,115,2006,7
A5042126127,Yannis Kalantidis,KR,96,2017,6
A5064396720,Kaya de Barbaro,US,131,2017,6
A5068477431,Xia Hu,US,3899,2011,27
A5042415153,Uraz Yavanoğlu,TR,60,2018,27
A5067780801,Stephen R. Corman,US,60,2018,27
A5059724555,Asra Yousuf,US,58,2021,6
A5000700625,Dong Whi Yoo,US,97,2019,6
A5002671229,Kofoworola D. A. Williams,US,31,2022,30
A5029291959,Linda O’Dwyer,US,31,2022,30
A5040567962,William A Wood,US,16,2023,6
A5053248246,Lan Gao,US,16,2023,6
A5058794631,Vedant Das Swain,US,108,2020,6
A5070555973,Srikruthi C Matli,US,16,2023,6
A5037821383,Chen Ling,US,248,2020,24
A5015227261,Xiang Li,CN,1109,2010,7
A5100779226,Yongjian Li,CN,1054,2010,7
A5009029178,danah boyd,US,20344,2003,6
A5021992851,Reza Zafarani,US,1656,2009,27
A5112252870,Shamanth Kumar,US,493,2009,27
A5034106354,Brian Tomlin,US,81,2016,7
A5028121464,Seyed M. R. Iravani,US,853,2004,7
A5056945835,Cheng Yao,CN,49,2018,7
A5051472163,Tristan Labetoulle,US,46,2018,6
A5069159299,Fred Bane,US,46,2018,6
A5058911878,Hemang Rajvanshy,US,45,2020,6
A5020981565,Jan Porthun,NO,44,2019,99
A5025334726,Ivan Medina‐Porqueres,ES,44,2019,99
A5071553594,Christine Lohr,DE,44,2019,99
A5081725440,Tobias Schmidt,CH,44,2019,99
A5108791962,K.-M. Braumann,DE,44,2019,99
A5109197216,R. Reer,DE,44,2019,99
A5000148012,Tuja Khaund,US,132,2018,27
A5061817627,Baris Kirdemir,US,53,2021,27
A5110304506,Yiqing Xu,US,912,2015,17
A5070613964,Pei Zhou,CN,291,2019,27
A5026439947,Shrija Mishra,US,21,2022,6
A5078182007,Stephen M. Mattingly,US,207,2019,6
A5101934708,Victor Chen,US,42,2020,6
A5019141418,Aisling Kelliher,US,352,2009,26
A5089902996,Eungab Kim,KR,57,2013,7
A5103106349,Kiran Garimella,NL,1066,2016,14
A5047709989,Xuyi Shan,CN,44,2016,27
A5100406789,Hui‐Ming Cheng,CN,176,2008,27
A5100445442,Dawei Wang,CN,59,2015,27
A5100448879,Feng Li,CN,195,2008,27
A5100338939,Huan Liu,CN,44,2014,31
A5068245060,Daniela Stockmann,DE,40,2017,16
A5098235263,Andreas Storz,PL,40,2017,16
A5064878466,Sarmistha Dutta,US,59,2018,6
A5036446070,Anna Van Meter,US,64,2020,6
A5066637071,Elizabeth Arenare,US,77,2020,6
A5081735030,Asra Ali,US,68,2020,6
A5115597910,Muhammad Naveed,PK,28,2021,27
A5017045577,Stephan Biller,US,59,2012,7
A5083556065,Piper Vornholt,US,26,2021,6
A5076205660,Katherine Musacchio Schafer,US,56,2020,8
A5000684736,Jungseock Joo,US,46,2017,17
A5069120214,Kunwoo Park,KR,509,2012,9
A5108583842,Jack Schaefer,US,18,2022,17
A5081316458,Umang Gupta,US,71,2021,27
A5017827768,Yunqiu Shao,CN,37,2018,27
A5021381399,Shanika Karunasekera,AU,592,2011,27
A5029791462,Jonathan Grudin,US,631,1995,6
A5100323320,Hui Zhang,CN,35,2014,6
A5017731005,Eva A. van Reijmersdal,NL,4034,2005,42
A5022751577,Hein T. van Schie,NL,45,2019,42
A5056423601,Rhianne W. Hoek,NL,29,2020,42
A5065727690,Esther Rozendaal,NL,1283,2008,42
A5039568717,Pranshu Gupta,US,25,2021,6
A5003327929,Erin Kasson,US,119,2020,10
A5019243136,Patricia Cavazos‐Rehg,US,200,2015,10
A5025858716,Raven Riordan,US,25,2021,10
A5028998480,Mai El Sherief,US,25,2021,10
A5055959450,Nina Kaiser,AT,125,2019,10
A5068912456,Sanjana Garg,US,25,2021,10
A5087611680,Jordan Taylor,US,25,2021,10
A5019698232,Jie Gao,CN,16,2022,97
A5049079508,Xuan Qin,CN,16,2022,97
A5100363642,Lan Wang,CN,16,2022,97
A5100420987,Juan Li,CN,16,2022,97
A5100425554,Li Zhang,CN,16,2022,97
A5101842417,Jing Zhao,CN,16,2022,97
A5066156038,Bahareh Harandizadeh,US,15,2022,27
A5079427575,J. Hunter Priniski,US,15,2022,27
A5007066697,Kamila Janmohamed,US,15,2022,6
A5012172886,Nathan Walter,US,47,2020,6
A5014047432,Natalie Sangngam,US,15,2022,6
A5034989344,Sam Hampsher,US,15,2022,6
A5078160161,Kate Nyhan,US,15,2022,6
A5080320641,Navin Kumar,IN,15,2022,6
A5021905307,Axel Peytavin,NL,15,2022,100
A5027206383,Doug Klink,NL,15,2022,100
A5050157218,Laurent Lebreton,NL,15,2022,100
A5025082463,Pingan He,CN,383,2008,97
A5072432177,Dan Li,CN,33,2012,97
A5100389406,Yuhua Yao,CN,196,2012,97
A5100430706,Yanping Zhang,CN,75,2010,97
A5035211563,Jan Paul Medema,NL,44,2013,97
A5043831964,Louis Vermeulen,NL,33,2013,97
A5061373499,Felipe de Sousa e Melo,US,33,2013,97
A5083151857,Florian Markowetz,GB,33,2013,97
A5024582585,Harsh Dani,US,555,2016,27
A5101810223,Jennifer Ma,AU,28,2018,6
A5011048500,Suhang Wang,US,2313,2015,27
A5040639891,Jiliang Tang,US,3724,2012,27
A5008858069,Laura T. Haderxhanaj,US,26,2020,101
A5048462233,Ian H. Spicknall,US,26,2020,101
A5074705403,Sagar Kumar,US,38,2020,101
A5026925377,Edward Moskal,US,25,2019,6
A5069576325,Anusha Sirigiri,IN,25,2019,6
A5038211988,Jiawei Zhou,US,13,2022,6
A5051429372,Catherine R. Deeter,US,13,2022,6
A5072157516,Irene Michelle Lopez Carron,ES,13,2022,6
A5058098939,Prathamesh Kulkarni,US,21,2020,6
A5016408867,Anjali Devakumar,US,17,2021,6
A5079272514,Bahador Saket,US,141,2014,6
A5090248844,Jay Modh,US,17,2021,6
A5019142982,Whitney Muscat,US,29,2019,6
A5025758023,Michael Sobolev,US,245,2018,6
A5052052855,Sabrina Yum-Chan,US,17,2021,6
A5061686151,Inna Wanyin Lin,US,281,2021,6
A5072967500,Katrin Hänsel,US,43,2016,6
A5045949932,Ravi Kant Gupta,Unknown,12,2022,101
A5056180670,Ganesh Dubey,IN,12,2022,101
A5103377079,Mukesh Kumar,IN,12,2022,101
A5026799813,Ross Maciejewski,US,440,2015,26
A5067974546,Xiuli Chao,US,21,2014,7
A5030248499,Nanyun Peng,US,1382,2012,27
A5021398721,Harini A. Chakkera,US,19,2020,7
A5054864437,Alireza Boloori,US,19,2020,7
A5066496796,Curtiss B. Cook,US,30,2020,7
A5008352827,Denise M. Werchan,US,192,2012,98
A5030475104,Rebecca L. Gómez,US,295,2003,98
A5008547559,Christopher M. Jones,US,30,2021,6
A5020968972,Akadia Kacha-Ochana,US,16,2021,6
A5025530148,Steven A. Sumner,US,42,2021,6
A5058923124,LeShaundra Cordier,Unknown,16,2021,6
A5063852715,Kelly Holton,US,16,2021,6
A5083697275,Royal Law,US,16,2021,6
A5110828386,Lyna Shieber,Unknown,16,2021,6
A5035698575,Alexandra Taylor Koehler,US,11,2022,24
A5069125392,Estefania Sanchez,US,11,2022,24
A5108972921,Ryan Doherty,US,11,2022,24
A5112876603,Xavier V. Caddle,US,11,2022,24
A5008880747,Rodrigo Dorantes-Gilardi,MX,34,2018,102
A5033058854,Laurent Vuillon,FR,20,2018,102
A5042128771,Lorenza Pacini,FR,20,2018,102
A5042605870,Claire Lesieur,FR,20,2018,102
A5067374720,Laëtitia Bourgeat,FR,20,2018,102
A5000196334,Xin Fu,CN,14,2021,92
A5003379938,Hao Jia,CN,14,2021,92
A5005442951,Shanglin Yang,CN,14,2021,92
A5020431602,Gaolu Zhang,CN,14,2021,92
A5025931500,Lin Yang,CN,82,2017,92
A5033873033,Ting Zhou,CN,14,2021,92
A5069582226,Jincheng Dai,CN,14,2021,92
A5088819609,Lei Zhang,CN,14,2021,92
A5016726874,Seong‐Hae Jeong,KR,18,2013,98
A5042571833,Ae Young Lee,KR,18,2013,98
A5055306688,Hyun‐Jin Jo,KR,18,2013,98
A5057962627,Jong Wook Shin,KR,18,2013,98
A5077809848,In Chul Baek,KR,18,2013,98
A5101617714,Jae-Moon Kim,KR,18,2013,98
A5065990625,Thamme Gowda,US,15,2019,27
A5011229960,Hiram Hernández-Ramos,MX,14,2020,102
A5057082591,Jesús Espinal‐Enríquez,MX,14,2020,102
A5071817083,Diana García-Cortés,MX,14,2020,102
A5018384415,Asta Roseway,US,1149,2012,6
A5043306376,I. Gentle,AU,15,2015,27
A5078818181,Kuang‐Hsu Wu,AU,15,2015,27
A5110380437,Xue Leng,CN,15,2015,27
A5007661234,Sam Jackson,US,53,2018,6
A5026153937,Olga Boichak,AU,53,2018,6
A5035547239,Sikana Tanupabrungsun,GB,143,2017,6
A5058044503,Jeff Hemsley,US,275,2011,6
A5052080132,Tahirah Ahmad,US,12,2021,6
A5073947433,Corinne David‐Ferdon,US,12,2021,6
A5070589969,Susan A. Murphy,US,5449,2004,6
A5048489384,James Caverlee,US,450,2009,26
A5060405045,Parisa Kaghazgaran,US,30,2019,26
A5079395846,Majid Alfifi,US,30,2019,26
A5103182258,Ian Stewart,NZ,36,2017,6
A5031236554,Claudio Castellano,IT,4890,1998,14
A5053938061,Santo Fortunato,US,6811,2004,14
A5070657345,Vittorio Loreto,IT,7167,1995,14
A5056106335,Michael L. Kalish,US,3582,1997,4
A5102903629,Christopher G. Lucas,GB,3018,2008,0
A5080087902,Charles Kemp,AU,6981,2001,0
A5039638848,Wendy A. de Heer,US,1663,2016,0
A5042978135,Frédéric E. Theunissen,US,2573,2001,0
A5056348548,Jack L. Gallant,US,4275,2001,0
A5077310477,Alexander G. Huth,US,3589,2010,0
A5051768325,Mark Steyvers,US,4882,1996,0
A5036780061,Falk Lieder,US,3447,2012,0
A5083771180,Matthew Botvinick,GB,26044,1999,0
A5091709254,Wouter Kool,US,3485,2010,0
A5006381131,Stephen M. Kissler,US,1455,2018,18
A5015588148,Yonatan H. Grad,US,1107,2020,18
A5039428882,Kate M. Bubar,US,797,2020,18
A5054744757,Sarah Cobey,US,968,2011,18
A5057338010,Kyle Reinholt,US,765,2021,18
A5008969687,Nathalie Del Vecchio,FR,584,2007,88
A5031952531,Matthieu Latapy,FR,1047,2001,88
A5032061401,Clémence Magnien,FR,891,2006,88
A5073170587,Takeshi Yamada,JP,720,2006,0
A5105268757,Naonori Ueda,JP,769,1992,0
A5007418876,Nick Chater,GB,12729,1990,0
A5112799299,Amy Perfors,AU,2470,2004,0
A5027903946,Samuel Arbesman,US,1837,2009,5
A5112093875,Edward Vul,US,1530,2009,0
A5034461489,Mark Johnson,AU,5712,2005,0
A5075564798,Sharon Goldwater,GB,1429,2005,0
A5033574079,Piotr Sapieżyński,US,1541,2014,9
A5074995400,Arkadiusz Stopczynski,US,1359,2011,9
A5075585743,Andrea Cuttone,DK,404,2013,9
A5089509071,Jakob Eg Larsen,DK,669,2011,9
A5103176878,Mette Madsen,DK,389,2014,9
A5074565549,Simon Kirby,GB,4159,2001,0
A5084759791,Mike Dowman,GB,446,2007,0
A5013009893,Shaun O’Grady,US,290,2017,0
A5020676714,Rosie Aboody,US,290,2017,0
A5025117351,Ronald E. Dahl,US,1718,2005,0
A5062253481,Alison Gopnik,US,6336,2000,0
A5067003773,Adrienne Wente,US,290,2017,0
A5074597914,Sophie Bridgers,US,767,2012,0
A5088027475,Hoki Fung,SG,290,2017,0
A5052048365,Fei Xu,US,3380,2000,0
A5015419380,Patrick Shafto,US,1925,2001,0
A5027855219,Raj Kumar Pan,FI,1141,2011,10
A5065692438,Kimmo Kaski,FI,7339,1999,10
A5021209136,Armando Rungi,IT,360,2014,10
A5027859155,Alexander M. Petersen,US,1784,2008,10
A5071390808,Orion Penner,GB,636,2010,10
A5002020728,Mikko Kivelä,FI,1919,2008,10
A5002092845,Andrea Lancichinetti,US,634,2010,10
A5016109670,Naomi H. Feldman,US,845,2007,0
A5112332257,James L. Morgan,US,556,2009,0
A5073180325,A. Ratkiewicz,US,3757,2010,14
A5020926211,Kenny Smith,US,3978,2003,0
A5025205227,Karthik Narasimhan,US,608,2020,0
A5025419994,Izhak Shafran,US,504,2022,0
A5034251656,Shunyu Yao,US,488,2022,0
A5080095155,Jeffrey Zhao,US,496,2021,0
A5100400922,Yuan Cao,CN,504,2022,0
A5113226487,Dian Yu,CA,625,2018,0
A5001647657,Richard K. Darst,FI,285,2014,10
A5022368086,Ginestra Bianconi,GB,1973,2004,10
A5083195897,Jacopo Iacovacci,IT,448,2014,10
A5064577132,Daphna Buchsbaum,US,927,2005,0
A5011803409,Gianluca Stringini,GB,208,2018,24
A5056600584,Michael Sirivianos,CY,1615,2017,24
A5064275485,Barry Bradlyn,US,321,2018,24
A5005219368,Aleksandra Korolova,US,1316,2014,9
A5021785804,Aaron Rieke,Unknown,557,2018,9
A5056913696,Miranda Bogen,US,498,2018,9
A5063099386,Muhammad Ali,CN,527,2018,9
A5069346030,Quentin J. M. Huys,GB,3817,2004,0
A5050099046,Clayton A. Davis,US,2068,2013,14
A5038274891,Fan Huang,US,129,2023,9
A5009722403,Michael L. Littman,US,3026,1996,0
A5080191195,David Abel,GB,374,2016,0
A5083289746,Carlos G. Correa,US,99,2022,0
A5083477814,Mark K. Ho,US,692,2015,0
A5006206163,Priyam Das,US,88,2021,0
A5009764942,Sayan Gul,US,88,2021,0
A5019568596,Frederick Callaway,US,267,2017,0
A5030706487,Bas van Opheusden,US,161,2021,0
A5086558424,Paul M. Krueger,US,302,2017,0
A5089014521,Charles C. Kemp,US,243,2018,6
A5019723604,Raja Marjieh,US,115,2023,0
A5021757437,Nori Jacoby,US,147,2016,0
A5045500067,Pol van Rijn,DE,27,2022,0
A5053200092,Ilia Sucholutsky,US,159,2021,0
A5008840028,Taichi Murayama,JP,39,2020,9
A5015855466,Kunihiro Miyazaki,US,12,2024,9
A5088621577,Takayuki Uchiba,JP,12,2024,9
A5041256271,Young-Ho Eom,KR,523,2006,10
A5020092544,Laura Schulz,US,5533,2001,0
A5053594805,Elizabeth Bonawitz,US,2240,2006,0
A5025964235,Adam N. Sanborn,GB,1376,2006,0
A5068340465,Vikash K. Mansinghka,US,587,2005,0
A5026930125,Florencia Reali,UY,478,2006,0
A5039593921,Alexandre Pouget,CH,2401,1998,12
A5048115353,Dennis Norris,GB,342,1985,79
A5010295611,Martin Pielot,ES,933,2013,3
A5013727792,Nuria Oliver,Unknown,5458,1998,3
A5105927123,Rodrigo Cardoso de Oliveira,BR,1109,2008,3
A5024562387,Lei Shi,CN,202,2008,0
A5103234894,Michael C. Frank,US,3735,2009,0
A5010626848,Joshua T. Abbott,AU,406,2012,0
A5081871525,Joseph L. Austerweil,US,820,2008,0
A5001208552,Alana Firl,US,153,2007,0
A5112230302,Hyunwoo Chun,KR,162,2011,9
A5026931667,David Dreyer Lassen,DK,537,2017,9
A5054105542,Amin Mazloumian,US,255,2011,10
A5089505843,Sergi Lozano,ES,559,2008,10
A5043686273,Radu Gatej,DK,154,2015,9
A5033256823,Tiphaine Viard,FR,128,2015,88
A5009019474,Soo-Yong Shin,KR,257,2013,9
A5015763173,Min‐Woo Jo,CN,128,2016,9
A5019875643,Dong‐Woo Seo,KR,257,2013,9
A5049470149,Jin Gwack,KR,128,2016,9
A5100737046,Sung‐Han Kim,KR,128,2016,9
A5001692924,Ana Lucia Abeliansky,AT,123,2016,30
A5005096721,Stephanie Denison,CA,1103,2006,0
A5014490044,Yang Xu,CN,585,2010,0
A5061070355,Emily Cibelli,US,128,2013,0
A5088590161,Terry Regier,US,2152,1996,0
A5032492856,Morgan Williams,AU,150,2012,8
A5034550396,Brennan Klein,US,161,2012,8
A5045709001,Cassandra J. Strawser,US,149,2012,8
A5048997213,Frank H. Durgin,US,388,2011,8
A5077965506,Ariana Spiegel,US,149,2012,8
A5086956585,Priscila López,ES,153,2010,30
A5006661033,Erin Grant,GB,315,2017,0
A5113968865,Michael B. Chang,US,522,2016,0
A5005431772,Chelsea Finn,US,11634,2015,0
A5026322200,Sergey Levine,US,21501,2014,0
A5029105520,Trevor Darrell,US,14277,1993,0
A5081505300,Jonathan Luu,US,148,2018,30
A5091554009,Billy Liu,US,148,2018,30
A5023882015,Pedro O. S. Vaz de Melo,BR,561,2011,9
A5110671642,Raquel O. Prates,BR,204,2012,9
A5013465081,Yian Yin,US,171,2019,10
A5100782346,Jichao Li,CN,97,2020,10
A5026362436,Tamar Kushnir,US,2350,2003,0
A5057061128,Christine Fawcett,SE,451,2008,0
A5065718884,Lori Markson,US,242,2010,0
A5077215501,Jane C. Hu,US,126,2013,0
A5063366956,Sebastián Valenzuela,CL,1005,2012,1
A5076283776,Daniel Halpern,CL,1036,2012,1
A5076658851,Javier Vásquez,CL,103,2016,1
A5085039329,Eduardo Arriagada,CL,90,2016,1
A5075987993,Azzurra Ruggeri,DE,947,2013,0
A5014283670,Soon-gyo Jung,QA,431,2018,9
A5044849571,Bernard J. Jansen,QA,2283,2014,9
A5083126896,Joni Salminen,FI,1411,2017,9
A5084677225,M. Admad,SO,86,2018,9
A5052776631,Valentin Kassarnig,AT,236,2017,9
A5058732791,Andreas Bjerre-Nielsen,DK,385,2017,9
A5087893605,Enys Mones,HU,260,2017,9
A5045288622,Danielle Navarro,AU,1610,2008,0
A5081038789,Kevin Robert Canini,US,317,2008,0
A5005997281,Anca D. Dragan,US,1161,2016,0
A5012971694,Rohin Shah,GB,124,2019,0
A5039815972,Micah Carroll,US,163,2019,0
A5049349154,Pieter Abbeel,US,20550,2002,0
A5064230639,Sanjit A. Seshia,US,457,2008,0
A5039966740,Ruairidh M. Battleday,US,94,2020,0
A5047380888,Joshua C. Peterson,US,321,2015,0
A5087341282,Rachel Jansen,US,69,2021,0
A5096878617,Julio Rieis,BR,57,2021,9
A5101058262,Pedro Vaz de Melo,BR,130,2014,9
A5112456364,Fabrício De Souza,BR,57,2021,9
A5069454833,Jordan W. Suchow,US,212,2017,0
A5103706325,James B. Evans,US,56,2022,0
A5028626457,Alexander Todorov,US,1194,2005,29
A5032708228,Stefan Uddenberg,US,158,2020,0
A5041689299,Robert D. Hawkins,US,701,1994,0
A5076654614,Michael Franke,DE,120,2012,0
A5054123046,Minkyu Shin,HK,42,2023,0
A5100380870,Jin Kim,US,42,2023,0
A5029249257,Nathaniel D. Daw,US,17143,2003,0
A5000577985,Shunyu Yao,Unknown,181,2018,0
A5047918106,Theodore R. Sumers,US,83,2022,0
A5003082850,R. Thomas McCoy,US,492,2018,8
A5091234676,Matthew Hardy,US,22,2023,8
A5102164378,Dan Friedman,US,57,2019,8
A5080394708,Simon Dennis,AU,295,1998,4
A5015196683,David M. Sobel,US,3003,1999,0
A5011767953,Nola Klemfuss,US,349,2010,56
A5013844832,Jing Xu,CN,772,2009,56
A5079012482,Richard B. Ivry,US,3475,1989,56
A5086289136,John E. Schlerf,US,749,2007,56
A5084989076,Emma Brunskill,US,1497,2009,12
A5017708876,Katherine Van Koevering,US,75,2018,64
A5045494255,Kate Starbird,US,3733,2010,64
A5059458646,Daniel Scarnecchia,US,75,2018,64
A5066261059,Katya Yefimova,US,75,2018,64
A5069855349,Tom Wilson,US,471,2018,64
A5088006907,Ahmer Arif,ID,688,2016,64
A5006404753,Arnab Chatterjee,IN,186,2013,10
A5045879414,Marija Mitrović,RS,418,2009,10
A5020328989,Baxter Eaves,US,215,2012,0
A5113012366,Wesley Zeng,GB,70,2019,17
A5042192372,Andreas Jungherr,DE,978,2011,3
A5090730667,Oliver Posegga,DE,540,2015,3
A5004656270,Caterina De Bacco,DE,168,2016,10
A5012055259,Preslav Nakov,AE,7274,2006,8
A5025885625,Ramy Baly,US,667,2017,8
A5028121952,Yoan Dinkov,FR,76,2019,8
A5054648637,Georgi Karadzhov,GB,852,2017,8
A5100693435,Ahmed Ali,EG,348,2014,8
A5112758056,James Glass,US,1508,2009,8
A5063752021,João M. Santos,PT,197,2018,9
A5100429506,Won-Jae Lee,KR,46,2021,9
A5057243118,P. M. Krafft,GB,513,2016,3
A5075956753,Erez Shmueli,IL,485,2014,3
A5017013518,Bill Thompson,US,238,2013,0
A5001928585,Takateru Yamakoshi,JP,26,2022,0
A5056266198,Samuel A. Nastase,US,1115,2019,0
A5065697534,Ariel Goldstein,IL,652,2019,0
A5067264638,Uri Hasson,US,3684,2014,0
A5070059815,Kenneth A. Norman,US,5484,1997,0
A5078519295,Sreejan Kumar,US,26,2022,0
A5063267934,Sourabh Niyogi,US,214,2003,0
A5031018451,Julia Othmer,CL,81,2009,30
A5072184476,Ian Miles,AU,112,2003,30
A5053621830,Richard M. Shiffrin,US,2436,1992,0
A5011455884,Brian Christian,US,111,2008,0
A5052181447,Cheon‐Gyu Cho,KR,70,2013,103
A5053784747,Kyung Park,KR,70,2013,103
A5064488684,Iseul Lim,KR,70,2013,103
A5089218042,Myung M. Sung,KR,70,2013,103
A5110172154,Sonali M. Salunkhe,KR,70,2013,103
A5111863814,Sung‐Hwan Han,KR,70,2013,103
A5112344937,Andrew Whalen,US,68,2012,0
A5072659290,Alexandra Paxton,US,93,2015,9
A5032668331,Xi‐Nian Zuo,CN,2436,2011,14
A5063256470,Jiang Qiu,CN,225,2015,14
A5070709214,Sol Lim,GB,54,2017,14
A5072352855,Ye He,CN,720,2015,14
A5100639046,Lei Zhang,CN,500,2003,14
A5100696610,Peng Xie,CN,76,2017,14
A5055770757,Michael R. Gillings,AU,51,2016,30
A5103149670,Darrell J. Kemp,AU,51,2016,30
A5102872779,Lene Nielsen,DK,176,2017,9
A5112865214,Soon‐gyo Jung,QA,848,2017,9
A5028928899,Sarah Vieweg,US,4154,2007,64
A5046133815,Sercan Şengün,US,127,2018,9
A5112466339,D. Fox Harrell,US,48,2018,9
A5014018142,Katherine Heller,US,243,2012,0
A5048204767,Ghassen Jerfel,US,65,2018,0
A5001401596,David Bourgin,US,95,2017,0
A5007305440,Stuart Russell,US,3640,1992,0
A5008857083,Christopher Churas,US,41,2020,14
A5025490527,Akshat Singhal,US,41,2020,14
A5038117263,Dexter Pratt,US,56,2013,14
A5060794117,Fan Zheng,CN,41,2020,14
A5077869603,Song Cao,CN,137,2014,14
A5089373684,Trey Ideker,US,208,2013,14
A5043926040,Philip S. Chodrow,US,32,2021,33
A5085510775,Mari Kawakatsu,US,45,2021,33
A5088002094,Nicole Eikmeier,US,61,2017,33
A5011148802,Ben Kravitz,US,31,2021,14
A5025683130,Filipi N. Silva,US,128,2013,14
A5090038371,Didier A. Vega‐Oliveros,BR,110,2017,14
A5083919055,Rachit Dubey,US,76,2019,0
A5102661017,Aditi Jha,US,13,2023,0
A5003883620,J.R. Horton,US,11,2023,20
A5018502975,Daniel L. Rock,US,145,1982,20
A5038255653,Erik Brynjolfsson,US,3107,1988,20
A5041414868,Alexandre Mas,US,289,2012,20
A5041747384,Christos Makridis,US,160,2020,20
A5054012719,Hong-Yi TuYe,US,870,2020,20
A5072363418,Adam Ozimek,US,870,2020,20
A5024829855,Ghyung‐Hwa Kim,KR,75,2006,104
A5039986043,Kimoon Kim,KR,75,2006,104
A5050176313,Hyungphil Chun,KR,75,2006,104
A5066123465,Heung‐Soo Lee,KR,75,2006,104
A5081689937,Hyunuk Kim,KR,75,2006,104
A5047387491,Yoonchan Choi,KR,65,2009,10
A5078821451,Elizabeth Seiver,US,267,2012,0
A5006752368,Mikkel Flyverbom,DK,130,2016,30
A5014269339,Anders Koed Madsen,KH,90,2016,30
A5021340448,Evelyn Ruppert,GB,119,2016,30
A5052196188,Aida Nematzadeh,DK,80,2017,0
A5085643937,Stephan C. Meylan,US,307,2013,0
A5009750886,Nicholas Hay,US,42,2014,0
A5034507822,Jessica B. Hamrick,GB,1131,2011,0
A5058696551,Dillon Plunkett,MX,77,2014,0
A5007272725,Giridhari Venkatadri,MX,155,2016,9
A5014050555,Elena Lucherini,US,193,2018,33
A5100727390,Abhishek Gupta,US,592,2015,0
A5000031081,Thomas Langlois,US,29,2021,0
A5100746424,Xu Fei,US,56,2011,0
A5014708680,Kevin A. Smith,US,611,2013,0
A5111936382,Ed Vul,US,131,2009,0
A5007038366,Ioanna Psylla,DK,35,2017,9
A5001351453,Owen X. Chen,US,31,2019,0
A5070509173,Smitha Milli,US,498,2017,0
A5112436157,Cristián Vásquez,CL,38,2010,30
A5026114344,Mike Oaksford,GB,6733,1990,0
A5009715973,Woodrow L. Shew,US,36,2011,33
A5041169962,Juan G. Restrepo,US,52,2011,33
A5082913931,Edward Ott,US,438,2006,14
A5016783162,Emily Sun,US,44,2012,8
A5100382274,Zhi Li,US,319,2011,8
A5021264622,Luke Maurits,DE,179,2009,0
A5007495056,Michelle LaMar,US,32,2014,0
A5026585886,Jordan Viard,FR,29,2015,88
A5026803966,Joel D. Hahn,US,215,2010,14
A5077038503,Larry W. Swanson,US,449,2010,14
A5090907675,Lucas G. S. Jeub,GB,191,2015,10
A5004489401,Kuan-Ta Chen,TW,28,2017,9
A5046305810,Sabina Tomkins,US,77,2016,27
A5047338645,Ben London,US,89,2013,27
A5054767879,Steven Isley,US,28,2018,27
A5009862994,Hanya M. Qureshi,US,21,2021,9
A5058570755,Hermish Mehta,US,20,2021,0
A5021339534,David Danks,US,1263,2002,0
A5046943453,Jean‐Loup Guillaume,FR,217,2005,88
A5001221594,Aaron Beppu,US,36,2009,0
A5060618768,Saiwing Yeung,US,26,2014,0
A5050710435,Jaime F. Fisac,US,236,2015,0
A5083232991,J. Karl Hedrick,US,84,2014,0
A5100353347,Chang Liu,CN,72,2016,0
A5103101043,S. Shankar Sastry,US,1527,1998,0
A5055506349,Wolf Vanpaemel,BE,332,2014,24
A5101676626,Eun Lee,US,182,2017,10
A5002925901,Predrag Klasnja,US,4933,2008,6
A5050868515,Peng Liao,CN,288,2015,6
A5007848139,Kristen K. Bjorkman,US,12,2022,18
A5014796446,Roy Parker,US,12,2022,18
A5047384824,Casey Middleton,US,12,2022,18
A5085025927,Elizabeth Baraff,Unknown,54,2004,0
A5011387239,Stevens Le Blond,MX,126,2005,88
A5015154801,John D. Bransford,US,51,1987,20
A5035396049,Leslie C. Morey,US,40,1987,20
A5113807310,Stephen A. Maisto,US,731,1987,30
A5110702582,Sidney Redner,US,7287,1993,10
A5088030879,Mridul Nagpal,IN,20,2019,9
A5077958415,Hind Almerekhi,QA,197,2018,9
A5001875114,Nicole Gerzon,MX,11,2022,9
A5068866693,Levi Kaplan,US,11,2022,9
A5076633756,James A. Evans,US,1623,2015,0
A5036699950,Sanatan Digal,IN,34,2004,14
A5061872090,Helmut Satz,DE,34,2004,14
A5028962895,Damien Magoni,FR,43,2006,88
A5087861219,Daniel R. Little,AU,315,2006,4
A5064698574,Michael Pacer,US,98,2012,0
A5100329931,Xi Chen,CN,917,2013,0
A5062155252,Andy Horng,US,19,2016,0
A5064308770,Dylan Daniels,US,19,2018,0
A5101696376,Arti Ramesh,US,234,2014,27
A5081824828,Tal Linzen,US,1500,2017,8
A5088217655,Paul Smolensky,IN,838,1987,8
A5112442974,Seungyeop Han,KR,17,2015,9
A5025891034,Hongtao Lv,CN,16,2015,44
A5047509839,Jianye Hao,CN,137,2014,44
A5058226478,Honglin Bao,US,16,2015,44
A5074681163,Chao Yu,CN,304,2012,44
A5080092678,Fenghui Ren,AU,245,2012,44
A5032666539,Soumen Ganguly,DE,14,2020,9
A5086101517,Hüsrev Taha Sencar,QA,13,2021,9
A5080391864,Ha Duong Phan,VN,30,2001,88
A5046434559,Jorge Katz,CL,29,2003,30
A5032550277,Kenneth A. Wallston,US,43,1987,30
A5089808665,Beth E. Meyerowitz,US,27,1987,30
A5002345064,Rachelle D. Rock,US,26,1984,20
A5006124573,Barbara K. Wise,US,26,1984,20
A5059042543,Kathy E. Green,US,26,1984,20
A5113579380,Dietrich Stauffer,DE,11282,1985,10
A5070091346,Jay B. Martin,US,332,2008,0
A5004077606,Chelsea Cutino,US,54,2016,1
A5014828411,Brittany Andersen,US,15,2018,1
A5037093270,Qiankun Zhong,US,15,2018,1
A5047607459,James E. Katz,US,3652,2000,1
A5060333280,Jacob Groshek,US,103,2007,1
A5010766332,Sonia Alonso Saenz De Oger,US,12,2021,9
A5041808447,Yelena Mejova,IT,1111,2009,24
A5067451854,Braulio Gómez Fortes,ES,12,2021,9
A5080804835,Annie Waldherr,AT,12,2021,30
A5010079117,Nadya Vasilyeva,US,94,2017,0
A5045466371,Kaley Curtis,US,11,2021,0
A5068455353,Casey Lewry,US,11,2021,0
A5028727904,Philippe Gauron,FR,21,2005,88
A5111427134,Pierre Fraigniaud,FR,71,2000,12
A5047970122,Matthew Purver,GB,154,2007,12
A5074514516,Virginia Savova,US,19,2008,0
A5112329027,Ethan Schreiber,US,16,2010,0
A5005554337,Matei Zaharia,US,6717,2008,12
A5006633829,Poong Oh,SG,77,2013,2
A5002059425,Noé Gaumont,CA,12,2016,88
A5019847029,David Darmon,US,53,2015,30
A5015254027,Giuseppe Mangioni,IT,265,2006,10
A5087894393,Daniel Faria Bernardes,FR,12,2012,88
A5106430229,Fabien Tarissan,FR,12,2012,88
A5086706224,Alan Yuille,US,1354,2006,0
A5037020807,Dane Taylor,US,217,2012,28
A5023663197,Patricia A. Nolen,US,16,1982,20
A5001726575,Daniel Spengler,BR,14,1984,20
A5026314576,Jo Ann Brockway,US,14,1984,20
A5058491003,June Bergman,CA,14,1984,20
A5111531404,Wilbert E. Fordyce,US,14,1984,20
A5051257652,Siddharth Suri,US,7624,2004,33
A5055422172,Mary L. Gray,US,1619,2015,33
A5071546444,Pang‐Ning Tan,US,1505,2000,2
A5100645812,Vipin Kumar,IN,2728,2000,2
A5046071383,Aleksandar Lazarević,BA,848,2003,2
A5049521806,Levent Ertöz,US,963,2003,2
A5065223885,Aysel Ozgur,US,848,2003,2
A5042731872,Attila Márton,IT,835,2010,81
A5079161259,Aleksi Aaltonen,US,1035,2010,81
A5088509282,Jannis Kallinikos,IT,1304,2009,81
A5003268415,David Crandall,US,1756,2008,14
A5081008532,Daniele Quercia,GB,4928,2005,24
A5018665643,Jon Kleinberg,US,1145,2010,12
A5018696141,Duncan J. Watts,NO,367,2010,33
A5101816126,Young Ae Kim,US,452,2007,2
A5036258938,Rossano Schifanella,IT,2049,2006,24
A5011734740,Tamas Jambor,GB,314,2012,24
A5053488778,Yuan Cao Zhang,GB,314,2012,24
A5087884109,Diarmuid Ó Séaghdha,GB,1518,2009,8
A5023892723,Licia Capra,GB,3315,2002,24
A5074995102,Giovanni Quattrone,IT,882,2004,24
A5078886343,Mirco Musolesi,IT,4295,2004,24
A5101489444,Davide Proserpio,US,946,2015,24
A5063565264,Syed Shoaib Ali,IN,218,2016,33
A5074528179,Gopal Kulkarni,IN,218,2016,33
A5109516884,Arindrajit Dubé,US,597,2007,12
A5057292858,Yoichiro Mori,US,83,2022,5
A5089055856,Alex McAvoy,US,878,2014,5
A5006028061,Daniel M. T. Fessler,US,615,2004,14
A5089752125,Matheus Schmitz,US,40,2023,14
A5101982686,Daniel Hickey,US,40,2023,14
A5082323876,Neal Lathia,GB,2425,2007,24
A5082393646,Francesco Calabrese,IT,689,2008,10
A5111586036,Giusy Di Lorenzo,IE,406,2009,10
A5100378605,Jing Wang,TH,615,2012,33
A5039176528,Jian Tang,CN,2810,2007,49
A5101963289,Haojun Wang,CN,200,2007,2
A5113610050,San‐Yih Hwang,TW,388,2007,2
A5061972189,Neil O’Hare,US,343,2014,24
A5064818681,Henriette Cramer,US,580,2014,20
A5046111391,Jonathan Ellis,US,174,2012,24
A5034372799,Renaud Lambiotte,GB,4940,2007,10
A5031581124,Jaya Kawale,US,161,2009,6
A5027171279,Nicu Sebe,IT,7910,2005,3
A5057136388,Roberto Larcher,IT,325,2013,3
A5000209112,Francesco Aletta,GB,146,2016,24
A5043117896,Jennifer Wortman Vaughan,US,2518,2001,33
A5101621594,Chien-Ju Ho,US,545,2012,33
A5007746083,Daniel G. Goldstein,US,9728,1996,4
A5042496979,Matthew Ekstrand-Abueg,US,129,2014,33
A5089940510,R. Preston McAfee,US,521,2010,12
A5101492251,Fernando Díaz,ES,2581,2013,6
A5081956768,Martin A. Nowak,US,33554,1992,5
A5016645705,Jan Hendrik Richardus,NL,197,2010,105
A5032167625,David J. Blok,NL,172,2015,105
A5058545014,Sake J. de Vlas,NL,434,2002,105
A5038981063,Christoph Hauert,CA,7188,2005,5
A5090133007,Camille Saade,DE,83,2018,5
A5020980410,Zhaoli Zhang,CN,161,2015,106
A5043601710,Ying Li,CN,83,2019,106
A5065669497,Sannyuya Liu,CN,228,2015,106
A5100368946,Hai Liu,CN,83,2019,106
A5100442044,Tingting Liu,CN,95,2016,106
A5036396184,Jonathan Copulsky,US,76,2020,42
A5073850118,Jameson L. Hayes,US,76,2020,42
A5100617443,Su Jung Kim,US,730,2013,42
A5029348961,Benjamin Allen,US,1281,2011,5
A5052527043,Carlos Toxtli,US,173,2018,6
A5085864488,Saiph Savage,MX,1015,2015,6
A5003738851,Mohammad Tahaei,GB,21,2023,24
A5012168451,Marios Constantinides,GB,157,2018,24
A5016322319,Ali Akbar Septiandri,GB,21,2023,24
A5009495837,H. Vernon Leighton,US,228,1999,2
A5019035134,Soo Ling Lim,GB,212,2010,24
A5043269024,Anthony Finkelstein,GB,302,1994,24
A5082771661,Stephen Hailes,GB,824,2004,24
A5102996261,Jonathan Ellis,GB,133,2010,24
A5010623957,Cecilia Mascolo,GB,5972,2002,24
A5011005696,James Scott,AU,468,2004,24
A5040275877,Chloë Brown,AU,481,2012,24
A5053550912,Peter Key,US,389,2012,52
A5061768737,Christos Efstratiou,GB,207,2012,24
A5066833626,Ilias Leontiadis,GB,1264,2012,24
A5012427130,Vinícius Flores,Unknown,106,2015,9
A5058840149,Virgı́lio Almeida,BR,2939,2001,9
A5064524955,Flávio Souza,BR,106,2015,9
A5072656277,Sun-Bum Youn,KR,106,2015,9
A5075173651,Diego de Las Casas,GB,145,2015,9
A5032357220,Komal Kapoor,IN,260,2013,2
A5071796726,Paul Schrater,US,1098,2003,30
A5042104049,Diego Sáez-Trumper,ES,402,2012,24
A5045691648,Stephan Seiler,GB,141,2015,33
A5001827219,Shahrad Taheri,US,763,2011,2
A5005443526,Shafiq Joty,SG,888,2014,2
A5015440930,Aarti Sathyanarayana,US,219,2016,2
A5066113250,Luis Fernández-Luque,US,485,2012,2
A5077655835,Teresa Arora,AE,684,2011,2
A5089912733,Ahmed K. Elmagarmid,QA,2950,1999,2
A5091382678,Ferda Ofli,QA,1723,2016,2
A5032984269,Alessandro Venerandi,Unknown,99,2015,24
A5071013962,Sara Kingsley,US,122,2015,33
A5111386313,Edward O. Wilson,US,2331,1991,5
A5035107313,Joshua Garland,US,262,2015,28
A5058348013,Keyan Ghazi-Zahedi,DE,84,2020,28
A5071165387,Mirta Galešić,AT,5619,2004,4
A5079952100,Cristina Alaimo,GB,319,2016,81
A5015319797,Rebecca Weiss,US,39,2021,9
A5037596712,Tim Smith,CA,39,2021,9
A5021211836,Andrea Tagarelli,IT,496,2008,64
A5026274355,Lucio La Cava,IT,72,2022,64
A5031964906,Sergio Greco,IT,210,2008,64
A5102024785,Davide Costa,IT,15,2023,64
A5031002808,Scott W. Ruston,US,34,2021,27
A5052563955,Tharindu Kumarage,US,15,2023,27
A5065379886,Kirill Trapeznikov,US,15,2023,27
A5100339004,Huan Liu,CN,106,2016,27
A5103250573,Amrita Bhattacharjee,US,164,2020,27
A5077554326,Niccolò Tempini,GB,188,2014,81
A5087797673,Mingxuan Sun,US,63,2014,2
A5100419658,Tao Ye,CN,63,2014,2
A5077860150,Giovan Francesco Lanzara,IT,148,1985,81
A5002392851,Ana Garcı́a-Serrano,ES,54,2017,75
A5042920909,Fernando Chirigati,US,114,2009,75
A5071911537,Juan J. Lastra-Díaz,ES,54,2017,75
A5089676743,Montserrat Batet,ES,54,2017,75
A5090994054,Miriam Fernández,GB,857,2008,14
A5037300629,Nouar AlDahoul,AE,88,2018,107
A5061102335,Aznul Qalid Md Sabri,MY,67,2018,107
A5073055660,Ali Mohammed Mansoor,MY,67,2018,107
A5016091515,Vanessa Ferdinand,AU,127,2013,0
A5079069940,Elizabeth A. Hobson,US,198,2015,16
A5067168180,K. Varga,HU,41,2020,24
A5038043083,Sanja Šćepanović,GB,226,2015,24
A5061164871,Sagar Joglekar,GB,170,2017,24
A5101500495,Ke Zhou,CN,170,2013,24
A5036843861,Diego Las Casas,BR,245,2012,9
A5079290690,João Paulo Pesce,BR,282,2012,9
A5020036844,Sungkyu Park,KR,425,2013,9
A5092181300,Assem Zhunis,KR,12,2023,24
A5015843011,Reed Orchinik,US,11,2023,5
A5081273303,Luis E. Ortiz,US,321,2003,12
A5108381794,Sham M. Kakade,US,2495,1999,0
A5064469896,Doron Rotem,US,76,1992,2
A5100387063,Jianzhong Li,CN,76,1992,2
A5026382684,Asmelash Teka Hadgu,DE,52,2013,9
A5067876119,Mansoureh Bodaghi,GB,51,2012,24
A5038356922,Lili Dworkin,US,69,2015,33
A5023313904,Gareth Tyson,HK,852,2013,24
A5002901620,Elisa Omodei,AT,304,2015,10
A5007049707,Мириам Реди,GB,267,2014,24
A5003961936,Erik M. Bollt,US,360,2014,28
A5004502095,Jie Sun,CN,304,2014,28
A5076555421,Andrew M. Berdahl,US,958,2011,18
A5006924526,Nicolás Fraiman,US,38,2018,5
A5084639707,John Wakeley,US,551,2002,5
A5052645068,Ashkan Kazemi,GB,49,2020,16
A5060019444,Devin Gaffney,IR,534,2011,16
A5061017602,Gautam Kishore Shahi,DE,18,2022,16
A5071866219,Duminda Wijesekera,US,99,1999,2
A5082347461,Anil Nerode,US,110,1991,2
A5105856908,Mark Forrsti,US,79,1999,2
A5005163602,Minh-Tam Le,US,148,2008,2
A5039617569,Ee‐Peng Lim,SG,4780,1996,2
A5061053245,Young Ae Kim,KR,49,2008,2
A5065067629,Hady W. Lauw,SG,1361,2005,2
A5100325559,Liu Hai-feng,CN,49,2008,2
A5015416044,Chris Smith,JP,125,2012,24
A5096813566,Simo Tchokni,GB,41,2014,8
A5048397372,Ryan G. James,US,33,2016,28
A5062700710,Elizabeth Bradley,US,78,2004,28
A5028113785,Alexander Pfeuffer,US,79,2017,2
A5033332760,Atanu Singha Roy,IN,95,2012,2
A5025030042,Nishanth Sastry,GB,645,2006,24
A5051354114,Tobias Kauer,GB,30,2020,24
A5020921993,Andi Peng,US,46,2019,6
A5069122334,Kori Inkpen,US,2173,2002,6
A5072590337,Paul van Gent,NL,27,2020,24
A5017470593,Lingyi Zhou,CN,55,2017,108
A5043985975,Yixin Dai,CN,55,2017,108
A5100618738,Aixin Sun,SG,1538,2004,2
A5034682188,Eduardo Graells-Garrido,CL,370,2013,14
A5100989717,Dhruv Sharma,IN,188,2013,2
A5028089542,Charų C. Aggarwal,US,2348,1998,27
A5018038711,Frank J. van Lenthe,NL,595,2009,105
A5018210838,Roel Bakker,NL,203,2002,105
A5021526625,Lucia Del Prete,GB,56,2010,24
A5005652247,Suman Gupta,GB,27,2019,109
A5058457102,Ayan-Yue Gupta,GB,27,2019,109
A5081233201,Alessandro Fogli,IT,24,2020,24
A5024865085,Bhavtosh Rath,US,83,2018,2
A5042868219,Xinyu Lu,CN,56,2020,2
A5100381260,Hyejin Kim,KR,96,2016,2
A5004443507,Abdulaziz Saleh Ba Wazir,MY,36,2020,107
A5019400360,Mohammad Faizal Ahmad Fauzi,ID,36,2020,107
A5027445807,Hezerul Abdul Karim,MY,36,2020,107
A5066663861,Sarina Mansor,MY,36,2020,107
A5076753547,John See,MY,23,2020,107
A5101732724,Mohd Haris Lye Abdullah,MY,36,2020,107
A5077287995,Samuel D. Gosling,US,23342,2002,24
A5103570137,Lindsay T. Graham,US,1367,2012,24
A5003926079,Wen-Bo Xie,CN,14,2022,2
A5004420568,Debarati Das,US,27,2016,2
A5089713791,Zhen Liu,CN,115,2015,2
A5100611291,Bin Chen,US,14,2022,2
A5045934118,Simon Chauchard,ES,28,2019,9
A5030104803,Julian Kates‐Harbeck,US,13,2022,5
A5052607806,Krishnendu Chatterjee,AT,1363,2008,5
A5074957399,Christian Hilbe,DE,1925,2013,5
A5102940260,Shashi Shekhar,IN,730,1996,2
A5037233397,Shashi Shekhar,IN,48,2002,2
A5080636459,Kalyan Beemanapalli,US,40,2007,2
A5108210060,Amit Bose,US,40,2007,2
A5110206956,Sigal Sahar,IL,40,2007,2
A5001377466,Carlos Eduardo Barbosa,BR,34,2009,75
A5005713832,Renato N. Elias,BR,46,2009,75
A5011203415,Álvaro L. G. A. Coutinho,BR,46,2009,75
A5027399495,Eduardo Ogasawara,BR,365,2009,75
A5031131350,Vanessa Braganholo,BR,45,2009,75
A5039896734,Marta Mattoso,BR,477,2009,75
A5050455034,Daniel de Oliveira,BR,477,2009,75
A5014763151,You Wu,CN,26,2016,75
A5043275971,Cong Yu,CN,369,2008,75
A5100396986,Hao Zhang,CN,26,2016,75
A5101681244,Jialu Liu,CN,169,2006,75
A5110197814,Flip Korn,US,219,2004,75
A5100436555,Yu-Ting Chen,US,457,2016,5
A5009514550,Wei Gao,CN,3251,2011,2
A5034823980,Jing Ma,HK,3124,2015,2
A5038706435,Sean Rintel,GB,118,2020,6
A5057462321,Caitlin Lustig,US,285,2010,6
A5061549601,Liane Scult,US,20,2020,6
A5055537550,Stephen Law,GB,19,2021,24
A5058158750,Moreno Bonaventura,GB,132,2015,10
A5082469720,Ping-Yao Chen,GB,48,1999,2
A5009155245,W.T. Tsai,US,120,1990,2
A5030380521,T.F. Keefe,US,120,1990,2
A5050028246,Michael B. Wunder,US,159,2010,33
A5041680508,Gianmarco De Francisci Morales,AR,2561,2011,14
A5043692273,Panagiota Micholia,GR,77,2016,24
A5057979014,Iordanis Koutsopoulos,GR,227,2011,24
A5108531903,Merkouris Karaliopoulos,GR,103,2016,24
A5112426068,Pushkal Agarwal,US,79,2019,24
A5047655789,Shomik Jain,US,16,2021,24
A5079176051,Eyal Even-Bar,US,31,2007,12
A5025992076,Tom Wexler,US,1799,2003,12
A5006701468,Jehwan Oh,US,32,2012,2
A5043926363,Zhen Wen,CN,578,2009,2
A5033975637,Sen Wu,US,839,2011,6
A5038556047,Prasanna Desikan,US,19,2015,2
A5041569530,Xiaodong Feng,CN,195,2014,2
A5050880317,Chandrima Sarkar,IN,51,2012,2
A5016108843,Martial L. Ndeffo-Mbah,US,683,2012,105
A5021493301,Graham F. Medley,GB,745,1986,105
A5035736295,Ram Sundaresh,US,19,2017,105
A5068889155,Alison P. Galvani,US,1245,2008,105
A5069369290,Travis C. Porco,US,114,2012,105
A5083293410,R. E. Crump,GB,34,2015,105
A5007419039,Adriana Iamnitchi,NL,497,2008,24
A5022272025,Francesco Bonchi,IT,1849,1999,14
A5049671186,Nicolas Kourtellis,ES,2242,2008,24
A5103241665,Imrul Kayes,BD,167,2012,24
A5101437672,Ankit Sharma,US,30,2016,2
A5103235192,Zhiwei Tang,CN,88,2016,2
A5001864555,Karri Haranko,FI,18,2018,9
A5044699025,Christopher Verzijl,Unknown,18,2016,10
A5046420137,Junming Huang,US,1077,2010,10
A5063074975,Matthew Ingram,US,18,2016,10
A5103052909,Binyang Song,US,18,2016,10
A5110115484,Marie-Pierre Hasne,US,18,2016,10
A5009542542,Prasenjit Mitra,US,2163,2006,33
A5100643225,Muhammad Imran,AU,2733,2013,2
A5044504510,Sara Konrath,DE,415,2009,24
A5045591387,Kyong Jin Shim,SG,58,2010,2
A5100328491,Dinesh Kumar,AU,135,2010,2
A5100378717,Jing Wang,CN,21,2010,2
A5103430327,Jeff Treem,US,21,2010,2
A5002254086,Ravindra Kasturi,US,17,2013,2
A5036103922,Ayush Singhal,IN,43,2013,2
A5065716820,V. Sivakumar,IN,33,2013,2
A5003737140,Bruce Wallace,CA,265,2013,5
A5017668310,Rafik Goubran,CA,706,2007,5
A5037188617,Mihaela D Petriu,CA,16,2014,5
A5086309680,Frank Knoefel,CA,706,2007,5
A5052681145,Karan Aggarwal,IN,15,2019,2
A5085793134,Antonino Nocera,IT,241,2009,24
A5001554542,Jun-Ho Choi,KR,59,2011,24
A5007717604,Myles Joshua Toledo Tan,US,13,2021,107
A5018189741,Hor Sui Lyn,MY,13,2021,107
A5086119051,Sandeep Mane,US,36,2006,2
A5010731709,Panagiotis G. Ipeirotis,US,7119,2005,33
A5058433246,Matt Cooper,US,17,2011,34
A5076601570,Praveen Paritosh,US,155,2011,34
A5056630304,Sebastian Deri,US,88,2018,24
A5089533997,Jérémie Rappaz,CH,75,2018,24
A5040200687,Chao Qin,US,13,2020,24
A5007115319,Peter Nicholls,GB,45,1978,105
A5029017721,Johan Chandra Roy,Unknown,12,2021,105
A5034966044,C. Ruth Butlin,GB,12,2021,105
A5042657187,Bob Bowers,AU,12,2021,105
A5077384720,Khorshed Alam,BD,12,2021,105
A5084712505,Caroline A. Bulstra,US,12,2021,105
A5006049953,Xavier Morales,US,11,2021,2
A5039657695,Kuo-Wei Hsu,TW,42,2009,2
A5047089331,Colin DeLong,US,25,2011,2
A5054980264,Samarth Damania,Unknown,25,2011,2
A5016164542,Kesheng Zhang,CN,93,2012,106
A5027268630,Ming Zhu,CN,106,2012,106
A5115694804,Shu Wang,CN,68,2013,106
A5069224142,Aadesh Salecha,US,12,2020,2
A5086490576,Woong-Kee Loh,KR,12,2011,2
A5039127251,Tamara G. Kolda,US,733,2008,2
A5068770852,Ali Pınar,TR,41,2013,2
A5004437273,Terrence J. Moore,US,12,2017,2
A5103191815,Ananthram Swami,US,2075,2010,2
A5003909874,Kamran Kaveh,US,30,2016,5
A5038688486,Serena Nicolazzo,IT,201,2014,24
A5064555836,Madison S. Krieger,US,22,2017,5
A5036332666,Fabio Gasparetti,IT,11,2019,24
A5048167471,Ben Adlam,US,113,2014,5
A5006419046,Travis D. Richardson,US,22,1996,2
A5112088143,M. Ganesh,US,22,1996,2
A5016672406,Karen Zita Haigh,US,78,1997,2
A5110391759,Youjip Won,KR,20,1999,2
A5112185989,Deepak R. Kenchammana-Hosekote,US,20,1997,2
A5078266193,Md. Manjur Ahmed,BD,93,2005,24
A5047313495,Zoltán J. Ács,US,7603,1997,71
A5054616540,Luc Anselin,US,3565,1997,71
A5065544460,Attila Varga,HU,4243,1997,71
A5075056899,Karrie Karahalios,US,4541,2006,9
A5019426968,Dawn Song,US,7644,2000,27
A5043450212,Erika Chin,RU,4301,2011,27
A5058910481,Adrienne Porter Felt,US,4942,2011,27
A5062174672,David Wagner,CA,5555,2006,27
A5113498968,Steve Hanna,US,2255,2009,27
A5020318194,Matthew Francisco,US,1624,2011,14
A5009970175,Li Weng,CN,1615,2012,14
A5100353208,Chang Liu,CN,1597,2016,27
A5101690984,Yanpei Liu,CN,795,2016,27
A5101977008,Xinyun Chen,US,1016,2016,27
A5060664067,László Szekeres,US,611,2013,27
A5065116578,Mathias Payer,CH,897,2013,27
A5102009185,Tao Wei,CN,680,2013,27
A5063327692,Chengcheng Shao,CN,1324,2016,14
A5054721267,Mark Meiss,US,1255,2005,14
A5046782003,Snehal Patil,US,529,2011,14
A5060223489,Kameron Decker Harris,US,1580,2011,28
A5024723282,Úlfar Erlingsson,GB,1482,2014,27
A5034257647,Nicholas Carlini,US,3728,2017,8
A5064284582,Jernej Kos,CA,976,2017,27
A5100353377,Chang Liu,CN,1301,2013,27
A5069885186,Ciro Cattuto,IT,3852,2004,14
A5074039936,Benjamin Markines,US,760,2008,14
A5015728115,Wagner Meira,BR,2082,2001,9
A5020104337,Raphael Ottoni,BR,657,2014,9
A5014894508,A. Yaar,US,369,2004,27
A5056518136,Adrian Perrig,CH,1368,2000,27
A5037168621,Adam Glynn,US,529,2014,6
A5073759029,Samara Klar,US,786,2014,17
A5016893860,Lei Wang,CN,241,2018,14
A5054619352,Xinwen Jiang,CN,260,2018,14
A5081544091,Elisa Gobbi,IT,213,2018,3
A5019723791,Atul Prakash,CA,1283,1998,27
A5021423602,Amir Rahmati,US,514,2016,27
A5024013900,Ivan Evtimov,US,218,2017,27
A5026130910,Tadayoshi Kohno,US,683,2006,27
A5052581946,Kevin Eykholt,US,250,2017,27
A5060924315,Earlence Fernandes,US,1190,2016,27
A5100677409,Bo Li,US,263,2017,27
A5051461147,Ian Fischer,US,537,2012,27
A5006939946,Pedro H. Calais,BR,346,2017,9
A5044649497,Yuri Santos,BR,199,2018,9
A5001164371,Matthew Levendusky,US,984,2011,17
A5055308967,Jon Kingzette,GB,192,2021,17
A5060228016,Catherine A. Bliss,US,1216,2011,28
A5013501260,Yoojung Oh,US,206,2019,2
A5100435146,Jingwen Zhang,NL,1152,2015,2
A5100684663,Xuewei Wang,CN,206,2019,2
A5028367820,Diego F. M. Oliveira,US,395,2015,14
A5101884415,Dimitar Nikolov,US,282,2015,14
A5101932477,Wen Chen,CN,150,2020,14
A5033315451,Yotam Shmargad,US,235,2017,17
A5076056517,Kathleen Searles,US,272,2018,17
A5066649557,Becky P.Y. Loo,HK,86,2023,10
A5103326255,Carlo Ratti,US,4717,2008,10
A5052858739,Charlie Snell,US,42,2023,0
A5081645573,Xinyang Geng,US,210,2017,0
A5092031203,Arnav Gudibande,Unknown,42,2023,0
A5100458789,Hao Liu,US,77,2014,0
A5111226805,Eric Wallace,US,42,2023,0
A5003587835,Matthew Edwards,GB,68,2018,4
A5031514121,Almog Simchon,IL,135,2020,4
A5016565332,David Brumley,US,355,2006,27
A5088826068,Somesh Jha,US,831,1997,27
A5100446064,Hao Wang,CN,1999,2006,27
A5114182284,J.P. Newsome,US,325,2006,27
A5091231157,Mario Diani,IT,258,2004,3
A5037982517,Manfréd M. Fischer,AT,518,1985,71
A5032466125,S.S. Keerthi,SG,255,1987,6
A5029235448,Sergey Berezin,FR,214,2001,27
A5007548920,Heather Roinestad,US,303,2005,14
A5075220413,Ana Gabriela Maguitman,AR,1271,2000,23
A5016839456,Padmini Srinivasan,IN,735,2001,24
A5038050803,Gautam Pant,US,472,2001,14
A5112549506,Miguel E. Ruiz,ES,200,2001,14
A5006565592,C.-P. Foo,US,192,1990,6
A5018708584,T-H. Hubert Chan,HK,927,2006,27
A5089202539,Elaine Shi,US,2756,2007,27
A5009102659,Neil Zhenqiang Gong,US,282,2012,27
A5015619835,Prateek Mittal,US,459,2008,27
A5079175103,Vyas Sekar,US,2673,2005,27
A5082878554,Ling Huang,CN,1037,2009,27
A5086182757,Emil Stefanov,KZ,1080,2011,27
A5113439777,Wenchang Xu,CN,176,2012,27
A5009017503,Nichole M. Bauer,US,183,2013,17
A5070491230,Alireza Sahami Shirazi,US,210,2013,14
A5100766387,Xiaoyan Qiu,CN,165,2017,14
A5016248092,Joshua Becker,GB,1548,2016,2
A5029285647,Devon Brackbill,US,1168,2015,2
A5033714667,Natalie Herbert,US,186,2016,2
A5049994227,Jingwen Zhang,GB,161,2016,2
A5068310504,Damon Centola,US,4088,2005,2
A5036868218,Bedoor AlShebli,AE,340,2018,23
A5058941074,Lijun Sun,CN,366,2014,23
A5064297795,César A. Hidalgo,HU,4283,2007,3
A5102756489,Ahmad Alabdulkareem,SA,202,2014,3
A5081241112,Karissa McKelvey,US,241,2012,14
A5078285171,Clayton J. Hutto,Unknown,138,2013,6
A5103495710,Sarita Yardi,US,2719,2007,6
A5005598752,Luke Ramsay,GB,135,2011,110
A5014814256,Bill Thomas,GB,135,2011,110
A5054375489,James Cockram,GB,135,2011,110
A5056657263,Tianye Jia,CN,135,2011,110
A5064063239,Ning Jiang,CN,231,2009,110
A5081814571,Robbie Waugh,GB,231,2009,110
A5100376896,Minghui Wang,CN,146,2011,110
A5102006860,Zewei Luo,CN,254,2009,110
A5110528047,Lindsey Leach,GB,158,2011,110
A5100652633,Chang Liu,CN,135,2018,27
A5101787543,Xiaoling Sun,CN,163,2012,14
A5101882945,Jasleen Kaur,US,787,2008,14
A5108688680,Staša Milojević,US,924,2009,26
A5037134085,Amit Elazari Bar On,US,215,2019,24
A5054624773,Motahhare Eslami,US,1548,2014,9
A5064496195,Kristen Vaccaro,US,915,2015,9
A5113512998,Min Kyung Lee,US,438,2006,6
A5001660467,Kyle MacNamara,Unknown,117,2013,27
A5006975097,Noah M. Johnson,US,117,2013,27
A5010153339,Edward XueJun Wu,US,117,2013,27
A5011511376,Shuaifu Dai,CN,117,2013,27
A5025656093,Kevin Zhijie Chen,US,117,2013,27
A5045127387,Martin Rinard,US,131,2013,27
A5054947709,Vijay D’Silva,US,117,2013,27
A5062563862,Thomas R. Magrino,US,117,2013,27
A5061884455,Tamás Sebestyén,HU,209,2012,71
A5022689334,Joan S. Tucker,US,1401,1998,35
A5029422530,Kayla de la Haye,US,701,2012,35
A5059170406,David P. Kennedy,US,659,2010,35
A5062473026,Harold D. Green,US,677,2007,35
A5081447988,Michael Pollard,US,369,2010,35
A5011045460,Chaitrali Gandhi,US,112,2019,6
A5061938809,Matthew Wortley Mustelier,US,112,2019,6
A5005843046,Chaowei Xiao,US,324,2018,27
A5034909490,Warren He,US,203,2018,27
A5100374360,Bo Li,CN,250,2018,27
A5100686240,Jun Zhu,CN,127,2017,27
A5101967011,Mingyan Liu,CN,140,2015,27
A5067122850,Yuhao Kang,US,544,2020,10
A5088656844,Yujie Hu,US,108,2020,10
A5026675587,Qi-Zhi Cai,CN,454,2018,27
A5004318489,Prashant Shiralkar,US,265,2015,14
A5032275274,Ruoxi Jia,US,180,2020,27
A5081620578,Johannes Rausch,US,101,2020,27
A5100383731,Ce Zhang,US,922,2012,6
A5100610986,Tianhao Wang,CN,126,2020,27
A5000102507,Michael Johnstone,AU,295,2007,35
A5067650761,Steven Allender,AU,383,2016,35
A5072465748,Jaimie McGlashan,AU,192,2016,35
A5109097718,Doug Creighton,AU,314,2007,35
A5020400986,Dan Hendrycks,US,251,2020,27
A5022381014,Collin Burns,IT,113,2020,27
A5034938018,Andrew Critch,US,113,2020,27
A5058647826,Steven Basart,US,113,2020,27
A5060196069,Jacob Steinhardt,US,547,2016,27
A5101439736,Jerry Li,US,152,2020,27
A5100374474,Bo Li,CN,982,2016,27
A5001097796,Rajvardhan Oak,US,217,2018,27
A5017769599,Zhi Chen,Unknown,91,2019,27
A5102737328,Min Du,US,600,2016,27
A5003587457,Haley J. McCalpin,US,105,2021,30
A5042196399,Emily Seltzer,US,390,2015,30
A5074519477,Lauren Southwick,US,105,2021,30
A5077372325,Nick Hynes,US,83,2018,27
A5110674594,Raymond Cheng,US,83,2018,27
A5017359123,Matthew Matero,US,97,2019,30
A5055129834,Akash Idnani,Unknown,83,2019,30
A5075138998,Parth Limbachiya,Unknown,83,2019,30
A5101917169,Mohammad Zamani,IR,83,2019,30
A5113876385,S. De Giorgi,Unknown,83,2019,30
A5001385856,Nabil Alshurafa,US,96,2020,35
A5011189768,Donna Spruijt‐Metz,US,1128,2006,35
A5025977484,Edison Thomaz,US,865,2013,6
A5034393434,Ridwan Alam,US,80,2020,35
A5079544668,John Lach,US,80,2020,35
A5082998225,Abu Sayeed Mondol,US,96,2016,35
A5091503277,Brooke M. Bell,US,119,2018,35
A5100603760,John A. Stankovic,US,1540,2003,20
A5026825784,Sameer Patil,US,542,2010,14
A5039997297,Nicholas Micallef,GB,213,2020,14
A5063520476,Mihai Avram,RO,123,2020,14
A5109962875,Lyndon Kennedy,US,490,2009,6
A5042318889,H. Hannah Nam,US,77,2018,17
A5077789230,Hillary Style,US,60,2021,17
A5100344184,Wen Chen,CN,58,2021,14
A5004880532,Andy Zou,CN,69,2021,27
A5058254793,Mantas Mazeika,JM,101,2021,27
A5067697394,Leonard Tang,US,58,2022,27
A5052195406,William J. Brady,US,2005,2016,4
A5055444532,Jay Joseph Van Bavel,US,1266,2019,4
A5025365220,Tinglan Peng,CN,36,2022,27
A5058611515,Shouling Ji,CN,813,2015,27
A5060663223,Youcheng Sun,GB,50,2015,27
A5078711649,Xingjun Ma,CN,1212,2017,27
A5100319491,Jingyi Wang,CN,64,2019,27
A5101864441,Jialuo Chen,CN,36,2022,27
A5111090174,Peng Cheng,CN,36,2022,27
A5040266310,Haoyun Hong,US,65,2021,26
A5044791875,Jie Tang,CN,5389,2005,26
A5100329692,Chenguang Wang,US,88,2018,26
A5100441094,Xiao Liu,CN,289,2021,26
A5101718220,Zui Chen,CN,65,2021,26
A5101182106,Kai‐Cheng Yang,CN,43,2020,14
A5048440579,J. K. Lim,US,27,2023,23
A5077562843,Michaël Aklin,CH,27,2023,23
A5012811021,Fabio Carrella,GB,23,2023,4
A5063612283,Segun Taofeek Aroyehun,DE,23,2023,4
A5084817430,Francesco Salvi,CH,11,2024,12
A5082707744,Christian Sandvig,US,1241,2008,9
A5034054081,Prateek Saxena,SG,185,2010,27
A5042162324,Pongsin Poosankam,US,172,2010,27
A5020004423,Tony Bergstrom,SE,429,2006,9
A5048360391,Kyratso George Karahalios,US,113,2009,6
A5008744701,Ben Dong,US,102,2012,27
A5074477294,Mario Frank,DE,302,2012,27
A5030951161,M. Ángeles Serrano,ES,788,2005,14
A5073376805,Heng Yin,DE,108,2009,27
A5078041729,Stephen McCamant,US,225,2009,27
A5109879665,Min Gyung Kang,US,95,2009,27
A5030732784,Shuo Chang,CN,169,2014,6
A5058856783,Loren Terveen,US,3672,1999,6
A5103554636,Vikas Kumar,IN,87,2014,6
A5108105534,Christine Ogan,US,238,2006,14
A5104057887,G. Payling Wright,US,78,2017,6
A5058713747,Catherine Grevet,US,202,2012,6
A5054160551,Yuri A. Santos,BR,113,2018,9
A5012523786,Norbert Szabó,HU,82,2018,71
A5075440998,László Szerb,HU,4063,2006,71
A5002313901,Ruopeng An,US,124,2018,35
A5033815017,S. Zhang,CN,67,2018,35
A5054957223,Mengmeng Ji,CN,67,2018,35
A5027591433,Jesse L. Goldshear,US,62,2019,30
A5085592979,Dave Grande,US,62,2019,30
A5009161605,Yu‐Jin Kwon,KR,150,2019,27
A5073822030,Yongdae Kim,KR,165,2002,27
A5100416234,Minjeong Kim,US,177,2016,27
A5100659367,Jian Liu,CN,60,2019,27
A5110564361,Eric Wallace,US,86,2019,27
A5113970167,Mitchell Stern,US,107,2020,27
A5082256319,Eric Groenendyk,US,98,2002,5
A5045729519,Adams Wei Yu,US,1128,2017,27
A5061512999,Denny Zhou,US,2650,2020,6
A5100334649,Liang Chen,CN,64,2017,27
A5036811107,Robin Mamié,CH,46,2021,12
A5027017695,Harmanpreet Kaur,US,28,2022,6
A5011498699,Ting Lian,CN,18,2023,10
A5083302691,Feiyang Zhang,HK,18,2023,10
A5001740205,James F. O’Brien,US,366,2011,2
A5090420876,Gonzalo Munilla Garrido,US,16,2023,27
A5101806291,Vivek Nair,US,16,2023,27
A5043022150,Kok Tin Tan,US,113,2002,6
A5078022728,Ilya Kolmanovsky,US,113,2002,6
A5031033430,W. Nick Street,US,535,2000,14
A5033160020,YongSeog Kim,US,279,2002,14
A5047966178,Hans Joachim Schalk,DE,98,2004,71
A5074117167,Michael K. Reiter,US,841,2004,27
A5079108949,Debin Gao,SG,209,2004,27
A5113488541,James Newsome,US,102,2007,27
A5009770702,Dennis S. Bernstein,US,84,1980,6
A5019344066,Arthur Lupia,US,1369,2002,17
A5081863779,Adam Seth Levine,US,249,2007,17
A5086120295,Alexander Von Hagen-Jamar,US,73,2010,17
A5031954654,Dimitrios Pontikakis,ES,65,2012,71
A5077928568,George Chorafakis,GR,65,2012,71
A5047566695,Partha Kanuparthy,US,86,2014,6
A5045349970,Christina A. Masden,US,146,2014,6
A5074830740,W. Keith Edwards,US,1900,1994,6
A5090560893,Rebecca E. Grinter,US,4277,1998,6
A5100510934,Sujoy Roy,US,172,2014,30
A5052161832,Pablo Suárez‐Serrato,MX,63,2016,14
A5082742221,Margaret E. Roberts,US,6329,2013,17
A5025745021,Hyejin Youn,CA,1466,2007,10
A5044541383,Ke Gu,CN,2455,2015,30
A5067002888,Trisha Singhal,SG,49,2018,30
A5075831267,Zhifang Xia,CN,239,2017,30
A5102827377,Vinit Jakhetiya,IN,265,2016,30
A5100396068,Peng Wang,AU,1102,2008,31
A5004895406,Rinad S. Beidas,US,675,2019,30
A5006335618,Megan L. Ranney,US,470,2014,30
A5051049303,Ayotomiwa Ojo,US,42,2020,30
A5059016769,Margaret Zheng,US,42,2020,30
A5010287399,Inho Hong,KR,178,2016,10
A5028392704,Harry Yaojun Yan,US,51,2020,14
A5078721850,James Shanahan,US,1151,2002,1
A5047404909,Aaron J. Schwartz,US,58,2019,28
A5078987306,Andrew J. Reagan,US,1352,2015,28
A5102734585,Adam Sutton,US,11,2023,4
A5079441600,Melania Degeratu,US,91,2000,14
A5004550374,Javier Revilla Diez,DE,86,2001,71
A5088618195,Folke Snickars,SE,148,1982,71
A5004299489,Richard K. Belew,US,235,1995,14
A5071429825,Fulya Erdinc,US,80,2006,14
A5009779130,Troy Tassier,US,139,2001,14
A5102907512,In Han Ha,KR,70,1986,6
A5015700640,Rolf Rolles,US,56,2011,27
A5047763914,Andrés Molina–Markham,US,628,2010,27
A5052920254,Steven Hanna,US,534,2011,27
A5113708992,Kevin Fu,US,654,2010,27
A5071048934,Michael Scott,GB,329,2013,30
A5084177841,Gheorghiţă Ghinea,GB,354,2013,30
A5075925476,Lin Qiu,SG,347,2012,30
A5008277325,Gregory Maus,US,44,2018,14
A5054079559,Alexios Mantzarlis,US,115,2018,14
A5007768309,Christopher Polack,DE,42,2017,6
A5066409426,Julia Deeb-Swihart,US,64,2017,6
A5070348998,Irfan Essa,US,2939,1992,6
A5021751767,Ivor W. Tsang,SG,1125,2005,87
A5045125183,Joey Tianyi Zhou,SG,856,2014,87
A5075936732,Xiao Liu,AU,195,2017,26
A5079095206,Chaya Hiruncharoenvate,US,177,2011,6
A5010904023,Federico Cecconi,IT,622,1990,11
A5003087402,Элинор Остром,US,5677,2004,0
A5029222386,Robert L. Goldstone,US,3663,1991,0
A5008661612,Mukund Sundararajan,US,850,2009,27
A5030261391,Peter L. Bartlett,US,761,1996,27
A5031112115,Adam Barth,US,284,2004,27
A5078824132,Benjamin I. P. Rubinstein,AU,1105,2007,27
A5064923144,Devdatta Akhawe,US,302,2011,27
A5071167836,Kevin Fall,US,42,2011,27
A5102725147,Petros Maniatis,US,246,2011,27
A5036672781,Sophia Jowett,GB,39,2014,29
A5059293529,Derwin King Chung Chan,HK,142,2014,29
A5100300146,Lin Weisi,SG,38,2014,30
A5005698588,Bingbing Liu,SE,82,2015,30
A5023441239,Sai Manoj Prakhya,DE,82,2015,30
A5009609107,Ronald P. Stolk,NL,33,2017,35
A5043016289,Loes van Rijsewijk,NL,33,2017,35
A5075244428,Miranda J. Lubbers,ES,632,2008,35
A5024596435,Peng Gao,CN,98,2019,27
A5061707651,Joseph P. Near,US,32,2019,27
A5064576859,Andrew Low,US,32,2019,27
A5084340455,Neel Somani,US,32,2019,27
A5101419769,Lun Wang,CN,32,2019,27
A5109697699,David Dao,CH,32,2019,27
A5012965551,Daniel Gática-Pérez,CH,4078,2003,3
A5026132686,Salvador Ruíz-Correa,MX,123,2008,3
A5041817889,Matteo Busso,IT,22,2021,3
A5042096756,Lakmal Meegahapola,CH,96,2017,3
A5057372216,Amalia de Götzen,DK,22,2021,3
A5087635409,Laura Schelenz,DE,22,2021,3
A5003774887,Thomas Ristenpart,US,598,2017,6
A5018713931,Yiqing Hua,US,109,2018,6
A5054248372,Mor Naaman,US,1964,2006,6
A5059645286,Robert West,GB,13463,1964,61
A5065862033,Alvaro Monge,US,63,1999,14
A5111794085,D. S. Bernstein,US,142,1983,6
A5003657358,John Bethencourt,US,43,2010,27
A5024042163,Lino Possamai,IT,36,2012,14
A5025772345,Diep Thi Hoang,VN,36,2012,14
A5059248331,Mohsen JafariAsbagh,US,36,2012,14
A5083444172,Snehal Patil,US,36,2012,14
A5034130966,Charles R. Shipan,US,36,2012,17
A5047068219,Joseph Tucker,US,35,2012,35
A5073023297,Marilyn Horta,US,35,2012,35
A5074285214,D Kennedy,US,35,2012,35
A5089621144,Hank Green,US,35,2012,35
A5110216223,Margaret Pollard,US,35,2012,35
A5025649906,Hwajung Hong,KR,390,2011,6
A5035282008,Michelle Shumate,US,411,2004,2
A5054130958,Ariann Sahagun,US,32,2013,2
A5056122482,Jin-Seok Kim,KR,32,2013,2
A5056454424,Katherine Rcooper,US,32,2013,2
A5067780787,Macarena Peña-y-Lillo,CL,78,2013,2
A5075286093,Yannick Catouba,US,32,2013,2
A5055980478,Elizabeth J. D’Amico,US,661,2010,35
A5078043800,Jeremy N. V. Miles,US,348,2010,35
A5091307580,Brett Ewing,US,229,2011,35
A5022904068,Dongqu Chen,US,31,2013,27
A5033928805,Ivan Martinović,GB,200,2012,27
A5069905139,Arman Boehm,US,31,2013,27
A5074416126,Tihomir Lolic,US,31,2013,27
A5087567997,Cynthia Kuo,US,266,2006,27
A5013729700,Qi Dai,CN,347,2008,97
A5052839231,Xianhong Li,CN,30,2017,97
A5066524296,Qilin Xiang,CN,75,2012,97
A5089002910,Zhuoxing Shi,CN,103,2013,97
A5100652499,Huimin Xu,CN,87,2014,97
A5101445775,Jing Chen,CN,30,2017,97
A5112304664,Bo Liao,CN,148,2009,97
A5017407756,Jacob Lahne,US,30,2017,28
A5020061373,Stephen Alajajian,US,30,2017,28
A5030855474,Sharon E. Alajajian,US,30,2017,28
A5101587041,Jake Ryland Williams,US,296,2015,28
A5045719436,Illia Polosukhin,CA,29,2018,27
A5109311167,Eui Chul Richard Shin,US,56,2016,27
A5045928519,Jazmyne A. Sutton,US,29,2018,2
A5048230490,Joseph N. Cappella,US,3912,1994,30
A5081110905,Huan Yang,SG,665,2012,30
A5037655437,George Philipp,Unknown,71,2017,8
A5109861718,Jaime Carbonell,US,2025,1987,8
A5069011659,Mingcheng Chen,US,27,2016,27
A5100353334,Chang Liu,US,53,2016,27
A5030157670,Y. Hu,CN,26,2020,97
A5047145603,Zhiyi Yao,CN,62,2020,97
A5077361019,Cheng He,CN,41,2020,97
A5100425458,Li Zhang,CN,47,2020,97
A5103185985,Yiwen Zhao,CN,47,2020,97
A5103859711,Gang Song,CN,47,2020,97
A5021747514,Julia M. Alber,US,40,2018,30
A5049951438,Yotam Ophir,US,466,2015,30
A5057795790,Reuben Kline,US,147,2008,17
A5081539459,Talbot M. Andrews,US,34,2020,17
A5015734898,Manita Pote,US,13,2022,14
A5077830996,Alexander C. Nwala,US,13,2022,14
A5007785998,Yoshinori Takashima,JP,412,2006,33
A5034889091,Youhei Inoue,JP,197,2006,33
A5045398051,Hiroki Nakajima,JP,46,2006,33
A5045882806,Hiroyasu Yamaguchi,JP,412,2006,33
A5075094662,Masahiko Miyauchi,US,46,2006,33
A5101546094,Akira Harada,JP,249,2006,33
A5081580898,John F. Duncan,US,57,2009,14
A5000762580,Sungkyoung Lee,US,207,2007,1
A5025818295,Marc PunKay,US,27,2017,35
A5056912975,Joshua D. EmBree,US,27,2017,35
A5083047406,Dorothy L. Espelage,US,322,2007,35
A5000218863,Jennifer Badham,GB,99,2017,35
A5012976351,Ruth F. Hunter,GB,602,2014,35
A5041740967,Frank Kee,GB,528,2014,35
A5068789733,Mike Clarke,GB,3296,2008,46
A5081839164,Tom Valente,US,27,2017,35
A5010546001,Oscar C. Au,HK,43,2013,30
A5076107180,Sunil Prasad Jaiswal,IN,68,2016,30
A5067087157,Galen Pickard,US,343,2011,23
A5025883677,Oren Bornstein,IL,21,2020,29
A5072066948,Maayan Katzir,IL,300,2010,29
A5091101189,Tal Eyal,IL,1725,2004,29
A5059207909,Timothy J. Ryan,AU,62,2014,17
A5089491084,Antonela Tommasel,AR,12,2022,14
A5057314209,Robert O. Barr,US,24,1969,6
A5109238286,John Ryan,US,23,2017,17
A5079207566,Bryan Wilder,US,549,2016,23
A5112371049,Han Ching Ou,US,23,2018,23
A5085836910,Wen Chen,HK,100,2016,14
A5103497149,R. M. Howe,US,18,1957,6
A5034011439,Tiago Santos,AT,36,2019,34
A5071278289,Thorsten Ruprechter,AT,16,2021,34
A5017497815,Leandro Martin Totaro Garcia,BR,44,2021,35
A5040296829,Christina D. Economos,US,189,2008,35
A5022447403,Yu-Seop Kim,KR,33,2005,14
A5014887356,Hao Wang,CN,29,2008,27
A5110617847,Alain Barrat,FR,90,2010,14
A5013142421,Shoujiang Yan,CN,78,2013,97
A5025854439,Jianning Han,CN,20,2014,97
A5080746846,Xuying Nan,CN,358,2005,97
A5100389458,Yuhua Yao,CA,411,2005,97
A5008148363,Graham Wright,US,19,2017,6
A5052583897,Wei Lee Woon,US,108,2009,23
A5052027939,Domenico Parisi,IT,424,1992,11
A5048427371,David Leake,US,181,2001,23
A5112262214,Thomas Reichherzer,US,83,2003,23
A5006447486,Ben Markines,US,53,2005,14
A5038172560,Lubomira Stoilova,US,53,2005,14
A5066197258,Todd Holloway,US,31,2005,14
A5032535612,Gabriel Maganis,US,19,2012,27
A5100353550,Hao Chen,Unknown,239,2012,27
A5081928534,Alex Rudnick,US,36,2012,14
A5089173454,Husayn Versee,US,18,2013,6
A5089657373,Abraham Doris-Down,US,18,2013,6
A5013414457,Haoqi Zhang,CN,288,2008,6
A5076293301,Jonathan D. Caverley,US,17,2015,17
A5103959928,Richard Kim,US,16,2019,2
A5045081757,Zeng-Hua Xia,CN,15,2019,27
A5091090025,Yong Cui,CN,15,2019,27
A5100350165,Qi Li,CN,550,2008,27
A5031039880,Kristina Gligorić,US,162,2018,12
A5078829915,Maxime Peyrard,FR,234,2017,12
A5072909989,Wolfram Willuhn,Unknown,33,1995,14
A5012039113,Henrik Levin,SE,30,2000,3
A5048246911,Richard Layte,IE,30,2000,3
A5058922343,John Hendrickx,NL,30,2000,3
A5003724513,Márton Horváth,HU,15,2015,71
A5030837133,Jinfeng Yi,CN,472,2019,27
A5065822895,Xinlei Pan,US,14,2019,27
A5090949258,Weiyao Wang,US,14,2019,27
A5101606482,Xiaoshuai Zhang,US,14,2019,27
A5034653482,Aljohara Alfayez,US,12,2021,6
A5050228339,Paul Resnick,US,3445,1999,6
A5015349393,Yinhua Deng,CN,11,2021,110
A5026668487,Mengyao Ju,CN,11,2021,110
A5049092874,Sijie Yi,CN,11,2021,110
A5100646568,Xianfeng Yi,CN,11,2021,110
A5082782764,Christine Zhu,AU,11,2021,27
A5100374502,Bo Li,US,11,2021,27
A5101950856,Sahil Patel,US,11,2021,27
A5109530780,J. Navarro,ES,11,2021,27
A5073807945,Olivier Bodenreider,US,56,2002,14
A5105985544,Joyce A. Mitchell,US,27,2002,14
A5071934759,Julia R. Heiman,US,12,2015,14
A5044888105,George G. Vega Yon,US,50,2019,35
A5064286839,Thomas W. Valente,US,1495,1995,35
A5101748029,Heesung Shin,KR,170,2014,35
A5101708008,Christopher Weber,US,198,2006,17
A5019838475,David Kohlbrenner,US,11,2020,27
A5035134864,Krste Asanović,US,28,2020,27
A5072251298,Shweta Shinde,CH,31,2019,27
A5075689567,Dayeol Lee,US,11,2020,27
A5055294049,Roberta Capello,IT,1169,1996,71
A5031811109,Chun Li,US,11,2019,97
A5041881412,Yaping Lv,CN,11,2019,97
A5065455879,Binbin Ji,CN,11,2019,97
A5100394852,Jing Chen,CN,94,2007,97
A5100720587,Ling Li,CN,11,2019,97
A5072093729,Sarah‐Jeanne Salvy,US,48,2016,35
A5027099129,Justin Donaldson,US,183,2007,14
A5029850022,Gabriele Ballarino,IT,49,2005,3
A5109295392,Hans Schadee,IT,49,2005,3
A5031932067,Ke Yang,CN,589,2004,27
A5035574749,Alina Oprea,US,785,2004,27
A5081689630,Lea Kissner,US,16,2004,27
A5024803432,Avrim Blum,US,1824,1997,12
A5028478821,Subhabrata Sen,IN,11,2009,12
A5049422372,Oliver Spatscheck,US,138,2004,12
A5079497548,Shobha Venkataraman,IL,231,2004,12
A5034434806,Chong Jin Ong,SG,15,2002,6
A5020332705,Markus Jakobsson,US,1155,2003,27
A5027662547,Luigi Pagliarini,DK,11,1998,14
A5066894056,Henrik Hautop Lund,SE,49,1995,14
A5083656837,Ariel Dolan,IT,11,1998,14
A5037969281,Michael Bošnjak,DE,3930,2003,4
A5014088619,Rocío García‐Retamero,ES,4561,2006,4
A5018493743,Saima Ghazal,AE,938,2012,4
A5033887103,Edward T. Cokely,US,2632,2007,4
A5101768980,Eric Schulz,DE,2135,2011,0
A5030448077,Kathleen L. Valley,US,1253,1992,37
A5038755271,Max H. Bazerman,US,6730,1982,37
A5058593348,Jared R. Curhan,US,2193,2000,37
A5103437197,Don A. Moore,US,1219,1997,37
A5043431594,Heng Xu,CN,1351,2005,24
A5080914482,Hillary Anger Elfenbein,US,1911,2005,37
A5011857931,Bhargav Srinivasa Desikan,CH,29,2020,2
A5037925657,Tasker Hull,JP,12,2024,2
A5045236780,Mark Chu,US,29,2020,2
A5069354285,Ethan O. Nadler,US,29,2020,2
A5086990639,Solène Delecourt,US,12,2024,2
A5030805884,Tracy L. Tuten,US,1047,2003,4
A5022967411,Mick P. Couper,US,5691,2001,4
A5028869415,Frederick G. Conrad,US,2065,2004,4
A5037695214,Roger Tourangeau,US,4640,1981,4
A5004793601,Changhyun Ryu,US,676,2006,111
A5017672157,Alipasha Vaziri,US,173,2006,111
A5043275213,Joshua M. Grossman,US,186,2006,111
A5052019622,Kristian Helmerson,AU,1119,1999,111
A5082692852,William D. Phillips,US,1119,1999,111
A5084428290,Mikkel F. Andersen,NZ,676,2006,111
A5112417073,M. B. d’Arcy,GB,173,2006,111
A5014718273,Margaret A. Neale,US,2701,1982,37
A5022983323,Jesse Rosencranz-Engelmann,US,149,2008,37
A5109737158,Lee Ross,US,2445,1975,37
A5017222566,Hang-Hyun Jo,KR,1029,2005,10
A5074129504,Fariba Karimi,AT,697,2013,34
A5023075601,Daniel Barkoczi,DK,179,2016,4
A5014325236,Jina Huh,US,613,2012,6
A5015755413,Minje Choi,KR,91,2016,6
A5047912015,Jaegul Choo,KR,499,2013,6
A5053349373,Ji Soo Yi,US,453,2011,6
A5064480048,Bum Chul Kwon,US,344,2011,6
A5100377804,Jihoon Kim,US,219,2016,6
A5100654454,Sung-Hee Kim,KR,298,2015,6
A5100674437,Sukwon Lee,US,322,2015,6
A5066048702,Stefano Balietti,DE,211,2010,10
A5013904917,Jeasurk Yang,SG,97,2020,10
A5101848967,Oh‐Hyun Kwon,KR,73,2021,10
A5004774200,Scott L. Feld,US,71,2021,4
A5016057473,Henrik Olsson,AT,4029,1997,4
A5023753116,Tamara van der Does,US,170,2020,4
A5038390320,Frauke Kreuter,DE,2307,2008,4
A5052099873,Wändi Bruine de Bruin,US,579,2002,4
A5067567133,D. L. Stein,DE,175,2019,4
A5090030525,Jonas Dalege,US,146,2020,4
A5072811626,Muhammad Ehab Rasul,US,37,2022,30
A5016530346,Gavin J. Kilduff,US,796,2009,37
A5020464850,Lucio Baccaro,DE,117,2008,37
A5075539945,Noah Eisenkraft,US,418,2008,37
A5078747710,Aiwa Shirako,US,157,2006,37
A5085423155,Nils Straubinger,DE,103,2009,4
A5057803453,Jörg Rieskamp,CH,3973,1999,4
A5077163579,Thorsten Pachur,DE,3002,2005,4
A5000683102,Yasmina Okan,ES,680,2011,4
A5014507360,Moritz Augustin,DE,67,2017,14
A5046927655,Fabian Baumann,DE,120,2017,14
A5057312631,Josef Ladenbauer,FR,97,2013,14
A5073910479,Klaus Obermayer,DE,478,2005,14
A5024018027,Erika A. Waters,US,513,2006,46
A5101809319,Eva Janssen,NL,312,2010,61
A5003657053,Jennifer Mueller,US,104,2006,37
A5100342425,L. Xu,CN,94,2007,112
A5100628590,Bin Yao,CN,94,2007,112
A5002787525,Timo Lenzner,DE,353,2009,4
A5006476793,Lars Kaczmirek,AT,627,2007,4
A5017467806,Amit Kothiyal,DE,123,2014,4
A5035203700,Tobias Neumann,GB,100,2014,4
A5042551745,David Aikman,GB,193,2011,4
A5074388586,Konstantinos V. Katsikopoulos,GB,1143,2004,4
A5078902586,Emma Murphy,IE,100,2014,4
A5088555912,Sujit Kapadia,DE,214,2011,4
A5019136836,Max Pellert,DE,190,2018,10
A5054129638,H. Metzler,SE,115,2020,10
A5016371653,Michele Starnini,ES,1945,2011,14
A5073800371,Igor M. Sokolov,RU,208,2004,14
A5002592195,Zackary Okun Dunivin,US,24,2022,4
A5020893265,Kin F. Li,CA,115,1998,113
A5031365746,Md. Shahadatullah Khan,Unknown,93,1998,113
A5111458986,Eric G. Manning,US,145,1977,113
A5048660530,Branimir Šverko,HR,92,2007,4
A5081581970,Zvonimir Galić,HR,92,2007,4
A5088422764,Darja Maslić Seršić,HR,81,2007,4
A5044737729,Henrik Ronellenfitsch,US,47,2015,4
A5076363850,Douglas C. Daly,US,47,2015,4
A5078984146,Eleni Katifori,US,47,2015,4
A5069137598,Dong‐Hyun Kang,KR,244,2003,114
A5103128304,Jun‐Won Kang,KR,35,2019,114
A5004567412,Juming Tang,US,132,2003,114
A5076514379,Frank Younce,US,78,2003,114
A5078641288,B. Shafer,US,78,2003,114
A5080320634,Peter Gray,US,91,2003,114
A5081584731,Dongsheng Guan,US,78,2003,114
A5087459011,Kinue Ito,US,78,2003,114
A5101364455,Teng Yang,CN,132,2003,114
A5044229450,Young Jin Choi,KR,44,2011,114
A5060992488,Sangryeol Ryu,KR,44,2011,114
A5083132577,Hun-Gu Sagong,KR,44,2011,114
A5100322269,Sang‐Hyun Park,KR,44,2011,114
A5062769472,Wolfgang Bandilla,DE,420,2003,4
A5063297679,Iris Haas,DE,990,2008,4
A5005926480,Jennifer R. Overbeck,AU,1046,2001,37
A5013251728,Yeri Cho,US,20,2021,37
A5015706474,Yang Yu,CN,20,2021,37
A5102998608,Teng Zhang,CN,20,2021,37
A5001004910,Nobuhiro Uno,JP,122,2015,115
A5022154058,Toshiyuki Nakamura,JP,122,2015,115
A5043424403,Cen Zhang,CN,21,2020,115
A5049693274,Masahiro Kuwahara,JP,21,2020,115
A5068750994,Jan‐Dirk Schmöcker,JP,80,2017,115
A5033588134,Melvyn Tyloo,US,20,2020,14
A5085034251,Christoph Riedl,US,1217,2010,20
A5001141623,Ani Harutyunyan,US,18,2021,10
A5014275083,Harvey McGuinness,US,18,2021,10
A5049240073,Vicky Chuqiao Yang,US,188,2000,10
A5019316892,V. Elaine Mayes,US,37,2006,114
A5021990013,Masami T. Takeuchi,IT,77,2005,114
A5071006460,Miriam Edlefsen,US,88,2005,114
A5077626199,Zena Edwards,US,48,2005,114
A5109276070,Sandra M. McCurdy,US,88,2005,114
A5109923923,Virginia N. Hillers,US,77,2005,114
A5073348089,Jae‐Won Ha,KR,23,2018,114
A5000318273,Guiwen Liu,CN,473,2016,26
A5000912071,Xiaobo Tao,CN,21,2018,26
A5025349095,Kaijian Li,CN,263,2016,26
A5052300568,Tongjing Wang,NL,21,2018,26
A5057012527,Asheem Shrestha,AU,309,2015,26
A5069050899,Igor Martek,AU,264,2015,26
A5100665334,Dong Wang,CN,21,2018,26
A5027326281,Giovanni Francesco Massari,IT,242,2018,4
A5089755342,Ilaria Giannoccaro,IT,227,2017,4
A5102893432,Giuseppe Carbone,IT,132,2017,4
A5019984504,Richard W. Peebles,US,30,1977,113
A5057230433,Denis Bratko,HR,86,2007,4
A5023052287,Lisabeth F. DiLalla,US,20,2017,37
A5040356737,Astrid Kause,DE,63,2015,4
A5080330150,Wolfgang Gaissmaier,DE,4674,2006,4
A5022244538,William J. Becker,US,19,2017,37
A5052493481,Donald Ruggiero Lo Sardo,IT,41,2019,2
A5083512259,Aabir Abubaker Kar,US,17,2020,2
A5005719404,Debsankha Manik,DE,16,2020,4
A5009871877,Thomas Kneib,DE,64,2018,4
A5016630281,Benjamin Säfken,DE,60,2020,4
A5031163594,Alexander Silbersdorff,DE,60,2018,4
A5037447979,Konstantinos Katsikopolous,Unknown,16,2014,4
A5088463133,Daniel Stein,DE,14,2020,4
A5011971905,Shahed Sharif,US,13,2021,111
A5045862356,Charles DeLeone,US,13,2021,111
A5049878715,Joshua Sack,US,13,2021,111
A5050704481,Gina Passante,US,13,2021,111
A5082720624,Justin K. Perron,US,13,2021,111
A5100618059,Tom Carter,GB,13,2021,111
A5063453660,Paul Lukowicz,DE,209,2007,10
A5028646513,Eunjin Jeong,KR,14,2017,114
A5029793438,Soonhoi Ha,KR,273,1997,114
A5060647370,Jinmyeong Kim,KR,14,2017,114
A5074888081,HyunJae Lee,US,14,2017,114
A5002826165,Eun-Rae Cho,KR,13,2020,114
A5070807115,Sang‐Soon Kim,KR,13,2020,114
A5037781118,Michelle McDowell,DE,157,2016,4
A5082948032,Lei Chen,GB,22,1999,113
A5109136154,Shahadat Khan,CA,22,1999,113
A5064632341,Julian N. Marewski,CH,1476,2007,4
A5002932771,Božidar Kliček,HR,12,2008,4
A5050149537,Lou Atkins,GB,2281,2013,61
A5090631705,Susan Michie,GB,23528,1992,61
A5033803383,David French,GB,908,1993,61
A5056091804,James Elander,GB,1201,1993,61
A5013162603,Chris Hollis,GB,951,2008,61
A5015773823,Jeremy C. Wyatt,GB,1001,1994,61
A5056202927,Linda M. Collins,US,5305,2004,61
A5061227329,Elizabeth Murray,GB,1978,2012,61
A5067879371,Daniel E. Rivera,ES,1835,2006,61
A5078089549,Eric B. Hekler,US,4515,2010,61
A5080370996,Gerhard Andersson,SE,1008,1998,61
A5083886220,Aiden Doherty,GB,860,2013,61
A5023975998,G. James Rubin,GB,1722,2007,61
A5077841338,Richard Amlôt,GB,1729,2002,61
A5066119228,Huiyu Zhou,CN,999,2008,87
A5100334733,Yuan Yuan,CN,6009,2003,87
A5102029060,Chunmei Shi,CN,603,2008,87
A5003307854,Michael Batty,GB,4164,2008,10
A5017825804,Erez Hatna,US,736,2014,10
A5022926262,Anders Johansson,SE,2941,2007,10
A5024725112,Elsa Arcaute,GB,736,2014,10
A5102859673,Peter Ferguson,AU,385,2014,10
A5082048229,Daniel Kotz,DE,1562,2008,61
A5004397159,Richmond Campbell,CA,349,2014,61
A5011014926,Heather L. Gainforth,CA,349,2014,61
A5058534097,Jamie Brown,GB,2705,2012,61
A5069623259,S. Michie,Unknown,410,2014,61
A5000515781,Cristina Godinho,PT,455,2016,61
A5033629153,Kate Sheals,GB,482,2014,61
A5063748962,Huanhuan Yuan,CN,394,2016,87
A5100344279,Lei Guo,CN,943,2007,87
A5100606010,Shanlin Sun,US,289,2016,87
A5101921301,Hongjiu Yang,CN,1055,2014,87
A5064580861,Michael T. Gastner,SG,1241,2004,33
A5007883693,Xiangtao Zheng,CN,1596,2016,87
A5018824735,Xiaoqiang Lu,CN,3398,2012,87
A5013642523,Kate Hone,GB,1508,2013,87
A5025693167,Nianyin Zeng,CN,1828,2015,87
A5100375376,Xiaohui Liu,CN,4348,2003,87
A5100699858,Zidong Wang,GB,4535,2003,87
A5101519817,Weibo Liu,CN,1115,2017,87
A5007072443,Shyam Raman,US,309,2020,14
A5066089123,Byungkyu Lee,US,393,2011,14
A5078441538,Felipe Lozano Rojas,US,243,2020,14
A5112594610,Sumedha Gupta,US,327,2020,14
A5042245655,Jianwu Fang,CN,381,2013,87
A5100341321,Qi Wang,CN,3072,2013,87
A5022524675,Zhitong Xiong,DE,384,2016,87
A5048812659,Lei Cheng,CN,363,2017,87
A5064231378,Yuanqing Xia,CN,679,2014,87
A5042923491,Alberto Aziani,IT,232,2020,11
A5050801361,Serena Favarin,IT,276,2015,11
A5033017179,Qian Du,US,268,2016,87
A5036015170,Yanfeng Liu,CN,202,2021,87
A5100429992,Qiang Li,CN,172,2011,87
A5017602735,Emma Beard,GB,746,2011,61
A5030252017,John Marsden,GB,436,2005,61
A5076107680,Ildikó Tombor,GB,644,2013,61
A5113501513,John Stapleton,AU,410,1986,61
A5014921097,S. M Towhidul Islam Tonmoy,BD,72,2023,116
A5017391319,Amitava Das,IN,119,2023,116
A5047032131,Aman Chadha,US,72,2023,116
A5065241005,Vipula Rawte,US,119,2023,116
A5076595090,Vinija Jain,US,41,2024,116
A5102836237,S M Mehedi Zaman,BD,41,2024,116
A5110627453,Anku Rani,US,41,2024,116
A5106741818,Dianne Parker,GB,3923,1990,10
A5110695268,Steve Stradling,GB,620,1995,10
A5114375328,Antony S. R. Manstead,FR,5329,1990,10
A5005446898,Andy McEwen,GB,578,2001,61
A5028731847,Lesley Owen,US,357,2001,61
A5110222405,K Bolling,US,301,2001,61
A5103389419,J. M. Wilding,GB,315,1993,61
A5106234642,Davina French,AU,488,1993,61
A5052720011,Lion Shahab,GB,709,2008,61
A5060610138,Jennifer A. Fidler,GB,1945,2006,61
A5003134676,Fangnian Lang,CN,210,2008,87
A5046520540,Bin Fang,CN,885,2008,87
A5052276737,Zhaowei Shang,CN,632,2008,87
A5085140523,Yuan Yan Tang,CN,929,2008,87
A5100336699,Donghui Li,CN,186,2008,87
A5101664915,Taiping Zhang,CN,757,2008,87
A5022573878,Piotr Bródka,PL,580,2010,26
A5049612210,Przemysław Kazienko,PL,1312,2006,26
A5106026061,Stanisław Saganowski,PL,499,2011,26
A5016337133,Qi Wang,CN,171,2012,87
A5054075262,Pingkun Yan,CN,490,2011,87
A5100740143,Xuelong Li,CN,8715,2004,87
A5067600725,Dapeng Tao,CN,702,2012,87
A5080674767,Lianwen Jin,CN,347,2012,87
A5100769475,Yongfei Wang,CN,164,2013,87
A5021853180,Wai Chi Wong,GB,164,2015,61
A5024445264,Harveen Kaur Ubhi,GB,527,2015,61
A5032504269,Arlen C. Moller,US,416,2006,37
A5044527585,David E. Conroy,US,936,2012,4
A5057553771,Kari C. Kugler,US,496,2013,61
A5067172089,Gina Merchant,US,1107,2016,61
A5021812568,Luís M. A. Bettencourt,US,3449,2005,10
A5032944743,Andrés Gómez-Liévano,US,539,2012,10
A5026873916,Ann Blandford,GB,1498,2011,61
A5083476756,Olga Perski,GB,872,2017,61
A5022414281,Horacio Samaniego,CL,315,2014,10
A5022698727,José Lobo,US,1757,2000,10
A5071813608,Deborah Strumsky,SE,658,2004,10
A5111567842,Geoffrey B. West,US,852,2006,10
A5011422880,Peter Miller,AU,157,2013,61
A5028696190,Joanne Neale,GB,501,2013,61
A5020287759,Zoltán Dienes,GB,251,2016,61
A5082254068,C R Muirhead,US,129,2016,61
A5005745726,Hein de Vries,NL,2106,1996,61
A5009477152,Ciska Hoving,NL,377,2005,61
A5061829152,Eline Suzanne Smit,NL,382,2011,61
A5085776816,Karen Schelleman‐Offermans,NL,121,2014,61
A5003817108,Ian Maddieson,PL,121,2016,10
A5005302357,Logan Sutton,US,121,2016,10
A5040634818,Jon F. Wilkins,US,616,2002,10
A5045651282,Tanmoy Bhattacharya,US,612,2010,10
A5101479585,Eric Smith,US,121,2016,10
A5114948823,William Croft,US,340,2009,10
A5041091856,Abhishek Gupta,IN,3559,2015,87
A5068243197,Yew-Soon Ong,SG,4128,2012,87
A5086201515,Hua Xu,CN,152,2016,87
A5112864831,Puay Siew Tan,SG,754,2015,87
A5044072805,Janna Hastings,CH,275,2018,61
A5068750563,Carmen E. Lefevre,GB,200,2015,61
A5076631295,Lauren Connell Bohlen,US,474,2018,61
A5101841217,Rachel Carey,GB,1770,2016,61
A5012914007,David Crane,GB,1715,2015,61
A5051870388,Claire Garnett,GB,695,2015,61
A5043446618,Jia Wan,CN,108,2017,87
A5017300410,Yonghua Fan,CN,160,2015,87
A5053178444,Bin Xu,CN,1475,2013,87
A5072871589,Yuyan Guo,CN,265,2015,87
A5083472752,Danwei Wang,SG,580,2013,87
A5018377905,Falko F. Sniehotta,GB,3262,2008,61
A5051542828,Vera Araújo‐Soares,DE,2114,2008,61
A5084102683,Michael P. Kelly,US,1771,2014,61
A5080263475,Fuad E. Alsaadi,SA,951,2014,87
A5035054152,Kirsten A. Eddy,GB,22,2023,1
A5066491651,Meredith L. Pruden,US,51,2022,30
A5089893749,Rachel Kuo,US,22,2023,1
A5019012827,Michael Ussher,GB,598,2001,61
A5034869269,Amandeep Kaur Sampuran,GB,167,2004,61
A5053185418,Colin Drummond,GB,377,1990,61
A5086248289,Reena H. Doshi,CG,167,2004,61
A5010556700,Michael A. Russell,US,660,1985,61
A5053433013,Paola Nunziata,GB,132,2001,61
A5091626620,Mark Cropley,GB,483,2001,61
A5075497381,Tanaya Mandal,US,268,2007,44
A5006024585,Hayden McRobbie,AU,709,2007,61
A5032500066,Fabiana Lorencatto,GB,253,2013,61
A5055484688,Charlotte Christopherson,GB,95,2013,61
A5081127985,Xiaozhao Fan,CN,128,2015,87
A5102770356,Yang Yu,CN,190,2015,87
A5029566645,Onno C. P. van Schayck,QA,241,2012,61
A5084304675,Abiram Selladurai,GB,148,2015,61
A5028090225,Jordan Swartz,US,93,2017,31
A5038395206,Josua Krause,US,168,2016,31
A5051193196,Aritra Dasgupta,US,372,2011,31
A5087660055,Yindalon Aphinyanaphongs,US,93,2017,31
A5102923390,Enrico Bertini,US,338,2016,31
A5012989554,Aleksandra Herbeć,GB,137,2015,61
A5054806059,Qiusi Sun,US,215,2018,2
A5062640417,Laramie D. Taylor,US,87,2018,2
A5070192201,Bingqing Wang,US,73,2018,2
A5071132422,David Sheard,NZ,71,2016,61
A5021398510,Lucy Yardley,GB,7241,2005,61
A5036261859,J. Chilcott,GB,183,2016,61
A5046292035,Paul McNamee,IT,725,2010,61
A5046482252,Laura Bojke,GB,71,2016,61
A5103342834,Alastair Fischer,GB,113,2016,61
A5103052502,Yachuang Feng,CN,284,2016,87
A5012642979,Kaibo Wang,CN,203,2012,87
A5023013886,Xiaoning Ding,US,633,2005,87
A5032794241,Siyuan Ma,CN,67,2014,87
A5089560181,Rubao Lee,US,233,2012,87
A5100323896,Kai Zhang,CN,67,2014,87
A5100376187,Xiaodong Zhang,CN,97,2014,87
A5053437240,Yueming Lyu,CN,144,2019,87
A5073139380,Dit‐Yan Yeung,HK,1499,2009,87
A5101938717,Xi Shen,CN,66,2019,87
A5000465145,Marijn de Bruin,NL,1769,2010,61
A5005635678,Marie Johnston,GB,11198,1992,61
A5019750784,Maarten C. Eisma,NL,102,2016,61
A5029733822,Nicola Black,AU,65,2020,61
A5054715875,Claire Scott,GB,65,2020,61
A5082230764,Wolfgang Viechtbauer,NL,994,2012,61
A5085681303,Jamie Hartmann‐Boyce,US,102,2016,61
A5012195526,Jie Fang,CN,172,2019,87
A5009101271,Yuwei Lu,CN,63,2017,87
A5035791917,Michiel A. Bakker,GB,179,2019,3
A5046689828,Bernardo Garcia-Bulle,US,88,2019,3
A5071122166,Alejandro Noriega-Campero,US,230,2019,3
A5019956121,Grace Wolff,US,89,2020,2
A5031709228,Rabindra Ratan,US,1371,2009,2
A5100412358,Taeyoung Kim,KR,62,2020,2
A5036437044,Bernard Kujawski,Unknown,61,2019,61
A5051860483,Ella Sunyer,GB,61,2019,61
A5057284688,Sarah E. Jackson,GB,365,2014,61
A5019554383,Tom Nadarzynski,GB,579,2019,61
A5060367474,Oliver Miles,GB,579,2019,61
A5055644335,Hailong Ning,CN,117,2019,87
A5101496244,Bin Zhao,CN,866,2011,87
A5006758334,Marcus R. Munafò,GB,9806,2009,61
A5031683586,Lies Boelen,GB,28,2022,61
A5075254014,Alejandro Hope,Unknown,17,2023,10
A5064415620,J. W. Kim,KR,15,2023,14
A5049026777,Reinier Timman,NL,107,2001,61
A5086905649,Marianne Junger,NL,107,2001,61
A5027080765,James Z. Daniel,GB,224,2004,61
A5087734969,Eleni Vangeli,GR,185,2010,61
A5100341196,Qi Wang,CN,72,2012,87
A5040862915,Edward Carberry,US,71,1969,61
A5045783683,Witold Zatoński,DE,1656,2006,61
A5060270125,Urszula Sulkowska,PL,88,2012,61
A5090811312,Andrzej Wojtyła,PL,60,2012,61
A5110472211,Krzysztof Przewoźniak,PL,106,2012,61
A5001037881,Fredrik Erlandsson,SE,75,2012,26
A5046863989,Anton Borg,SE,53,2016,26
A5112493862,Henric Johnson,SE,75,2012,26
A5003584200,Claudio Silva,US,77,2015,31
A5022921031,Yaxing Wei,CN,52,2015,31
A5029317616,Jorge Poco,BR,77,2015,31
A5059742070,Enrico Bertini,IT,81,2015,31
A5061485712,Robert B. Cook,US,52,2015,31
A5036577897,Guo Mao,CN,51,2018,87
A5101639297,Haopeng Li,CN,68,2012,87
A5022894359,Robert A. Lafrance,US,49,2016,31
A5040201243,Samuel Payne,US,49,2016,31
A5058099040,Joon‐Yong Lee,US,49,2016,31
A5104331804,Ryan Wilson,US,49,2016,31
A5108524080,Nick Cramer,US,70,2007,31
A5112855730,Kristin Cook,CA,49,2016,31
A5060331544,Jasjit S. Ahluwalia,US,125,2010,61
A5061325810,Bidyut K. Sarkar,IN,49,2016,61
A5073647790,Monika Arora,IN,206,2006,61
A5087323681,K. Srinath Reddy,IN,206,2006,61
A5001848378,Junyu Gao,CN,895,2019,87
A5100636010,Wei Lin,CN,605,2019,87
A5051832847,Katarzyna Musiał,AU,517,2011,26
A5081947501,Jarosław Jankowski,PL,251,2012,26
A5100460592,Jianan Zhang,CN,53,2019,87
A5001073519,Rasoul Faraji,NL,41,2020,87
A5051966878,Matías Díaz,CL,41,2020,87
A5060035217,Alireza Shourangiz-Haghighi,IR,41,2020,87
A5072189850,Josep M. Guerrero,DK,1292,2018,87
A5100341419,Yichen Zhang,CN,98,2020,87
A5100741557,Jiale Li,CN,41,2020,87
A5101778414,Lei Ding,CN,41,2020,87
A5040965331,Stephen M. Fiore,US,2557,2002,2
A5090575602,Erin Leahey,US,105,2014,12
A5106073123,Lingfei Wu,US,1131,2016,0
A5109067519,Yong-Yeol Ahn,US,276,2014,10
A5032475019,Elizabeth Corker,GB,13,2023,61
A5051554812,Marta M. Marques,GR,64,2018,61
A5043229598,Ann McIlwaine,GB,94,2002,61
A5005013018,Jonathan Foulds,US,96,2001,61
A5022676925,Sylvia May,GB,150,1999,61
A5047474854,Anna Meadows,GB,83,2001,61
A5052035076,Peter Hájek,GB,944,1991,61
A5101774258,Fredrik Nilsson,SE,96,2001,61
A5057286641,M. J. Jarvis,GB,2378,1986,61
A5026663035,Jane Wardle,GB,2961,2006,61
A5111570296,Naomi Henning Brodersen,GB,112,2006,61
A5011997611,Elizabeth R. Valentine,US,87,1985,61
A5047195042,John Wilding,GB,87,1985,61
A5077437989,JULIA BARWICK,GB,75,1989,61
A5003106951,Darya Malyutina,RU,64,2010,61
A5020565946,N. Bobrova,UA,64,2010,61
A5038043305,Sofia Malyutina,RU,113,2010,61
A5072469346,Martin Bóbak,CZ,113,2010,61
A5081622405,Robert Kosara,US,629,2001,31
A5100337178,Min Chen,GB,248,2012,31
A5050637601,Adam S. Evans,GB,55,2011,61
A5027742318,Bartosz Kołoszczyk,PL,52,2012,26
A5068497573,Hugo Barbosa,GB,253,2015,10
A5079517520,Petter Holme,FI,5152,2001,10
A5084413160,Minjin Lee,US,105,2015,10
A5014401391,Zhiyu Jiang,CN,75,2015,87
A5013718214,Yang Zhao,CN,62,2018,87
A5017234474,Leonie S. Brose,GB,264,2013,61
A5058584640,Carla Bruguera,ES,94,2013,61
A5077975555,Chong Sun,DK,41,2018,87
A5022815450,Praneeth Vepakomma,US,985,2018,3
A5031732469,Jim Waldo,US,124,2014,6
A5057083249,Michelle Vaccaro,US,36,2019,6
A5023495279,Ramesh Raskar,US,2454,2004,3
A5100350014,Yingjie Wang,CN,98,2018,87
A5031169711,Alison J. Wright,AU,102,2006,61
A5079340311,Neil Boyt,GB,27,2021,61
A5082623356,Emma Norris,GB,117,2018,61
A5028924096,Raphaela M. Velho,US,18,2022,30
A5049012090,Ayse D. Lokmanoglu,US,55,2020,30
A5070630357,Dror Walter,US,292,2019,30
A5081957662,Emily A. Andrews,US,18,2022,30
A5029442845,Tuncer Ören,CA,247,2003,87
A5060053799,Nasser Ghasem-Aghaee,IR,271,2003,87
A5043881240,Ann McNeill,GB,1909,1987,61
A5109168629,KATE EAMES,GB,65,1990,61
A5051242148,Sarah Hack,GB,64,1991,61
A5086887025,Yanwei Pang,CN,879,2004,87
A5103032366,Katarzyna Musiał,AU,231,2006,26
A5003987685,Kazuki Miura,JP,52,2008,87
A5079769914,Hiroshi Gunji,JP,52,2008,87
A5002420393,M P Crepeau,CA,80,1979,61
A5066306725,Mimi M Belmonte,CA,184,1979,61
A5068032162,Justin Wilkins,BE,80,1979,61
A5074700845,Eleanor Colle,CA,248,1979,61
A5090202672,R Poirier,CA,80,1979,61
A5023694433,Stuart G. Ferguson,AU,44,2013,61
A5113792167,Natalie Seymour,US,43,2013,61
A5052648442,Caitlin Notley,GB,91,2013,61
A5100341208,Qi Wang,CN,37,2015,87
A5074840883,Eleanor Bull,GB,37,2016,61
A5003218773,Marc C. Willemsen,NL,1056,1996,61
A5048054945,Karin Hummel,NL,37,2016,61
A5063013411,Yuming Fang,CN,1807,2011,30
A5011371569,Shichang Liu,CN,47,2016,87
A5072313686,Jiankai Yu,US,36,2016,87
A5100403719,Kan Wang,CN,47,2016,87
A5100364172,Peng Zhang,CN,56,2017,87
A5100737160,Bo Qu,CN,34,2019,87
A5102005028,Wenshuo Li,CN,66,2020,87
A5103060010,Sam Davidson,NZ,46,2020,17
A5012549852,Zhengkai Liu,CN,183,2004,87
A5031353058,Dong Xu,US,59,2004,87
A5029487359,Julia Wilson,US,57,1995,61
A5016829160,John E. K. Foreman,CA,54,1986,61
A5076775426,Robert Gagnon,CA,54,1986,61
A5113457403,John Patrick,CA,54,1986,61
A5016564072,Maria Sofia Cattaruzza,IT,35,2013,61
A5038809760,Xianbin Cao,CN,179,2011,87
A5042471672,Gao Chang-cheng,CN,33,2013,87
A5077604121,Jinhe Lan,CN,92,2011,87
A5063642859,Caroline Free,GB,99,2012,61
A5062634559,Dario Baretta,CH,143,2018,61
A5077046319,Daniel Burkhardt Cerigo,US,30,2016,10
A5039475418,Mirte A G Kuipers,NL,182,2013,61
A5045937794,Sara C Hitchman,CH,602,2011,61
A5071000982,Karien Stronks,NL,1086,1989,61
A5082008211,Anton E. Kunst,NL,1509,1989,61
A5025360037,Przemysław Różewski,PL,42,2015,26
A5056931132,Radosław Michalski,PL,268,2011,26
A5067275668,Lifeng Ma,CN,346,2010,87
A5027103930,Francesco Calderoni,IT,275,2014,11
A5077347830,Marco Dugato,IT,71,2015,11
A5023114877,Charles Spencer,Unknown,26,2019,118
A5047767652,Traci English-Clarke,US,26,2019,118
A5053878379,Christopher Graziul,US,26,2019,118
A5061174526,Lauren M. Rich,US,330,2004,118
A5071673217,Bronwyn Nichols Lodato,US,26,2019,118
A5087246193,Margaret Beale Spencer,US,471,1995,118
A5032363071,Jim Lumsden,GB,139,2016,61
A5024417709,Luis Fernando Cantú,MX,36,2020,3
A5044445260,Luis Tejerina,US,25,2020,3
A5005961565,Suzanne H. Gage,GB,405,2013,61
A5089132172,Harry Tattan‐Birch,GB,34,2020,61
A5088013951,Zhan Gao,GB,20,2021,87
A5082067789,Le Dong,CN,38,2021,87
A5106943753,Xuelong Li,CN,1899,2018,87
A5077254624,Chuang Yang,CN,14,2022,87
A5087975803,Mulin Chen,CN,395,2016,87
A5069308935,Jean‐François Etter,CH,623,2005,61
A5074103823,Dacheng Tao,SG,6222,2007,87
A5100715026,Jing Wen,CN,305,2008,87
A5101785348,Xinbo Gao,CN,3623,2005,87
A5103271811,Jie Li,CN,1304,2005,87
A5108204292,J A Stapleton,GB,216,1989,61
A5062189731,Andrew Black,AU,32,2012,61
A5090716565,Jenny Fidler,GB,32,2012,61
A5056589050,Jarosaw Gaworecki,Unknown,31,2010,26
A5025592891,Josef Kozák,CZ,31,2012,26
A5032439629,Anna Zygmunt,PL,49,2012,26
A5054113183,Bogdan Gliwa,PL,49,2012,26
A5072822221,Gboyega E. Abikoye,NG,30,2012,61
A5071061589,Guokang Zhu,CN,30,2013,87
A5035935031,Tobias Raupach,DE,74,2013,61
A5008556866,Victoria A. Nelson,US,26,2015,61
A5087926819,Maciej Ł. Goniewicz,US,70,2015,61
A5019664372,Richard C. Boronow,US,26,1964,61
A5078653899,Cristian Felix,US,142,2016,31
A5008391561,Zsuzsa Bakk,NL,25,2018,61
A5017523423,Bas van den Putte,NL,1522,2009,61
A5023583657,Winifred A. Gebhardt,NL,531,2010,61
A5038871081,Arie Dijkstra,NL,1605,1996,61
A5046560307,Geoffrey T. Fong,CA,1595,1982,61
A5066480805,Colette van Laar,BE,2282,2004,61
A5082824780,Eline Meijer,NL,200,2015,61
A5039382653,Juho Hamari,FI,339,2014,26
A5007941468,Bernice A. Pescosolido,US,1098,2012,14
A5010237794,Karen Kafadar,US,22,2020,14
A5023731077,Cecilia Meneghini,GB,22,2019,11
A5063561197,Tommaso Comunale,BG,34,2019,11
A5101982185,Sarah Hoan Nguyen,US,19,2021,2
A5074321312,Ganchao Liu,CN,18,2021,87
A5081673186,Kenneth D. Ward,US,17,2021,61
A5100461965,Yiwei He,CN,17,2021,61
A5112416149,Rachel Loh,GB,17,2021,61
A5033555696,Zhinan Cai,CN,17,2021,87
A5012672595,Deborah Manzi,IT,12,2022,11
A5042647354,Niccolò Frualdo,US,12,2022,11
A5052726495,Martina Marchesi,IT,12,2022,11
A5038883380,Shawkat Hammoudeh,US,213,2006,87
A5068484009,Mohan Nandha,AU,28,2011,87
A5013515507,Mohammad Siahpush,US,412,2010,61
A5026423096,Jamie Bryant,AU,299,2010,61
A5030751624,Catherine D’Este,AU,152,2014,61
A5040597513,Christopher Oldmeadow,AU,21,2016,61
A5050823275,Laura Twyman,AU,48,2016,61
A5055313633,Billie Bonevski,AU,460,1999,61
A5089811570,Christine Paul,AU,731,1999,61
A5091575671,Kerrin Palazzi,AU,32,2016,61
A5027140391,Zhaohui Ruan,CN,21,2016,87
A5049375655,Yong Shuai,CN,64,2016,87
A5090805534,He‐Ping Tan,CN,64,2016,87
A5101847505,Chuanxin Zhang,CN,21,2016,87
A5115592377,Qi-Xiang Chen,CN,21,2016,87
A5010735876,Keke Chang,CN,16,2021,87
A5011863189,Ming Lou,CN,16,2021,87
A5017954957,Kai Xu,CN,16,2021,87
A5074400158,Chengyuan Hong,CN,16,2021,87
A5100706676,Leilei Chen,CN,16,2021,87
A5101470620,Yujie Du,CN,16,2021,87
A5103850969,Yong Du,CN,16,2021,87
A5009196626,Anne Peterscheck,GB,11,2022,30
A5023145389,Yannick Veilleux-Lepage,CA,11,2022,30
A5004873819,Pam Sammons,GB,199,1993,61
A5009074425,Anne West,GB,526,1993,61
A5109002977,Andrew Preston,GB,34,2005,61
A5067482210,Jack Siemiatycki,CA,197,1981,61
A5029368066,Martin Raw,US,183,1995,61
A5032112045,Linda Bauld,GB,1810,2010,61
A5062618168,John Britton,GB,334,2008,61
A5083957005,Deborah Arnott,GB,159,2008,61
A5043651119,T. Filipowski,PL,22,2012,26
A5050914099,Tomasz Kajdanowicz,PL,390,2008,26
A5085023526,Mianyou Shang,CN,39,2011,87
A5101875418,Jing Pan,CN,174,2009,87
A5020853176,Susannah M. Burrows,US,33,2017,31
A5024879281,Philip J. Rasch,US,20,2017,31
A5066977998,Kyungsik Han,KR,94,2011,6
A5049261432,Dandan Ma,CN,38,2017,87
A5015216001,Natalie Herd,GB,19,2018,61
A5021922409,He Tang,CN,90,2016,87
A5058844682,Sheldon X.-D. Tan,US,161,2011,87
A5100452499,Hai Wang,CN,117,2011,87
A5100458255,Chi Zhang,CN,18,2019,87
A5101708353,Xingxing Guo,CN,18,2019,87
A5100398168,Dohoon Lee,KR,17,2020,14
A5015842765,S. Beharry,GB,36,1999,61
A5071953618,S. Courts,GB,36,1999,61
A5063525389,John Weinman,GB,3527,1990,61
A5083267498,Margaret Rose Christie,Unknown,30,1990,61
A5084534661,Sebastian Palus,PL,164,2010,26
A5000878033,Victoria Booth,US,194,2007,119
A5025236648,Cecilia Diniz Behn,US,194,2007,119
A5053835888,Aparna Ananthasubramaniam,US,19,2013,119
A5012311011,Kongqiao Wang,CN,71,2008,87
A5076503587,Christos Kouimtsidis,GB,67,2013,61
A5082274535,Daniel Ståhl,GB,300,2014,61
A5102340607,Sabu Emmanuel,IE,46,2009,30
A5028328053,Alfie Abdul‐Rahman,GB,170,2012,31
A5039685292,Mengzhen Chen,Unknown,16,2016,31
A5075052652,Eamonn Maguire,CH,16,2016,31
A5031147313,Peter Bearman,US,1580,1996,12
A5084857817,Xiang Yu,CN,191,2020,87
A5101761963,Yukai Zhu,CN,122,2018,87
A5055822217,Sharon Cox,GB,58,2018,61
A5018557029,Giulia Andrighetto,SE,266,2007,11
A5038403510,Áron Székely,CA,44,2020,11
A5055287301,Mario Paolucci,IT,223,2007,11
A5004286609,Cornelia H.M. van Jaarsveld,NL,2495,2007,61
A5113638173,Abdul Sadka,GB,74,2008,87
A5006414230,Witta Priester,US,21,1976,61
A5014805880,Helen Gerretson,US,34,2008,87
A5030862850,Sinan Olkun,TR,108,2005,87
A5040201401,James Dogbey,US,20,2008,87
A5060986066,Aliye Erdem,TR,20,2008,87
A5074480853,Glenn Smith,US,108,2005,87
A5101640188,Min Fu,CN,14,2014,87
A5055792640,Matthew Walmsley,GB,14,2015,61
A5100667506,Lei Qi,CN,56,2016,87
A5022352705,Cheng Zhou,CN,14,2016,87
A5100355339,Yong Li,CN,130,2016,49
A5100756388,Tao Zhang,CN,14,2016,87
A5018185509,Will Anderson,GB,13,2020,61
A5100391422,Dong Wang,CN,13,2020,87
A5086326894,Chengze Wang,CN,52,2019,87
A5041750928,Enzo Yaksic,US,11,2021,11
A5108073007,Stephen Frankel,US,27,1993,61
A5040255164,Peter Howell,GB,40,1983,61
A5063225709,Ian Cross,GB,23,1983,61
A5020847981,Gregory R. Gillette,GB,23,1989,61
A5065511624,Jim Maxka,US,23,1989,61
A5040338948,Justin Keen,GB,42,1998,61
A5054124693,Jeanette Moore,KR,21,2006,61
A5066732295,Yoosik Youm,KR,365,2011,5
A5026956791,Li-Hsueh Chen,US,26,2011,87
A5108691146,Nancy D. O'Brien,US,13,2019,31
A5110671171,Hong Wang,CN,13,2019,31
A5005889841,R. V. Belfin,US,12,2020,26
A5061913197,B. Radhakrishnan,IN,12,2020,26
A5081885924,V. Rejula,IN,12,2020,26
A5020909268,Shaocong Wang,CN,11,2020,87
A5020188879,Songwu Lu,US,50,2007,87
A5069173315,William A. Arbaugh,US,17,2007,87
A5002252700,Jens F. Beckmann,GB,23,2018,30
A5071155362,Eduard Pogorskiy,GB,23,2018,30
A5072621719,Vitomir Kovanović,AU,2475,2014,30
A5089389582,Srécko Joksimovíc,AU,2473,2014,30
A5026326487,Hazel Pennell,GB,411,1994,61
A5088828212,Tony Travers,GB,21,2001,61
A5006479580,Curry Sj,US,16,2006,61
A5036381367,Alicia Gilsenan,US,16,2006,61
A5041375865,F Coste,FR,16,2006,61
A5046482086,Xiaolei Zhou,US,16,2006,61
A5070046027,James Nonnemaker,US,124,2006,61
A5110133886,R. Brouard,FR,16,2006,61
A5111911871,SD Sullivan,US,16,2006,61
A5086654434,Ronald Troughton,Unknown,11,2012,61
A5100337568,Chen Wang,CN,11,2012,61
A5100729812,Chunmei Zhang,CN,11,2012,61
A5110661094,Xiao Dan,CN,11,2012,61
A5091789735,Roz Fryer,Unknown,18,1990,61
A5027268399,Thomas F. Babor,US,336,1986,61
A5053840112,Wayne Hall,AU,685,1993,61
A5110110875,Griffith Edwards,AU,244,1978,61
A5090134782,Neil E. Grunberg,US,17,1991,61
A5087148632,Jeffery D. Hall,Unknown,16,1998,61
A5101434052,Andy McEwen,GB,178,2001,24
A5100730858,Xinghua Zhang,CN,14,1985,61
A5069784035,Anna Meadow,GB,13,2003,61
A5010507452,Suzanne Holder,US,12,1997,61
A5111940488,Nathan Eagle,US,5211,2003,3
A5087340682,Londa Schiebinger,US,2255,2018,12
A5101957840,Nikhil Garg,US,1162,2018,12
A5001666093,Will Monroe,US,2237,2014,8
A5003451810,Tianlin Shi,CN,1019,2017,8
A5039096905,Alan Ritter,US,6056,2010,8
A5051608757,Sébastien Jean,US,1019,2017,8
A5100758099,Jiwei Li,CN,5508,2012,8
A5041171550,Allan Friedman,US,704,2005,17
A5018203148,Jason Brenier,AT,722,2006,12
A5050322485,Cynthia Girand,US,1080,2003,12
A5063799775,Michelle Gregory,US,2125,2001,12
A5109398508,Alan Bell,US,1806,2001,12
A5030006518,A. David Redish,US,1302,2007,52
A5070856464,Peter M. Todd,US,12557,1996,4
A5105307360,Nathanael Chambers,US,1614,2008,12
A5107838508,Michel Galley,US,7975,2003,8
A5114910293,Jianfeng Gao,CA,12612,2000,8
A5049418181,Cary Coglianese,US,406,2003,17
A5010679625,Noshir Contractor,US,406,2004,17
A5024924150,Chu‐Ren Huang,HK,559,2010,8
A5109994521,Aravind K. Joshi,IN,1056,1994,8
A5044978994,Anne Lynn S. Chang,US,2739,2010,12
A5047699502,Mihai Surdeanu,US,1227,2010,12
A5057289584,Yves Peirsman,BE,358,2011,12
A5100709327,Heeyoung Lee,KR,383,2011,12
A5103978745,Marta Vilar Recasens,ES,441,2010,8
A5015792268,Saadia Gabriel,US,1164,2019,8
A5090149660,Lianhui Qin,US,646,2017,8
A5024475685,Joshua Romoff,CA,640,2017,12
A5030296669,Jie‐Ru Hu,CN,252,2020,12
A5080591144,Joëlle Pineau,CA,4229,2012,12
A5058819105,Elie Bursztein,US,1055,2010,24
A5063362696,Celine Fabry,US,298,2010,27
A5068978543,Steven Bethard,US,1546,2004,64
A5010400337,Tara Kola,US,212,2016,6
A5068504623,Sean A. Munson,US,3496,2007,6
A5089605137,Matthew Kay,US,2371,2010,6
A5026986610,Priti Shah,US,1107,2009,6
A5029417016,Lace Padilla,MX,409,2020,6
A5043405353,Steven Franconeri,US,1251,2005,6
A5057652173,Jeffrey M. Zacks,US,846,2008,0
A5008542297,Matthew Gentzkow,US,3965,2006,12
A5052171928,Dorottya Demszky,US,374,2019,12
A5070966744,Rob Voigt,US,185,2015,12
A5112876685,Jesse M. Shapiro,US,4380,2006,12
A5004800043,Wen‐Ying Sylvia Chou,US,664,2016,17
A5034060718,Raynard Kington,US,123,2021,17
A5038407745,Susan J. Curry,US,320,1999,17
A5050203819,Stacey J. Arnesen,US,123,2021,17
A5090918369,Antonia M. Villarruel,US,123,2021,17
A5088186426,Mark A. Lemley,US,53,2023,12
A5100752866,Xuechen Li,CN,87,2023,12
A5004562667,Shuai Yang,CN,15,2024,120
A5009715573,Yibing Sun,CN,15,2024,120
A5083395646,Jieshu Qian,CN,15,2024,120
A5100693904,Hongchao Li,CN,15,2024,120
A5115592562,Xinyue Zhang,CN,15,2024,120
A5033291050,Kevin Esterling,US,837,2004,17
A5108442133,Daniel Carpenter,GB,237,2004,17
A5008449211,Vasileios Hatzivassiloglou,US,3946,1993,12
A5017601806,Hong Yu,CN,1423,2003,12
A5078931762,Ashley Thornton,US,221,2004,12
A5001536494,Alex Kale,US,432,2018,6
A5034827759,Xiaoli Qiao,US,153,2018,6
A5036300289,Michael Correll,US,372,2012,6
A5022207601,Drew Margolin,US,726,2008,26
A5109178254,Yu-Ru Lin,US,148,2014,26
A5007879982,Andrew L. Maas,US,159,2014,12
A5102911823,Ziang Xie,CN,269,2015,12
A5017505484,Anand Avati,US,597,2016,12
A5075745972,Naveen Arivazhagan,IN,132,2016,12
A5021789878,Bryan Routledge,US,2223,2010,8
A5024629651,Victor Chahuneau,US,138,2014,8
A5011919726,Oren Tsur,IL,1289,2004,8
A5085804244,Dan Calacci,MX,120,2015,8
A5079222963,Nicholas Diakopoulos,US,1179,2006,6
A5019208291,Francis Nguyen,US,116,2018,6
A5083612947,Ryan Kennedy,US,204,2016,17
A5100391905,Wei Wang,CN,108,2016,17
A5015805381,Hyunjin Song,KR,426,2008,17
A5016691378,Michael A. Neblo,US,643,2005,17
A5076415009,William Minozzi,US,329,2013,17
A5002093468,Jesse Shore,US,233,2014,17
A5030500389,Ethan Bernstein,US,233,2014,17
A5084668442,Yea‐Seul Kim,US,365,2016,6
A5007103053,Jong‐Woo Yoon,KR,91,2018,6
A5037853792,Dan Iter,US,332,2016,6
A5002366164,Patricia Bromley,US,90,2020,12
A5072860546,Li Lucy,US,90,2020,12
A5003660402,Tyler Simko,US,93,2021,17
A5004047476,Shiro Kuriwaki,US,362,2021,17
A5015451961,Kosuke Imai,US,11445,2004,17
A5029703012,Cory McCartan,US,115,2021,17
A5056106270,Christopher T Kenny,US,109,2020,17
A5082903977,Evan Rosenman,US,121,2021,17
A5061291093,Larry Lansing,US,72,2020,6
A5076669462,Kelvin Guu,US,960,2018,12
A5042159546,Yu‐Ru Lin,TW,1369,2007,26
A5038517767,Jing Liu,CN,100,2021,12
A5062322499,Heather C. Hill,US,148,2012,12
A5074969309,Chris Piech,US,2182,2012,12
A5012939002,Myra Cheng,Unknown,21,2023,12
A5066060283,Anmol Madan,US,551,2006,3
A5111666319,Sai T. Moturu,US,248,2008,3
A5044452559,Erich Muehlegger,US,87,2015,3
A5050981030,Daniel Shoag,US,87,2015,3
A5081066624,Jameson L. Toole,US,794,2012,3
A5057880103,Marios Papachristou,US,86,2013,121
A5067689231,Vasilis Kostakis,EE,86,2013,121
A5026872883,Bill MacCartney,US,200,2008,12
A5100709320,Heeyoung Lee,KR,86,2014,12
A5108531622,Justine Kao,FR,378,2012,0
A5010828486,Sebastian Schnorf,US,74,2014,3
A5063502960,Benjamin N. Waber,US,738,2007,3
A5007511101,Robert Epstein,US,164,2014,17
A5006850713,Kelly Shen,CN,222,2014,12
A5065744065,Reid Pryzant,GB,119,2018,12
A5103083908,Stefan Wagner,DK,68,2018,12
A5005448339,Brent Hecht,US,2387,2010,6
A5101935395,Tong Gao,CN,260,2014,6
A5007794565,Michael Hahn,DE,158,2018,0
A5050104206,Richard Futrell,US,1230,2017,0
A5022638781,Pranav Goel,US,63,2017,44
A5045063479,Prayas Jain,IN,63,2017,44
A5046454544,K.K. Shukla,IN,96,2017,44
A5065734653,Devang Kulshreshtha,CA,63,2017,44
A5063248557,Joel Shapiro,CA,56,2019,6
A5067858887,Cindy Xiong,US,276,2019,6
A5003703346,Jieru Hu,Unknown,78,2020,12
A5076943648,Maia Powell,US,47,2021,6
A5012292994,Johes Bater,US,29,2022,6
A5034513200,Priyanka Nanayakkara,US,40,2021,6
A5056003081,Jennie Rogers,US,29,2022,6
A5084765224,Xi He,CN,29,2022,6
A5009980324,Mirac Süzgün,CH,131,2019,12
A5079016134,Luke Melas-Kyriazi,GB,80,2019,8
A5016742319,Laura A. Michaelis,US,429,1999,12
A5044357245,Barbara A. Fox,US,168,1987,12
A5068528786,Discourse Conceptual Structure,Unknown,786,1996,12
A5003870894,Sebastian Padó,DE,2180,2003,8
A5101496053,Yuan Zhao,CN,156,2007,12
A5062063850,Stefan Wojcik,US,91,2017,17
A5011684148,Pratyusha Kalluri,US,239,2018,12
A5060377481,Federico Bianchi,IT,24,2022,12
A5061433075,Mert Yüksekgönül,US,38,2022,12
A5054094267,Jennifer L. Eberhardt,US,1514,1994,12
A5054447687,Eugenia Ha Rim Rho,US,26,2017,12
A5062926145,Nicholas P. Camp,US,12,2023,12
A5084552686,Maggie Harrington,US,12,2023,12
A5102935238,Yuyang Zhong,US,12,2023,12
A5074277807,Faisal Ladhak,US,97,2019,12
A5100437453,Tianyi Zhang,US,1914,2019,12
A5031278789,Kaitlyn Zhou,US,141,2016,64
A5042098967,Susanne Gahl,US,161,2003,12
A5083197983,Douglas Roland,JP,164,1998,12
A5113692772,Maria Christina Binz-Scharf,US,75,2011,17
A5016690406,Angelique Moscicki,US,50,2014,27
A5070930882,Adam P. Vogel,AU,351,2010,12
A5000684063,Nick Parlante,US,40,2018,122
A5001546116,Josh Hug,US,40,2018,122
A5005680070,Ali Malik,IE,40,2018,122
A5022864866,David Reed,US,52,2014,122
A5029570266,Ben Stephenson,CA,56,2017,122
A5033578970,Julie Zelenski,US,40,2018,122
A5037566631,Phil Ventura,US,40,2018,122
A5091142592,Michael Guerzhoy,CA,40,2018,122
A5005408594,Logan Walls,US,39,2019,6
A5065695802,Yiwei Luo,US,58,2020,8
A5070767948,Dallas Card,US,1135,2014,8
A5061878694,Zid Mancenido,US,41,2021,12
A5101585946,Julie Cohen,US,51,2021,12
A5044825815,Adam G. Hughes,Unknown,27,2021,17
A5049322970,Emma Remy,Unknown,27,2021,17
A5084189449,Sono Shah,US,67,2018,17
A5111779511,William Hobbs,US,392,2016,17
A5032571629,Ani Nenkova,US,1092,2003,12
A5101656310,Surabhi Gupta,IN,115,2006,12
A5022737108,Michael Fang,US,37,2017,12
A5061127289,Felix Muzny,US,86,2017,12
A5091316463,Elaheh Momeni,AT,36,2015,6
A5033803303,Futrell,Unknown,35,2018,0
A5054627290,Judith Degen,US,462,2012,0
A5113847463,Richard,ID,35,2018,0
A5014379995,Ananya Kumar,IN,108,2018,12
A5050985956,Kathleen Creel,US,28,2019,12
A5069576651,Rishi Bommasani,US,42,2022,12
A5017095161,Scott D. McClurg,US,736,2012,17
A5086952347,Shan Jiang,CN,466,2012,17
A5074093929,Andrew Gelman,US,3543,1990,17
A5082787511,G. Elliott Morris,Unknown,44,2020,17
A5085939626,Christopher Wlezien,US,718,2004,17
A5007244703,Matthew Louis Mauriello,US,101,2016,6
A5025271002,Dorien Simon,US,20,2021,6
A5035572348,Grace Hon,US,20,2021,6
A5035710522,Thierry Lincoln,US,20,2021,6
A5044431846,Pablo Paredes,US,485,2014,6
A5066697683,Curtis E. Ziniel,GB,30,2011,17
A5028190496,Jonathon Kingzette,US,25,2017,17
A5003715754,Qian Li,CN,22,2020,2
A5020496264,Jialing Fan,CN,22,2020,2
A5054351096,Lin Gan,CN,22,2020,2
A5100408464,Yixuan Wang,CN,22,2020,2
A5100423970,Hui Li,CN,22,2020,2
A5101772017,Ying Liu,US,225,2018,2
A5019085801,Anand E. Sokhey,US,497,2012,17
A5036709208,Claire Abernathy,US,32,2019,17
A5100686479,Amy Lee,IL,20,2020,17
A5040793388,Joshua Freedman,US,27,2011,12
A5065363386,Riccardo Pietri,Unknown,24,2014,9
A5110327007,Heidi Lam,US,227,2015,6
A5019041283,Michel Pahud,US,93,2012,6
A5036357098,Ken Hinckley,US,743,2004,6
A5065644953,Bongshin Lee,US,2409,2004,6
A5101491935,Yifan Wu,CN,16,2021,6
A5052054636,Sterling Alic,US,11,2022,12
A5100725604,Jing Liu,AU,11,2022,12
A5039497710,Melissa M. Wu,US,11,2022,17
A5058113962,Kevin Wang,US,11,2022,17
A5068404284,George A. Garcia,US,11,2022,17
A5113686907,Maria Christina Binz Scharf,US,29,2008,17
A5005471354,Matthew Lamm,US,59,2018,12
A5024150057,Arun Tejasvi Chaganty,US,307,2013,12
A5022310629,C. W. Anderson,NZ,70,2019,6
A5060322803,Mike Ananny,US,622,2011,6
A5066598246,Nick Ritchie,GB,18,2019,6
A5079602883,Matilda Hanson,Unknown,18,2019,6
A5109397252,Larry Birnbaum,US,153,2001,6
A5025368433,Juan Lavista Ferres,US,76,2019,17
A5027355862,Richard Johnston,IT,62,2019,17
A5085603219,Avleen S. Bijral,US,28,2021,17
A5087421071,Gary King,US,7895,1990,17
A5010984350,James Martin,US,1016,2004,64
A5082719298,Wayne Ward,US,507,2000,64
A5110598639,Sameer Pradhan,US,1824,2000,64
A5112030828,Honglin Sun,CN,31,2004,64
A5044008629,John Niekrasz,US,78,2007,12
A5005791318,Ellen Riloff,US,1963,1991,12
A5068054004,Ignacio Cases,BR,15,2016,12
A5101688218,Ruihong Huang,CN,584,2012,12
A5113453852,Cleo Condoravdi,US,27,2007,12
A5006087928,Dominik Moritz,US,153,2017,6
A5009957887,Ryan A. Rossi,US,1277,2014,26
A5049166156,Abhraneel Sarma,MX,125,2019,6
A5100740729,Hyeok Kim,US,50,2020,6
A5109262098,Sasha Goodman,US,15,2015,26
A5017296738,Prateek Verma,IN,15,2018,12
A5089418944,Camilla Griffiths,US,15,2018,12
A5107678654,Hang Su,CN,15,2018,12
A5112003894,Nelson Morgan,US,655,1992,3
A5001944487,Eva Portelance,CA,11,2021,12
A5089214987,Romain Laroche,CA,277,2015,12
A5108137151,Alessandro Sordoni,CA,4564,2015,8
A5108504251,Yuan Zhao,Unknown,21,2005,12
A5038340888,Patrick Callier,FR,96,2015,12
A5075423193,Robert J. Podesva,US,96,2015,12
A5041202312,Isamar Troncoso,US,11,2020,24
A5090294171,Feiyu Xiong,CN,32,2019,24
A5101523298,Fanglin Chen,CN,1086,2014,24
A5103271165,Xiao Liu,CN,11,2020,24
A5087079534,Andreas Gomez Emilsson,US,11,2014,12
A5017683985,Qing Guan,CN,11,2017,123
A5083785161,Fei Xing,CN,11,2017,123
A5100667243,Zhou Xiang,DE,11,2017,123
A5102669851,Long Ye,CN,11,2017,123
A5089294009,Karthik Raghunathan,US,45,2010,6
A5079879410,Honglin Sun,US,11,2003,12
A5112615531,Isabel M. Kloumann,IL,1075,2010,28
A5058051316,Oleg Urminsky,US,872,2006,0
A5084984738,Ran Kivetz,US,1042,2006,0
A5101048320,Yuhuang Zheng,CN,1001,2006,0
A5071151240,Andrew Reece,US,855,2016,28
A5082696905,Eitan Adam Pechenick,US,387,2015,28
A5003630074,Katharina Lix,US,414,2017,28
A5052478281,Ellen J. Langer,US,1063,1972,28
A5050995537,Dilan Kiley,US,339,2016,28
A5076549608,Ronald Rousseau,BE,338,2011,26
A5111831104,Blaise Cronin,GB,1604,2010,26
A5010862346,Emily M. Cody,US,270,2015,28
A5017437256,Frank Mangold,DE,261,2018,1
A5029362927,Michael Scharkow,DE,644,2013,1
A5013394195,Zhen Tu,CN,605,2017,49
A5029925982,Pan Hui,FI,2841,2006,49
A5034129532,Huandong Wang,US,402,2018,49
A5040747504,Xia Tong,CN,316,2018,49
A5054443906,Sasu Tarkoma,FI,757,2012,49
A5063667378,Zhu Han,US,3258,2007,49
A5100359025,Tong Li,CN,346,2019,49
A5015402613,Alison C. Legrand,US,112,2018,28
A5019365416,Zoe M. F. Brier,US,112,2018,28
A5036140974,Matthew Price,US,464,2016,28
A5057557219,Katherine van Stolk‐Cooke,US,347,2016,28
A5077511376,Kelly R. Peck,US,84,2021,28
A5082878426,Zachary W. Adams,US,182,2015,28
A5004288865,Pengyuan Zhou,DK,705,2020,49
A5030750866,Dianlei Xu,FI,792,2018,49
A5056354484,Tristan Braud,HK,1099,2017,49
A5065429282,Abhishek Kumar,FR,758,2021,49
A5081811548,Lik‐Hang Lee,HK,1011,2019,49
A5083032412,Carlos Bermejo,HK,837,2017,49
A5100403195,Lin Wang,CN,27,2024,49
A5112695497,Zijun Lin,CN,737,2021,49
A5030406488,Shelby Grossman,US,65,2017,17
A5056371148,Michael Tomz,US,754,2002,17
A5063337820,Alex Stamos,US,23,2024,17
A5087223073,Josh A. Goldstein,US,23,2024,17
A5103128968,Jason Chao,US,23,2024,17
A5074406842,Erjia Yan,US,905,2009,26
A5044100655,Depeng Jin,CN,3096,2009,49
A5100355277,Yong Li,CN,5240,2009,49
A5101527758,Li Su,CN,979,2009,49
A5110898908,Lieguang Zeng,SA,472,2009,49
A5029635562,Guo Zhang,CN,1065,2012,26
A5031603082,Jian Xu,CN,449,2015,26
A5016095713,Xinlei Chen,CN,630,2014,49
A5100320969,Sheng Chen,CN,614,2012,49
A5100361574,Jianbo Li,CN,185,2018,49
A5015837313,Benjamin Freixas Emery,US,145,2019,28
A5047780964,Meredith T. Niles,US,462,2012,28
A5010241029,Chris Jones,GB,128,2015,28
A5053832932,Eric M. Clark,US,181,2015,28
A5090115501,Richard A. Galbraith,US,108,2015,28
A5024040521,Jing Jiang,CN,3415,2005,2
A5084990301,Jianfei Yu,CN,852,2017,2
A5019834167,Ranjan Pal,GB,236,2010,49
A5042745248,Konstantinos Psounis,US,135,2013,49
A5081582862,Leana Golubchik,US,181,2010,49
A5065802352,Farshid Hassani Bijarbooneh,AT,95,2017,49
A5101739299,Dimitris Chatzopoulos,IE,306,2013,49
A5006732815,Sharon Strover,US,62,2021,26
A5011784914,Shaojing Sun,CN,153,2020,26
A5019302880,Yujia Zhai,CN,251,2017,26
A5073606082,Yifei Wu,CN,77,2020,26
A5086782209,Jordan Selzer,US,62,2021,26
A5090403778,Hezhao Zhang,CN,85,2020,26
A5001893057,Roby Muhamad,ID,1223,2003,28
A5047121345,David Rushing Dewhurst,US,112,2017,28
A5059048502,Joshua R. Minot,US,116,2021,28
A5067816571,Jane L. Adams,MX,99,2021,28
A5108061846,Michael Arnold,US,99,2021,28
A5073539430,V. Ramaswamy,US,151,2021,6
A5063345981,Sayash Kapoor,US,374,2022,33
A5049777833,S. Craig Finlay,AU,196,2010,26
A5073166534,Daifeng Li,CN,225,2010,26
A5113652671,Terrell Russell,US,289,2008,26
A5030396384,Qinghua Zhu,CN,212,2009,26
A5034913796,Antti Ylä-Jääski,FI,351,2012,49
A5042260991,Jukka K. Nurminen,FI,416,2012,49
A5065414422,Zhonghong Ou,CN,183,2012,49
A5100613969,Hao Zhuang,CH,149,2012,49
A5066110241,Gal Zauberman,US,723,1999,37
A5028252716,Mahdieh Ahmadi,CA,126,2016,49
A5067515150,Sokol Kosta,DK,142,2011,49
A5057898837,Chaoxu Mu,CN,961,2014,49
A5080578053,Weidong Dang,CN,897,2018,49
A5082820311,Zhongke Gao,CN,2063,2016,49
A5100680312,Qing Cai,CN,892,2016,49
A5100731193,Shan Li,CN,73,2018,49
A5101617318,Yuxuan Yang,CN,1249,2016,49
A5012908017,Tamy Chambers,US,136,2013,26
A5100509903,Meng Liansheng,CN,69,2014,26
A5101762509,Rui Li,CN,69,2014,26
A5061391892,Di Wu,CN,69,2018,49
A5081922849,Runtong Li,CN,69,2018,49
A5100367363,Gang Wang,US,96,2018,49
A5048130147,Dejun Yang,US,2066,2012,49
A5100329067,Wendong Wang,CN,517,2008,49
A5101750780,Hui Gao,CN,342,2015,49
A5102923184,Chi Harold Liu,CN,1163,2014,49
A5050883332,Brian F. Tivnan,US,240,2015,28
A5037282654,Qingyan Jia,CN,130,2015,26
A5068554467,Jiechao Ge,CN,255,2011,26
A5100385569,Hongyan Zhang,CN,87,2014,26
A5100735438,Liang Guo,CN,65,2018,26
A5101560470,Jiasheng Wu,CN,1288,2006,26
A5102791047,Xiuli Zheng,CN,130,2018,26
A5108049205,Pengfei Wang,CN,1520,2006,26
A5112111335,Weimin Liu,CN,1504,2006,26
A5045749444,Min Song,CN,598,2013,26
A5076819787,Xuli Tang,CN,78,2020,26
A5101967530,Xin Li,CN,100,2020,26
A5100432806,Mingyang Zhang,HK,49,2020,49
A5067689431,Simo Hosio,FI,1664,2011,49
A5103941965,Yali Fan,CN,78,2019,49
A5041097650,Carsten Schwemmer,DE,132,2019,33
A5062858111,Arunesh Mathur,US,790,2018,33
A5067201111,Maia Hamin,US,14,2023,33
A5007261929,Kuang Xu,US,202,2009,24
A5056748708,Píetro Lió,GB,212,2009,24
A5056877599,Victor O. K. Li,HK,711,2007,24
A5016569835,Narseo Vallina-Rodrìguez,ES,742,2010,24
A5112253382,Andrew Rice,US,82,2010,24
A5024996172,Loet Leydesdorff,NL,2186,2003,26
A5037207344,Igor Mishkovski,MK,85,2015,49
A5020396160,Paul R. Lessard,US,53,2015,28
A5059471763,Suma Desu,US,53,2015,28
A5087410849,Lauren N. Lewark,US,52,2017,17
A5091247256,Felix W. Tran,US,52,2017,17
A5012514758,Jared Katzman,US,11,2023,33
A5052732649,Kristen Laird,GB,11,2023,33
A5084538652,Morgan Klaus Scheuerman,US,701,2019,6
A5006167228,Schubert Foo,SG,223,1998,26
A5052211345,Gobinda Chowdhury,US,203,1998,26
A5022680211,Anders Lindgren,SE,61,2009,49
A5034509060,Jukka Manner,FI,89,2016,49
A5046354027,Denzil Ferreira,FI,1543,2012,49
A5080043050,Huber Flores,EE,62,2016,49
A5029053811,Wang Fang,CN,46,2017,26
A5014819554,Vincent Malic,US,64,2015,26
A5015110943,Tehmina Amjad,PK,620,2011,26
A5084703478,Ali Daud,AE,660,2010,26
A5024778679,Ting Wu,CN,43,2015,49
A5100333516,Lei Chen,CN,1319,2007,49
A5100374113,Chen Zhang,HK,236,2012,49
A5101719486,Weikai Li,CN,85,2014,49
A5020917506,Kin K. Leung,GB,372,2014,49
A5100600528,Jie Wu,CN,822,2009,27
A5101555013,Jun Fan,HK,42,2014,49
A5049875999,Christoph Peylo,DE,55,2013,49
A5103171194,Zhanpeng Huang,CN,69,2013,49
A5002590471,Daniel M. Bartels,US,911,2007,0
A5100753357,Stephanie Chen,US,59,2016,0
A5046502202,Desheng Hu,CH,40,2019,17
A5101993753,Shan Jiang,CN,115,2014,17
A5017290939,Ehsan-Ul Haq,HK,134,2018,49
A5102990915,Young D. Kwon,GB,73,2019,49
A5003594029,Shunwei Lei,CN,32,2020,27
A5008080745,Zixin Lan,CN,225,2019,27
A5080646275,Tianyong Hao,CN,527,2017,27
A5087201576,Yu Song,CN,247,2019,27
A5062196203,Xin-Jun Zhou,CN,31,2020,49
A5100618358,Chao Ma,CN,343,2019,49
A5100621577,Kai Ma,CN,504,2020,49
A5100715988,Yuan Tao,CN,43,2020,49
A5019663384,Xiaojuan Ma,CN,137,2020,26
A5090196793,Reza Hadi Mogavi,CA,70,2019,49
A5050137284,Adelle Yang,SG,38,2015,0
A5041081496,Chao Lu,CN,78,2017,26
A5056318061,Chengzhi Zhang,CN,276,2015,26
A5064698259,Matthew Schnaars,US,35,2018,26
A5079566229,Vetle I. Torvik,US,166,2018,26
A5100731879,Jie Wang,CN,35,2018,26
A5072443869,Kit Yung Lam,CH,49,2019,49
A5083893140,Yui Pan Yau,HK,49,2019,49
A5017296453,Ning Zhang,CN,44,2019,26
A5047337351,Yintian Wang,CN,32,2019,26
A5071086224,Andrew Madden,GB,59,2018,26
A5086305122,Enguo Zhou,CN,43,2018,26
A5101705698,Jie Tang,CN,334,2007,26
A5108189002,Gordon Sun,CN,345,2007,26
A5067617335,Gang Wang,CN,42,2019,49
A5103017598,Pengyu Zhang,HK,345,2016,49
A5103146310,Sihan Zeng,CN,29,2019,49
A5045051085,Marc Maier,US,166,2007,28
A5059729548,Danne C. Elbers,US,17,2022,28
A5108286740,Nicholas Cheney,US,17,2022,28
A5034136464,Ajay Jaiswal,IN,47,2022,26
A5069191647,Daniel E. Acuña,US,227,2015,26
A5086084090,Chao Min,CN,151,2017,26
A5100748270,Zhibo Liu,CN,17,2022,26
A5102494290,Sijie Yang,CN,17,2022,26
A5013947014,Bingcan Guo,HK,16,2022,49
A5026376235,Xiaojuan Ma,HK,336,2015,49
A5052544493,Yuanhao Zhang,HK,16,2022,49
A5101905271,Bing He,CN,37,2012,26
A5047819026,Muhammad Haris,ID,31,2014,49
A5020753130,Jiayu Shu,HK,31,2018,49
A5041006174,Rui Zheng,CN,45,2017,49
A5066308873,Nguyen Trung Hieu,FI,31,2017,49
A5042526324,Qi Yashuang,CN,29,2018,26
A5101051613,Na Zhu,CN,29,2018,26
A5040815195,Megan Lao,US,27,2016,17
A5079691547,Tyler Vasconcellos,US,27,2016,17
A5108452043,Rachel Smith,US,27,2016,17
A5021750511,Jagmohan Chauhan,GB,64,2016,24
A5077297771,Benjamin Finley,FI,21,2021,49
A5013984574,Ariful Azad,US,36,2020,26
A5030539003,Benjamin S. Glicksberg,US,534,2016,26
A5041818088,Hossein Honarvar,US,20,2021,26
A5076569669,Tingyi Wanyan,US,36,2020,26
A5063536695,Eiko Yoneki,GB,256,2008,24
A5076014189,Tristan Henderson,GB,306,2001,24
A5002915189,Eduard Kühn,DE,38,2007,26
A5007846956,B. Draxler,Unknown,38,2007,26
A5030468603,Reto Krummenacher,DE,67,2007,26
A5103328740,Dieter Fensel,NL,1075,2001,26
A5111921805,Johannes Riemer,AT,38,2007,26
A5112376613,Omair Shafiq,PK,51,2007,26
A5003324011,Juanzi Li,CN,2860,2005,26
A5025064181,Jacklyne Keomany,CN,32,2012,26
A5084061205,Yanting Zhao,CN,32,2012,26
A5100383628,Handong Wang,IL,95,2012,26
A5100826112,Tian Li,CN,32,2012,26
A5037302466,A. E. Frazho,US,32,2010,26
A5019956300,Jun Wu,CN,27,2014,49
A5043191513,Shichao Dong,FI,27,2014,49
A5081297933,Alexander W. Min,US,110,2011,49
A5100339141,Ren Wang,CN,43,2014,49
A5101820800,Jiang Dong,CN,38,2014,49
A5018318168,Xiaoming Fu,DE,662,2011,49
A5045188481,Cong Ding,US,75,2012,49
A5100350503,Yang Chen,CN,215,2011,49
A5102850044,Ruichuan Chen,DE,98,2008,49
A5112319246,Jiyao Hu,CN,43,2017,49
A5013852305,Marko Bachl,DE,122,2016,1
A5077372176,Kyle Stirling,US,25,2016,26
A5018698239,Libo Wu,CN,295,2019,20
A5036536837,Yang Zhou,CN,60,2019,20
A5101058813,Zhixiong Shi,CN,23,2019,20
A5101935363,Zhengyu Shi,CN,23,2019,20
A5112358820,Qing Gao,CN,23,2019,20
A5009887999,Taylor H. Ricketts,US,5335,1989,18
A5017106847,Jarlath O’Neil‐Dunne,US,23,2019,28
A5026263464,Justin F. Rousseau,US,22,2020,26
A5113599845,Wei Lu,CN,194,2002,26
A5022645100,Jun Zhang,CN,20,2020,26
A5030323127,Xiangjie Kong,CN,1616,2015,26
A5088850494,Da Zhang,CN,20,2020,26
A5089615958,Feng Xia,CN,2103,2012,26
A5086524212,Danaë Metaxa,US,265,2018,6
A5045586541,Jérémie Leguay,FR,417,2006,24
A5051633675,Timur Friedman,FR,227,2006,24
A5105838501,Vania Conan,AU,417,2006,24
A5018610428,Andrea Passarella,IT,2242,2007,10
A5040460538,Hoang Anh Nguyen,VN,30,2009,10
A5051596806,Marco Conti,IT,2212,2007,10
A5055844783,Silvia Giordano,CH,320,2009,14
A5011664369,Vignesh Reguramalingam,US,26,2012,26
A5112154211,Bing He,CN,41,2011,26
A5025154104,Jerome R. Busemeyer,US,4861,1995,4
A5083121585,Xin Shuai,CN,104,2012,14
A5100416650,Shanshan Chen,CN,64,2011,26
A5102596172,Yuyin Sun,CN,59,2012,9
A5064586377,Zhang Guo,CN,24,2012,26
A5026048440,Paul Cuff,US,130,2011,49
A5053530986,Sanjeev R. Kulkarni,US,1279,1996,49
A5061533561,Yuk Hui,DE,22,2014,49
A5065104731,Shang Shang,CN,79,2011,49
A5000247005,Longjun Sun,CN,22,2014,26
A5005401414,A.C.M. Fong,US,132,2011,26
A5015650919,Xinyu Zhou,CN,22,2014,26
A5061886795,Zhanpeng Fang,CN,191,2012,26
A5071165327,Jar‐Der Luo,CN,138,2014,26
A5100612383,Wei Shao,US,209,2014,26
A5101899073,Ling Zhou,CN,22,2014,26
A5012783043,Kholoud K. Aldous,QA,15,2021,9
A5101533401,Ranjan Pal,US,20,2013,49
A5015190058,Amulya Alapati,US,20,2018,28
A5073525862,Promise O. Ukandu,US,20,2018,28
A5086144303,Ted A. James,US,20,2018,28
A5043930285,Matti Siekkinen,FI,317,2012,49
A5055863208,Wenxiao Zhang,HK,19,2017,49
A5061086814,Teemu Kämäräinen,FI,72,2016,49
A5002390291,Gloria Hyunjung Kwak,US,17,2019,49
A5046261793,Yui-Pan Yau,HK,17,2020,49
A5100415036,Zheng Li,CN,95,2013,49
A5113883035,Yi-Hsuan Ho,HK,17,2020,49
A5078278862,Andrew G. Reece,Unknown,17,2016,28
A5001694059,Riccardo Miotto,US,2593,2016,26
A5032914921,Sulaiman Somani,US,16,2020,26
A5042331995,Akhil Vaid,US,187,2020,26
A5047405500,Girish N. Nadkarni,US,390,2014,26
A5084566613,Jessica K. De Freitas,US,48,2020,26
A5023211206,Yuhao Du,CN,22,2009,27
A5031034777,Yangyang Zhou,CN,22,2009,27
A5035518479,Ming Zhang,CN,22,2009,27
A5060105726,Xiang Zhou,US,22,2009,27
A5100344581,Wei Chen,CN,22,2009,27
A5100456060,Dan Zhang,CN,33,2009,27
A5046065286,Haewon Kwak,QA,18,2017,9
A5020118096,Tiance Wang,CN,17,2014,49
A5001443156,Karl Aberer,CH,529,2003,49
A5073299519,Tian Guo,MY,27,2016,49
A5108253480,Rameez Rahman,CH,58,2014,49
A5063237850,Jonathan Phillips,US,16,2017,17
A5032839489,Tyler J. Gray,US,16,2018,28
A5083422754,Anna Schnauber,DE,15,2020,1
A5006656995,Chun‐Sing Lee,HK,87,2009,26
A5066406039,Haohui Ren,CN,15,2020,26
A5100447820,Wenjun Zhang,HK,160,2010,26
A5106184811,Ioan Toma,AT,352,2007,26
A5108501726,Michael Fried,AT,37,2009,26
A5108777050,Elin K. Jacob,US,37,2009,26
A5016210851,Weixiong Rao,CN,68,2007,49
A5005770115,Brian Lowe,US,17,2011,26
A5015425387,Stella Mitchell,US,17,2011,26
A5017336903,Paula Markes,US,17,2011,26
A5017803884,Nick Rejack,US,17,2011,26
A5065064605,Mansoor Ahmed,IE,17,2011,26
A5070954116,Bing He,KR,17,2011,26
A5089350813,Jon Corson-Rikert,US,76,2011,26
A5067452827,Lili Lin,CN,16,2013,14
A5078300499,Zhuoming Xu,CN,16,2013,14
A5101985030,Xiaozhong Liu,US,489,2010,14
A5061596604,C. J. Knickerbocker,US,16,2011,124
A5064218181,Dennis F. Lock,Unknown,16,2011,124
A5083930742,Michael E. Schuckers,US,16,2011,124
A5087787038,Chris Wells,US,43,1987,124
A5088230521,Robin H. Lock,US,16,2011,124
A5058671942,Barbara Resnick,US,619,2007,124
A5059057591,Elizabeth Galik,US,631,2007,124
A5061644142,Marie Boltz,US,83,2012,124
A5007330988,Xueshan Han,CN,15,2012,26
A5025745650,Yong Wang,CN,15,2012,26
A5052892856,Jingtao Ding,CN,139,2017,49
A5102883407,Rui Xu,CN,15,2017,49
A5002187290,Yong Niu,CN,361,2015,49
A5004545610,Yu Liu,CN,83,2018,49
A5100350955,Zhangdui Zhong,CN,758,2008,49
A5100620739,Bo Ai,CN,763,2008,49
A5029559430,Dan Honig,US,14,2017,17
A5005892161,Morteza Golkarifard,CA,14,2017,49
A5032550017,Arailym Butabayeva,HK,14,2017,49
A5103225129,Young-Jin Kwon,US,14,2019,49
A5014610119,Alexandra Siegel,US,160,2017,17
A5067816317,Renée DiResta,US,179,2018,17
A5062365263,Fengli Xu,CN,1011,2016,49
A5072345432,Yunke Zhang,CN,49,2021,49
A5101598836,Zhixiong Zhang,CN,17,2009,26
A5112068558,Shu Yan Chan,GB,57,2009,24
A5047230707,Tianxi Dong,US,15,2011,26
A5100695329,Zheng Qin,CN,178,2011,26
A5101538068,Nan Lin,CN,15,2011,26
A5041348179,Fletcher F. Hazlehurst,US,13,2017,28
A5052932345,Colin M. Van Oort,US,13,2017,28
A5014395171,Weihua An,US,13,2017,26
A5111054488,Jianjun Sun,CN,117,2016,26
A5075017836,Thomas McAndrew,US,12,2015,28
A5019151245,Sylvia T. Kouyoumdjieva,SE,137,2015,49
A5030202496,Gunnar Karlsson,SE,137,2015,49
A5004218295,Wenzhong Li,CN,45,2011,49
A5016383874,Konglin Zhu,CN,88,2011,49
A5065171498,Zhihong Wei,CN,37,2017,26
A5100746808,Lijun Yu,CN,11,2017,26
A5101704752,Hui Wang,CN,11,2017,26
A5102337930,Zhengan Wang,CN,37,2017,26
A5013268903,Chaochun Liu,CN,39,2016,26
A5100932124,Liwei Qian,CN,11,2018,26
A5025266152,Hans Georg Stork,BE,20,2003,26
A5034823602,Mike Thelwall,GB,3467,2002,26
A5014480808,M. Zhang,CN,17,1998,26
A5022017871,Xin Jiang,CN,17,1998,26
A5049819740,Dunru Zhu,CN,17,1998,26
A5090357240,Junqiang Yao,CN,17,1998,26
A5091204324,Hui Chen,CN,17,1998,26
A5109193148,Mutumi Muramatu,CN,17,1998,26
A5016305216,Ralph W. Cook,US,12,1987,124
A5078179143,Jack Chisum,US,12,1987,124
A5090374942,Keith D. Ruppert,US,12,1987,124
A5103554066,Bob Norton,US,12,1987,124
A5103638076,Bob Pepperman Taylor,GB,12,1987,124
A5108810226,Lee N. Burkett,US,12,1987,124
A5052726702,Guido W. Imbens,US,18484,1993,33
A5082456527,Alberto Abadie,GB,8293,1998,33
A5084771969,Jeffrey M. Wooldridge,US,2119,2008,33
A5029499294,Devavrat Shah,US,5753,2000,6
A5066733214,Tauhid Zaman,US,1510,2010,6
A5003124205,David A. Hirshberg,US,699,2019,33
A5075829592,Dmitry Arkhangelsky,ES,736,2018,33
A5023578906,Jesse Fox,US,2414,2009,6
A5081685944,Leo Yeykelis,Unknown,1209,2011,6
A5084294553,Jeremy N. Bailenson,US,12219,2004,6
A5111539706,William F. Sharpe,US,796,2006,6
A5059686380,Scott Stern,US,3973,1998,33
A5109860511,Kyle Bagwell,US,825,1986,37
A5012605192,Kerry F. Milch,US,696,2007,4
A5087570337,Jeffrey Brodscholl,Unknown,442,2007,4
A5101581868,Hannah H. Chang,SG,442,2007,4
A5061935602,Steve Rathje,US,1336,2021,4
A5073961643,Sander van der Linden,GB,5492,2017,4
A5060469176,Glenn Ellison,US,1968,1995,5
A5032010255,Enrique Seira,US,382,2004,33
A5069334537,Jonathan Levin,US,1002,2001,33
A5048293280,Jon Roozenbeek,GB,4515,2018,4
A5054704736,Beth Goldberg,US,295,2022,4
A5091553919,N. Craig Smith,FR,227,2008,4
A5051563547,Catherine E. Tucker,US,3021,2007,33
A5109041474,Christian Catalini,US,3761,2010,33
A5029293919,Ivo Parashkevov,Unknown,206,2016,33
A5050883930,Vishnu Sarukkai,Unknown,206,2016,33
A5064420079,Jing Xia,US,206,2016,33
A5050672404,Forough Poursabzi-Sangdeh,US,224,2018,33
A5028411525,Eamon Duede,US,270,2016,20
A5068901864,Feng Shi,CN,349,2015,0
A5028060479,Kimberly C Doell,AT,193,2021,4
A5061224153,Elizabeth Harris,US,397,2021,4
A5061282606,Philip Pärnamets,SE,252,2015,4
A5112342998,Jay J. Van Bavel,NO,2461,2012,4
A5011168888,Homa Hosseinmardi,US,506,2014,33
A5030987696,Amir Ghasemian,US,277,2014,33
A5028717824,Claire Robertson,US,183,2021,4
A5077336844,Anni Sternisko,US,281,2020,4
A5045995531,Dan-Mircea Mirea,US,102,2023,4
A5050842455,Claire Robertson,GB,102,2023,4
A5007251379,Brando Miranda,US,620,2016,52
A5058188131,Rylan Schaeffer,US,81,2023,52
A5091266570,Sanmi Koyejo,US,139,2019,52
A5028742424,Daniel Pailañir,CL,49,2023,33
A5102916662,Damian Clarke,GB,49,2023,33
A5029019200,Philip A. Haile,US,1196,2000,33
A5025235920,Peter Zemsky,FR,1125,1994,33
A5019657519,Armin Schmutzler,CH,321,1995,11
A5047036221,Ulrich Hoffrage,CH,6707,1991,4
A5033088073,Tobias Enderle,DE,147,2017,4
A5036257519,Angela Tanner,DE,147,2017,4
A5059953820,Bella Struminskaya,NL,487,2015,4
A5068095381,Ines Schaurer,DE,194,2017,4
A5078375901,Kai Willem Weyandt,DE,218,2015,4
A5089925636,Tanja Dannwolf,DE,147,2017,4
A5003350728,Song Yao,US,190,2014,33
A5032559077,Navdeep S. Sahni,US,158,2014,33
A5040536317,Alessandro Bonatti,US,158,2014,33
A5053397554,Avi Goldfarb,CA,7183,2007,33
A5058920515,Randall A. Lewis,US,738,2011,33
A5073770532,Anindya Ghose,US,3298,2005,33
A5079414240,Anja Lambrecht,GB,1011,2013,33
A5102898014,Anita Rao,US,158,2014,33
A5062641112,Eric T. Bradlow,US,1553,1998,30
A5068568859,Emily B. Fox,US,1724,2014,30
A5051891666,Florian Keusch,DE,554,2016,4
A5073723909,Christopher Antoun,US,438,2015,4
A5050416674,Michael Schulte‐Mecklenbeck,DE,582,2008,4
A5067207221,Ulf Böckenholt,US,712,1989,4
A5071403731,Joseph G. Johnson,US,889,2001,4
A5074802146,Martijn C. Willemsen,NL,458,2008,4
A5086475124,Nicolette J. Sullivan,GB,358,2014,4
A5088085815,J. Edward Russo,US,1663,1978,4
A5015797025,Denis Nekipelov,US,217,2011,12
A5001108821,Kate D. Fitzgerald,US,208,2016,28
A5001601340,Jessica Hruschak,US,208,2016,28
A5006991081,Ryan S. McGinnis,US,375,2013,28
A5037223745,Nestor L. Lopez‐Duran,US,247,2016,28
A5039757298,Steven P. Anderau,US,107,2019,28
A5048593478,Reed D. Gurchiek,US,184,2019,28
A5048796385,Katherine L. Rosenblum,US,874,2004,28
A5088033678,Maria Muzik,US,859,2004,28
A5101707032,Ellen W. McGinnis,US,477,2014,28
A5101992030,Francisco J. R. Ruiz,GB,344,2012,33
A5012369964,Cecilie S. Traberg,GB,294,2021,4
A5028651649,Rakoen Maertens,GB,425,2020,4
A5041878323,Melisa Basol,GB,736,2020,4
A5074038587,Ondřej Kácha,GB,141,2017,4
A5073770800,Billy Ferguson,US,122,2020,12
A5100605100,Tobias Schmidt,US,63,2021,12
A5004152647,James Kunling He,GB,63,2022,4
A5024729190,Michael Menietti,US,253,2012,20
A5089560559,Karim R. Lakhani,US,1113,2012,20
A5003938659,Johan Farkas,DK,33,2023,11
A5069890392,Hendrik Heuer,DE,100,2020,11
A5005855404,Jesper Rasmussen,DK,19,2023,4
A5030917656,Kareena del Rosario,US,44,2019,4
A5102913894,John Roberts,US,246,2001,52
A5077390169,Andrew Atkeson,US,1707,1997,33
A5081749378,Patrick J. Kehoe,US,1707,1997,33
A5060044716,Lael J. Schooler,US,2469,2001,4
A5053471538,Cynthia S. Bambara,US,97,2008,33
A5076696302,Clifford P. Harbour,US,116,2008,33
A5109975486,Timothy Gray Davies,US,116,2008,33
A5074024654,Rahat Ibn Rafiq,US,344,2014,33
A5076818856,Sabrina Arredondo Mattson,US,203,2015,33
A5085205626,Richard Han,CN,752,2005,33
A5089831843,Qin Lv,US,835,2004,33
A5112395873,Shivakant Mishra,US,768,2005,33
A5005043202,Michael Luca,US,2237,2012,10
A5039111784,Thai Pham,NZ,67,2017,33
A5026694153,Corrie Vis,NL,88,2008,4
A5040075192,Henning Silber,US,428,2017,4
A5047686022,Joop J. Hox,NL,3491,1988,4
A5102876829,Edith D. de Leeuw,NL,1397,1988,4
A5029296542,Grace Lu,US,63,2016,20
A5091589622,Gabriel Kaptchuk,US,54,2020,6
A5011127759,Danielle Goldwert,US,49,2021,4
A5050003917,A. A. Fong,GB,49,2021,4
A5022164605,Ross D. Shachter,US,265,1987,33
A5041049334,Jiaming Zeng,CN,51,2022,33
A5053183388,Michael F. Gensheimer,US,26,2022,33
A5112529093,Daniel Rubin,US,26,2022,33
A5043896474,Christopher F. Chabris,US,6105,1994,20
A5079756254,Michelle N. Meyer,US,136,2019,33
A5080482016,Patrick R. Heck,US,312,2015,33
A5003194873,Bernhard Borges,CA,188,1999,4
A5025170313,Andreas Ortmann,AU,955,1999,4
A5001721758,Helin Dutağacı,TR,149,2008,22
A5018114635,Bülent Sankur,TR,399,2006,22
A5029253321,Kaiya Liu,US,73,2010,4
A5053051874,Isaac M. Dinner,US,73,2010,4
A5003546571,DavidRothschild,Unknown,65,2014,4
A5040834324,Lionel Page,AU,54,2016,4
A5076520736,Tobias S. Schmidt,DE,89,2018,33
A5026977746,Jonathan Levin,US,165,2017,46
A5018716711,Mikaela L. Frechette,US,79,2019,28
A5031609471,Jacob J. Sosnoff,US,79,2019,28
A5046685984,Lindsey J. Tulipani,US,50,2019,28
A5067451571,Brett M. Meyer,US,50,2019,28
A5086682701,Ali Bargu,GB,46,2019,22
A5091033535,Martin Powell,GB,62,2017,22
A5010979979,Peter Lugtig,NL,2429,2012,4
A5021410151,Marieke Haan,NL,43,2020,4
A5042088309,Vera Toepoel,NL,593,2008,4
A5109855262,Barry Schouten,NL,377,2012,4
A5113484683,Annemieke Luiten,NL,311,2012,4
A5020697807,Evan Munro,GB,38,2021,33
A5074906271,Jonas Metzger,US,38,2021,33
A5046774443,Hardeep Ranu,US,32,2021,20
A5063182955,Eva C. Guinan,US,680,2014,20
A5087372305,G. Kenneth Gray,US,32,2021,20
A5037233048,Clara Pretus,ES,104,2018,4
A5104007174,David Scott Hunter,US,23,2022,6
A5008337640,Ali Sarvghad,US,62,2021,6
A5027360874,Çağatay Demiralp,US,61,2022,6
A5055035599,Nikhil Agarwal,IN,67,2009,33
A5088326468,David J.J. Yang,US,67,2009,33
A5016827578,Noel C. Perkins,US,94,2013,28
A5027567058,Stephen M. Cain,US,56,2015,28
A5060928459,Scott McLean,AU,41,2015,28
A5065686996,Steven P. Davidson,US,41,2015,28
A5079937677,Rachel V. Vitali,US,56,2015,28
A5013723731,Kevin Bryan,ID,102,2018,33
A5055795427,Joshua S. Gans,US,4532,2000,33
A5071470762,Michael D. Grubb,US,35,2020,12
A5050162385,Jenő Pál,US,57,2017,33
A5048337400,Andrea Blasco,BE,32,2019,20
A5089333674,John Plotnicki,US,88,1995,33
A5089478554,Mary Steffel,US,273,2005,29
A5108503396,Nassim Nicholas Taleb,LB,113,2007,23
A5009398199,Ilya Segal,US,166,2007,33
A5070855193,Jan Karem Höhne,DE,141,2015,4
A5013033985,Carlo Cambini,IT,85,2017,23
A5025242731,Wolfgang Briglauer,AT,258,2012,23
A5028684234,Klaus Gugler,AT,172,2012,23
A5091751818,Volker Stocker,DE,68,2019,23
A5103262696,Khizar Qureshi,US,16,2022,6
A5109374788,Qi Yang,US,16,2022,6
A5034860526,Anja S. Göritz,DE,261,2007,4
A5070564345,Hans‐Georg Wolff,DE,113,2007,4
A5001315602,Larisa J. Geskin,US,31,2014,118
A5070507875,Oleg E. Akilov,US,407,2013,118
A5072568295,Jeanine M. Buchanich,US,166,2001,118
A5077048610,Jacob Z Geskin,US,31,2014,118
A5088472623,Jacqueline F. Moreau,US,525,2013,118
A5017228370,Müjdat Çetin,US,97,2009,22
A5024671338,İpek Baz,TR,31,2016,22
A5005469555,Jongbin Jung,US,139,2017,33
A5032620634,Ravi Shroff,US,273,2016,33
A5072894914,Connor Concannon,US,31,2017,33
A5024232655,Nihat Kasap,TR,29,2017,6
A5035855059,Müge Çevik,GB,408,2017,6
A5069728012,Selcen Öztürkcan,SE,29,2017,6
A5056775125,Jytte Klausen,US,42,2016,6
A5059486117,Christopher E. Marks,US,29,2018,6
A5074134679,Pablo Barrio,US,27,2016,33
A5027240302,Indranil Gupta,US,863,2005,52
A5101604495,Cong Xie,AU,25,2019,52
A5059283555,Deirdre Giesen,NL,20,2021,4
A5069708425,Ralph Dolmans,NL,20,2021,4
A5045202621,Ellen W. McGinnis,US,49,2019,28
A5010077143,Gary M. Marsh,US,167,1984,118
A5060178414,Lauren C. Balmert,US,53,2015,118
A5102235969,Karl E. Williams,US,39,2016,118
A5103205983,Janice L. Pringle,US,39,2016,118
A5112420205,Donald S. Burke,US,177,2009,118
A5039148184,Nikolay Doudchenko,US,25,2018,33
A5076954812,Khashayar Khosravi,US,25,2018,33
A5091599934,Mohsen Bayati,US,272,2005,33
A5023933238,Tod Van Gunten,GB,24,2016,20
A5063104254,John Levi Martin,US,24,2016,20
A5005247877,Georgios Smaragdakis,NL,21,2020,23
A5034700261,William Lehr,US,240,2005,23
A5069243328,Cong Xie,CN,681,2018,52
A5018281639,David G. Dolan,US,38,2005,118
A5072977927,Jaime Madrigano,US,38,2005,118
A5068328730,Maria Dimakopoulou,US,75,2017,33
A5051763432,Jason Whalley,GB,30,2019,23
A5022505218,Donald John Roberts,US,41,2001,33
A5034004951,Olivier Coibion,US,21,2012,4
A5027678985,Rina Friedberg,US,20,2018,33
A5079191082,Julie Tibshirani,US,78,2010,33
A5002056995,Nicholas Bambos,US,458,2002,33
A5018966648,Panayotis Mertikopoulos,FR,377,2017,33
A5019114258,Peter W. Glynn,US,425,2002,33
A5041526408,Yinyu Ye,US,1176,2002,33
A5062138997,Zhaonan Qu,US,41,2019,33
A5007955461,Michael Cunningham,US,335,1995,118
A5038606088,Jon P. Fryzek,US,18,2012,118
A5074588492,Ada O. Youk,US,180,2001,118
A5108591694,Nassim N. Taleb,US,18,2012,4
A5072267426,Michael Grubb,GB,18,2013,12
A5058750258,Volker Stocké,DE,16,2018,4
A5088674641,Jette Schröder,DE,16,2018,4
A5018248832,Kerem Yıldırım,TR,51,2019,22
A5065984657,İbrahim Öker,US,15,2019,22
A5082132250,Burcu Yakut‐Cakar,TR,15,2019,22
A5041637444,Aisling O’Leary,US,12,2021,28
A5050584017,William Copeland,US,40,2017,28
A5063870192,Hişyar Özsoy,US,15,2013,22
A5031465770,Shannon M. Woolley,US,14,2015,118
A5081829059,Evelyn O. Talbott,US,146,1984,118
A5084488864,Todd Bear,US,14,2015,118
A5003296820,Ceyhun Burak Akgül,TR,120,2006,22
A5016760005,Kaan Taha Oner,TR,14,2016,22
A5038316787,Zhili Yang,CN,61,2014,33
A5058337147,Shaosong Li,Unknown,14,2014,33
A5068019567,Christopher Marks,US,13,2016,6
A5008590331,Moustapha Cissé,SN,111,2013,52
A5070547750,Forest Yang,US,13,2020,52
A5072916668,Jordyn Scism,US,23,2020,28
A5101773552,Thomas J. Smith,US,26,2001,118
A5110074810,Roslyn A. Stone,US,44,2001,118
A5091146010,David A. Miller,US,19,2007,33
A5077309439,Maja Rudolph,US,188,2016,33
A5086701362,Francisco Ruíz,BR,13,2017,33
A5004276299,Gye-Seon Lee,KR,13,2015,125
A5102971731,Suhyoung Choi,KR,13,2015,125
A5014045793,Christopher J. Petrillo,US,23,2019,28
A5018871164,Jonathan Johannemann,US,12,2019,33
A5083438983,Vitor Hadad,US,12,2019,33
A5005671755,Jonathan Ferri,US,11,2020,28
A5069273285,Jean Czerlinski,DE,162,1999,4
A5108278530,Laura Martignon,DE,920,1998,4
A5038827978,Yvonne Ballester,US,12,1995,33
A5008636829,Adam Kramer,US,6425,2012,5
A5082524310,Jamie Guillory,US,3626,2009,6
A5004949920,Dror Ben‐Zeev,US,2252,2010,24
A5032381602,Gabriella M. Harari,US,2711,2014,24
A5034801569,Stefanie M. Tignor,MX,1023,2014,24
A5064857767,Andrew T. Campbell,US,3894,2008,24
A5100422933,Zhenyu Chen,CN,1114,2014,24
A5100431216,Rui Wang,CN,1023,2014,24
A5101823589,Xia Zhou,US,1529,2014,24
A5101970074,Tianxing Li,CN,1326,2014,24
A5086584454,Amy L. Gonzales,US,2405,2007,24
A5015041288,Nicole B. Ellison,US,39698,2006,6
A5045638679,Nicholas D. Lane,GB,1279,1993,24
A5049866892,Benjamin S. Crosier,US,698,2016,24
A5100431363,Rui Wang,CN,885,2016,24
A5024810938,Adam S. Miner,US,1278,2016,6
A5085204598,Annabell Suh Ho,US,497,2018,6
A5020081727,Andrew Iliadis,US,414,2016,6
A5100661141,Federica Russo,NL,378,2014,6
A5039900404,Christopher P. Landrigan,US,316,2007,6
A5072985130,Courtney Silver,US,316,2007,6
A5070511738,Claire Cardie,US,3076,1991,12
A5076248976,Myle Ott,HK,1672,2012,6
A5050112394,Nicholas A. Merola,US,305,1970,6
A5050365567,Jorge Peña,US,585,1970,6
A5040228064,Karen Levy,US,1135,2012,6
A5005931232,Peter J. Rentfrow,GB,12871,2003,24
A5059896630,Min Hane Aung,GB,619,2013,6
A5062077425,Sandrine R. Müller,US,552,2017,24
A5054210195,Mufan Luo,US,474,2019,6
A5061859531,Géraldine Fauville,SE,466,2020,6
A5083226965,Anna Carolina Muller Queiroz,US,521,2020,6
A5041294209,Peilin Hao,GB,181,2015,24
A5100431241,Rui Wang,US,892,2011,24
A5002967595,Jeremy Birnholtz,US,1617,2004,6
A5027651646,Sunny Liu,US,175,2018,6
A5030534868,Megan French,US,402,2017,6
A5081404033,Michael Ann DeVito,US,629,2017,6
A5002763879,Kenneth Lim Mingjie,US,171,2017,6
A5019111070,Xiao Ma,US,447,2016,6
A5075740191,David M. Markowitz,US,1256,2011,6
A5012027621,Maurice Jakesch,US,304,2019,6
A5039475274,Eugy Han,US,86,2023,6
A5040239834,Hanseul Jun,US,283,2020,6
A5058957631,Nilàm Ram,US,2565,2007,4
A5067823399,Mark Roman Miller,US,287,2020,6
A5075301134,Cyan DeVeaux,US,86,2023,6
A5083331583,Kristine L. Nowak,US,937,2003,6
A5025992284,Hannah Mieczkowski,US,227,2019,6
A5028356812,Dominic DiFranzo,US,298,2018,6
A5043513211,Zhila Aghajari,US,86,2023,6
A5069608785,Malte Jung,US,1019,2013,6
A5091442923,Jess Hohenstein,US,126,2018,6
A5045827103,Elise Karinshak,US,47,2023,6
A5053096615,Joon Sung Park,US,47,2023,6
A5074745153,Xun Liu,US,218,2019,6
A5036935284,Sumer S. Vaid,US,317,2019,24
A5063987862,Moran Cerf,US,131,2011,24
A5074129204,Jacob D. Teeny,US,42,2024,24
A5109149450,H. Peters,US,42,2024,24
A5102798508,Angela Y. Lee,US,145,2021,6
A5010855168,Louis Kirsch,CH,28,2024,52
A5074595426,Samuel Schmidgall,US,28,2024,52
A5077867821,Jason K. Eshraghian,US,28,2024,52
A5087624772,Jascha Achterberg,GB,39,2022,52
A5091998606,Rojin Ziaei,US,28,2024,52
A5091998607,S. Pardis Hajiseyedrazi,US,28,2024,52
A5012994458,Ankita Gupta,IN,26,2024,126
A5036003472,Anoushka Thakkar,JP,26,2024,126
A5060332749,Avinash De Sousa,IN,26,2024,126
A5041539279,Mahnaz Roshanaei,US,13,2024,24
A5065764227,Sanaz Talaifar,GB,719,2018,24
A5083504666,Mitja D. Back,DE,4945,2005,24
A5085351443,Lara Kroencke,DE,298,2020,24
A5001006565,Philip J. Dunham,CA,483,2001,6
A5042135500,Natalya N. Bazarova,US,2324,2005,6
A5055182882,Li Jiang,HK,899,2010,6
A5053868590,Jennifer Thom-Santelli,US,327,2004,6
A5078762368,Thompson Ritchie,US,212,2004,6
A5040597996,Melissa A. Wollis,US,129,2015,6
A5091890905,Pamela Black,US,202,2013,6
A5110156544,Michael Woodworth,CA,330,2005,6
A5087306425,Xiao Ma,US,137,2019,6
A5100355489,Yong Li,CN,103,2017,49
A5101481094,Kai Zhao,CN,134,2017,49
A5034735453,Ramona Schoedel,DE,222,2018,24
A5039217538,Florian Pargent,DE,128,2019,24
A5048056611,Clemens Stachl,CH,334,2018,24
A5061720289,Sven Hilbert,DE,434,2014,24
A5109261047,Markus Bühner,DE,1003,2007,24
A5011499718,Zubair Shafiq,US,589,2016,24
A5046708053,M. Hammad Mazhar,IN,95,2018,24
A5045080583,Kizito Masaba,US,93,2018,24
A5084296022,Shayan Mirjafari,US,113,2018,24
A5100685799,Weichen Wang,CN,410,2018,24
A5009478901,Yini Zhang,CN,372,2017,1
A5011711173,Jiyoun Suk,US,196,2019,1
A5035328798,Chris Wells,US,2339,2009,1
A5055420216,Min-Hsin Su,US,192,2019,1
A5101734027,Yiping Xia,US,138,2019,1
A5100431291,Rui Wang,CN,158,2015,24
A5060076409,Amar K. Das,US,397,1994,34
A5080759555,Sunny Jung Kim,US,527,2015,6
A5081922663,Lisa A. Marsch,US,2361,2012,6
A5102073967,Donghan Yu,SG,151,2017,49
A5110723101,Pengyu Zhang,CN,87,2018,49
A5016870575,Bruce A. Arnow,US,477,2004,6
A5028864050,Kim Bullock,US,144,2019,6
A5051004826,Jenny Wagner,DE,238,2014,24
A5016086371,Heinrich Peters,US,81,2021,24
A5103750097,Jake Teeny,US,22,2023,24
A5006126583,Jacqueline Nastri,US,133,2006,6
A5044651229,Joseph B. Walther,US,2476,2003,6
A5058587869,Zuoming Wang,US,449,2004,6
A5020438380,Josh Perlin,US,97,2009,6
A5048801621,Barrett Amos,US,97,2009,6
A5025422369,Madeline E. Smith,CA,533,2012,6
A5089517750,Lindsay Reynolds,US,670,2010,6
A5008787905,Alex X. Liu,US,213,2016,24
A5079087125,Chang Yang,CN,124,2016,24
A5079354905,Huigui Rong,CN,152,2016,24
A5086198510,Xun Zhou,US,138,2016,24
A5016409963,Erin L. Spottswood,US,411,2011,6
A5041616050,Eden Litt,US,1014,2011,6
A5026335569,Yong Li,CN,64,2016,49
A5015935947,Shuyuan Mary Ho,US,278,2015,6
A5025982071,Cheryl Booth,US,226,2015,6
A5102867647,Xiuwen Liu,US,99,2015,6
A5050157577,Jagan Sankaranarayanan,US,858,2009,49
A5087437068,Hanan Samet,US,1145,1979,49
A5012641844,Christine Garlough,US,63,2019,1
A5047213990,So Yun Ahn,US,63,2019,1
A5063129878,Teresa Correa,CL,254,2012,1
A5065659643,Aman Abhishek,US,63,2019,1
A5053012932,Jianhua Lü,CN,50,2021,49
A5100744117,Chaoming Song,US,6612,2009,10
A5067122530,Qi Shen,CN,44,2021,6
A5015077030,Amelia Acker,US,69,2014,6
A5036281766,Catherine Han,US,32,2022,24
A5069939742,Zakir Durumeric,US,628,2014,24
A5075915146,Deepak Kumar,US,111,2020,24
A5008373524,Trisevgeni Papakonstantinou,GB,17,2023,61
A5022276407,Ben Ainsworth,GB,350,2015,61
A5034410008,Paulina Bondaronek,GB,213,2018,61
A5052162346,Lauren Towler,GB,17,2023,61
A5084173535,Tim Chadborn,PK,269,2020,61
A5091745105,Geri Gay,US,7280,2004,6
A5013283889,N. Sadat Shami,US,663,2004,6
A5084567418,Kate Ehrlich,US,756,1984,6
A5035427065,Poppy Lauretta McLeod,US,373,2007,6
A5046611715,Gilly Leshed,US,492,2007,6
A5058274276,Diego Pérez-Liébana,GB,326,2009,6
A5103932380,Soyoung Lee,KR,117,2009,6
A5038902936,Ellis Weng,US,70,2011,6
A5044802466,Meryl Gabeler,US,70,2011,6
A5060429316,Emily Getty,US,70,2011,6
A5063115180,Christine A. Nelson,US,70,2011,6
A5063569425,J. Perren Cobb,US,70,2011,6
A5048800872,Kelly Wang,US,54,2018,6
A5008396892,Vanessa L. Madrazo,US,51,2014,24
A5024320544,Alan Meca,US,203,2014,24
A5027334417,Kyle Eichas,US,164,2008,24
A5066366373,Rachel Ritchie,US,126,2008,24
A5079656008,Shannon M Quintana,US,51,2014,24
A5082775596,Brent M. Maximin,US,51,2014,24
A5110319375,William M. Kurtines,US,184,2008,24
A5083811020,Anne Oeldorf-Hirsch,US,398,2008,6
A5007487205,Zhang Qun,CN,245,2015,24
A5014582119,Hui Zheng,CN,78,2017,24
A5044231605,Amin Vahedian Khezerlou,US,50,2018,24
A5025873464,Andrew C. High,US,105,2018,24
A5048404818,Raven S. Maragh,US,48,2019,24
A5049099024,Huyen Le,VN,125,2017,24
A5050667015,Timothy Havens,HU,257,2009,24
A5069228581,Brian Ekdale,US,386,2010,1
A5053214955,Byron Reeves,US,2675,1988,6
A5059520221,Zachariah Marrero,US,58,2020,24
A5019357630,Mary-Catherine Anderson,US,37,2021,46
A5026370090,Zack W. Almquist,US,170,2012,64
A5026489746,Jessica M. Perkins,US,521,2009,46
A5072465323,Ashley Hazel,US,37,2021,46
A5040298918,Su Goh,CA,34,2021,6
A5083511122,Michelle A. Gan,US,34,2021,6
A5031218409,Jennifer Park,SE,34,2021,6
A5048944549,Emma Goldenthal,US,34,2021,6
A5010996988,David M. Schnyer,US,343,2009,24
A5048323122,Amanda N. Barczyk,US,32,2021,24
A5049761760,Congyu Wu,US,51,2021,24
A5065821998,R. Cameron Craddock,US,551,2013,24
A5085189108,Christopher G. Beevers,US,637,2004,24
A5091300751,Jason Shumake,US,269,2018,24
A5024050018,Kurt Thomas,US,637,2012,24
A5034221533,Xinxia Dong,US,12,2023,1
A5045625674,Dongdong Yang,US,12,2023,1
A5059256506,Ruixue Lian,US,12,2023,1
A5066854790,Zhiying Yue,US,33,2021,1
A5100431123,Rui Wang,US,12,2023,1
A5010036074,Sezgi Başak Kavakli,US,11,2023,6
A5034934766,Wesley M. Stevens,CA,11,2023,6
A5013498181,James M. Brown,US,11,2023,6
A5000889975,Michael C. Fu,US,950,2000,49
A5013807415,Steven I. Marcus,US,982,2000,49
A5038163398,Shalabh Bhatnagar,IN,394,2001,49
A5109618222,I-Jeng Wang,US,293,1996,49
A5110172611,Michael T. Woodworth,CA,93,2004,6
A5029101216,Darcy Warkentin,CA,53,2010,6
A5038895781,Nicole Cormier,CA,53,2010,6
A5009623323,Muhammad Haris Mughees,US,43,2017,24
A5022038961,Zhiyun Qian,US,93,2015,24
A5019990393,Stephanie Tom Tong,US,1291,2008,6
A5065016283,Richard B. Slatcher,US,765,2001,24
A5043762901,Harkeerat Bedi,US,42,2017,24
A5061665350,Adnan Ahmed,PK,42,2017,24
A5087409871,Amir R. Khakpour,US,42,2017,24
A5018389594,Fanglin Chen,CN,56,2011,24
A5040912789,Poruz Khambatta,US,46,2017,24
A5060265727,Kai T. Horstmann,DE,486,2016,24
A5090905614,Lauren E. Curry,US,97,2004,6
A5066475393,Eliane M. Boucher,US,51,2008,6
A5008454825,Tamara Peyton,US,149,2014,30
A5084223766,Wayne G. Lutters,US,292,2002,6
A5113776149,Alyson L. Young,GB,1881,2009,2
A5100337209,Min Chen,CN,1308,2011,49
A5036254245,Varun Mishra,US,36,2017,24
A5100431442,Rui Wang,CN,36,2017,24
A5111612701,G. R. Boynton,US,77,2017,24
A5001066937,Michelle Drouin,US,70,2017,6
A5038477172,A. Shanti James,US,34,2017,6
A5101439558,Funing Sun,CN,223,2018,49
A5101801123,Fanchao Meng,CN,33,2018,49
A5013543313,Athina Markopoulou,GR,1320,2008,64
A5016503293,Anastasia Shuba,US,136,2018,64
A5071527292,Tiffany W. Hsu,US,28,2020,6
A5006553904,Hieu Le,US,464,2012,64
A5033577838,Janus Varmarken,US,28,2020,64
A5037374679,Tony Liao,US,305,2013,6
A5055592366,Jinghua Piao,CN,35,2021,49
A5100355366,Yong Li,CN,46,2021,49
A5100711272,Guozhen Zhang,CN,23,2021,49
A5100751331,Zhilong Chen,CN,85,2018,49
A5018206750,Anna Ryzhova,DE,17,2022,127
A5037947500,Arista Beseler,DE,17,2022,127
A5063735924,Florian Toepfl,DE,31,2021,127
A5078228552,Daria Kravets,DE,31,2021,127
A5056695027,Stephanie Gokhman,US,38,2012,6
A5066764516,Poornima Prabhu,IN,38,2012,6
A5004666339,Graham Dixon,US,55,2012,6
A5070236501,Irina Shklovski,DK,1141,2006,64
A5060700722,A. Aldo Faisal,DE,175,2015,24
A5077051449,Mohammed Khwaja,GB,76,2019,24
A5081367673,Sara Zannone,GB,119,2017,24
A5101490457,Aleksandar Matic,ES,243,2015,3
A5011363617,Fareed Zaffar,PK,120,2017,24
A5039046694,Faizan Ahmad,GB,36,2018,24
A5055476089,Asad Mahmood,PK,25,2019,24
A5000930617,Francesca Gino,US,4299,2006,37
A5091044650,Maryam Kouchaki,US,628,2013,37
A5077507479,Natalia Linos,US,67,2013,6
A5078439923,Eleni Linos,US,591,2008,6
A5079554685,Juan Antonio Lossio-Ventura,US,65,2020,6
A5064065735,Anshuman Chhabra,US,13,2022,24
A5086439160,Prasant Mohapatra,US,308,2011,24
A5100352330,Xin Liu,CN,13,2022,24
A5102003075,Muhammad Haroon,PK,13,2022,24
A5088209253,Niclas Kuper,DE,237,2020,24
A5042105031,Jorge Peña-Herborn,US,45,2006,6
A5086347229,Michael A. Shapiro,US,236,1991,6
A5023063524,Maciej Kurant,CH,1097,2010,64
A5091119313,Minas Gjoka,US,1160,2009,64
A5100321780,Yan Wang,CN,48,2012,64
A5001070512,Arik Friedman,GB,297,2012,24
A5040251515,Mohamed Ali Kâafar,AU,589,2012,24
A5048589475,Guillaume Jourjon,AU,193,2014,24
A5085746400,Muhammad Ikram,PK,209,2016,24
A5088359719,Shehroze Farooqi,US,85,2017,24
A5047948208,Sky CH-Wang,US,18,2021,56
A5064752632,Cristian-Paul Bara,US,52,2019,56
A5014744423,David Coppini,US,57,2017,1
A5026565197,Carlos Múñiz,MX,18,2021,1
A5043913794,Hernando Rojas,US,654,2006,1
A5027301994,Philip N. Bartlett,GB,189,1995,128
A5033922950,Ernesto J. Calvo,AR,34,2008,128
A5065750516,Fernando Garay,AR,34,2008,128
A5072520379,Victoria Flexer,AR,34,2008,128
A5073160957,Keith F. E. Pratt,US,189,1995,128
A5042166639,Ladislau Bölöni,US,143,2000,49
A5059706187,Rose A. Daley,US,34,2007,49
A5071577167,Howard Jay Siegel,KR,208,2002,49
A5081922905,Dan C. Marinescu,US,146,2000,49
A5103031740,Xin Bai,CN,70,2004,49
A5053202585,Mike Burmester,US,35,2015,6
A5089491941,Shashank S. Timmarajus,US,22,2016,6
A5014771663,Daniel Berliner,GB,122,2015,64
A5021724291,Benjamin E. Bagozzi,US,107,2016,64
A5100453429,Tao Wang,CN,19,2020,49
A5006316724,Tobias Lauinger,US,188,2012,24
A5040431181,Álvaro Feal,MX,179,2019,24
A5103129498,Abhinav Mehrotra,IN,746,2014,24
A5039253223,Lianglun Zhang,Unknown,16,2020,49
A5085088189,Yujian Xu,Unknown,16,2020,49
A5100453551,Tao Wang,CN,485,2020,49
A5100751328,Zhilong Chen,CN,16,2020,49
A5070385137,Edwin K. P. Chong,US,215,1996,49
A5063172602,Kate Fenner,AU,25,2008,1
A5085875759,Xunru Che,US,17,2018,6
A5019010388,Seth Billings,US,17,2018,49
A5078445265,Philippe Burlina,US,101,2017,49
A5087104312,Jemima Albayda,US,17,2018,49
A5112402957,Neil Joshi,US,41,2017,49
A5082261492,Nektarios Leontiadis,IL,16,2017,24
A5073327085,Yuqiong Wei,HK,14,2020,49
A5079644451,Zongyu Lin,CN,27,2020,49
A5089287594,Shiqing Lyu,CN,14,2020,49
A5078030567,Mingshan Jia,AU,24,2021,26
A5083181106,Bogdan Gabryś,AU,659,2013,26
A5110102390,Christian Peter,DE,34,2007,6
A5015871541,Adi Robertson,US,16,2011,6
A5024283732,Naomi Drucker,US,16,2011,6
A5033708184,Tina Chou,US,16,2011,6
A5043529168,William C. Smith,GB,16,2011,6
A5060767408,Dai Tang,US,16,2011,6
A5003854328,Diansheng Guo,CN,243,2012,49
A5100397986,Yue Yu,US,34,2019,49
A5010666189,Bong Gwan Jun,KR,25,2017,6
A5015440945,Ayon Yun,KR,13,2020,6
A5049203961,Chung‐Kon Shi,KR,13,2020,6
A5036824564,Jennifer Lien,US,15,2011,6
A5056616886,Victoria Schwanda,US,217,2010,6
A5063269198,Kyle Barron,US,89,2011,6
A5103482050,Gretchen M. Schroeder,US,15,2011,6
A5104070455,Ashley H. Vernon,US,15,2011,6
A5050122923,Jong Gwan Lim,KR,15,2010,49
A5103331911,Andreas Terzis,GR,770,2009,49
A5005972494,Zachary D. Miles,US,15,2011,6
A5034706660,Jason Marder,US,15,2011,6
A5069748154,Ariella Weintraub,US,15,2011,6
A5070794968,Pavel Vodenski,US,15,2011,6
A5072759538,Samantha Gillette,US,15,2011,6
A5002083872,Shashanka S. Timmarajus,US,27,2015,6
A5014274752,Shusheng Xu,CN,66,2020,49
A5062531734,Jill Powell,US,11,2020,6
A5066890566,James C. Spall,US,27,1999,49
A5022787263,Hankyung Kim,KR,28,2017,6
A5027914358,Youn-kyung Lim,KR,262,2007,6
A5036049096,Saeyoung Rho,US,37,2016,6
A5082578507,Injung Lee,KR,12,2017,6
A5101604958,Hyungi Kim,KR,12,2017,6
A5021398655,Yujun Lin,US,12,2017,49
A5046688345,Jiaxin Huang,CN,487,2017,49
A5044093983,Doug Zytko,US,24,2015,6
A5112187860,Jessa Lingel,US,191,2011,6
A5016695259,Isabel Pedersen,CA,11,2018,6
A5022446382,Nathaniel E. Helwig,US,11,2019,64
A5101133514,You Yun,CN,11,2019,64
A5085409762,Matthew Turk,US,19840,1991,3
A5055068182,A. Azarbayejani,US,4467,1996,3
A5109203386,Christopher R. Wren,JP,4403,1997,3
A5007861624,Kevin Crowston,US,5293,1987,20
A5028277052,Anita Williams Woolley,US,4095,2007,20
A5043737321,Nada Hashmi,US,2324,2010,20
A5034259217,Norbert Schwarz,US,14347,1981,29
A5047153758,Colleen M. Seifert,US,2502,1986,10
A5046823814,Barbara Rosario,US,2388,1998,6
A5072871852,Martine R. Haas,US,1960,2014,12
A5075165921,Gerard George,US,3267,2011,12
A5030965866,Shengjin Wang,CN,3275,2010,75
A5063901724,Zhongdao Wang,CN,2000,2019,75
A5100346266,Yali Li,CN,2157,2010,75
A5100709340,Liang Zheng,CN,3251,2013,75
A5100746010,Yixuan Liu,CN,921,2019,75
A5022408597,Emily K. Vraga,US,5015,2010,1
A5025970920,Panayiota Kendeou,US,722,2022,4
A5029575305,Lisa K. Fazio,US,783,2010,4
A5043862617,Philipp Schmid,NL,782,2022,4
A5067737557,Michelle A. Amazeen,US,1500,2016,4
A5020224649,James L. McClelland,US,8612,1987,0
A5024300858,Mriganka Sur,US,1178,2001,14
A5052387000,Esther Thelen,US,1253,1989,14
A5081302896,Ida J. Stockman,US,640,2001,14
A5102851268,Juyang Weng,US,640,2001,14
A5058230090,Miles Osborne,GB,1596,2003,8
A5112315093,Philipp Koehn,DE,909,2006,8
A5068077704,Tony Jebara,US,1230,1998,3
A5105528213,Baback Moghaddam,US,723,1997,3
A5003697141,Dietlind Stolle,CA,838,2008,17
A5070114879,Richard Johnston,CA,1360,2000,17
A5048775153,Colin Bannard,GB,565,2005,8
A5031955814,Klaus Oberauer,CH,4824,2006,4
A5036140366,Gilles E. Gignac,AU,1028,2013,4
A5063229424,Lori Young,US,685,2009,17
A5109524574,Mark R. Lepper,US,2576,1970,37
A5052308997,Patrick Vinck,US,554,2016,3
A5112523317,Emmanuel Letouzé,US,897,2015,3
A5087629528,George Herman,TW,731,2003,20
A5012470628,Courtney Napoles,US,623,2011,8
A5053850863,Ellie Pavlick,US,1924,2014,8
A5048232579,Nadav Aharony,US,1021,2010,3
A5070667310,Cory Ip,US,531,2011,3
A5087912116,Inas S. Khayal,US,687,2011,3
A5100721259,Wei Pan,CN,1463,2011,3
A5042663603,Stan Sclaroff,US,978,1991,3
A5111801435,Bennet B. Murdock,CA,656,1987,4
A5003138661,Kotaro Hara,SG,610,2015,6
A5087267903,Abigail Adams,US,476,2018,6
A5009057782,John C. Dunn,AU,1401,1988,4
A5038088191,Kim Kirsner,AU,1154,1988,4
A5051006703,Taemie Kim,US,1196,2006,3
A5062431621,Aravind Mohan,AU,423,2008,3
A5103033624,D. Olguı́n,MX,918,2008,3
A5113121922,K. Ara,CA,423,2008,3
A5076741224,David Tang,GB,404,2010,4
A5072399472,Raymond S. Nickerson,US,394,2007,4
A5090969784,Francis T. Durso,US,412,2005,4
A5109535589,Timothy J. Perfect,GB,452,2004,4
A5111638399,Susan Dumais,US,11436,1979,6
A5040470434,Martin Greaves,GB,471,2011,4
A5044320951,Christopher Jarrold,GB,856,2011,4
A5077470909,Simon Farrell,AU,2484,2000,4
A5022601229,B. Horowitz,US,482,1991,3
A5075915553,Stephen McAdams,CA,892,2012,19
A5007577230,Kenneth R. Grant,US,458,1986,20
A5044640514,Kum‐Yew Lai,GB,986,1986,20
A5058414644,David Rosenblitt,US,436,1986,20
A5061851752,Ramana Rao,US,830,1986,20
A5050671678,Ishani Aggarwal,Unknown,768,2013,20
A5027337265,Lilach Nir,IL,825,2002,17
A5060431982,Patrick Fournier,CA,651,2000,17
A5014750352,Harris R. Lieberman,US,311,1982,3
A5008439962,Stefan M. Herzog,DE,1755,2006,4
A5068556395,Ralph Hertwig,DE,15636,1997,4
A5024419925,Florent Robic,FR,297,2013,3
A5078253058,Yves-Alexandre de Montjoye,GB,1833,2009,3
A5020693407,Michiel Nuytemans,BE,1093,2007,17
A5042975485,Stefaan Walgrave,BE,2028,2007,17
A5012381948,Joost Rietveld,GB,798,2013,33
A5056350790,Melissa A. Schilling,US,737,2007,33
A5000819950,Marc Trussler,US,291,2014,17
A5058389881,Darren Chang,AU,291,2011,4
A5112779500,Briony Swire,AU,644,2011,4
A5089575055,Omar F. Zaidan,GB,1141,2009,8
A5079548604,Márton Mestyán,HU,280,2013,16
A5048659374,Abby E. H. Chee,AU,257,2010,4
A5040936014,Lisa X. Jing,US,255,2014,20
A5050932373,David Engel,US,406,2014,20
A5006314379,Anastasia Kozyreva,DE,672,2019,4
A5040787249,Brandon Roy,US,477,2009,55
A5044453295,Philip DeCamp,US,257,2009,55
A5057715146,Matthew P. Miller,US,246,2015,55
A5057014476,Róbert Sumi,CA,238,2012,10
A5065413313,András Kornai,HU,238,2012,10
A5071666513,András Rung,HU,238,2012,10
A5090464049,Ee Pin Chang,AU,402,2014,4
A5103828571,Rekha Pillai,US,234,2014,4
A5037398360,Lior Sheffer,IL,309,2017,17
A5075955866,Tamir Sheafer,IL,988,2008,17
A5088894591,Cristiano Bellavitis,US,302,2016,33
A5100721253,Wei Pan,CN,244,2011,3
A5040027314,Peter John,GB,552,2003,16
A5066291615,Michael Smithson,AU,278,2014,4
A5080059506,Наоми Орескес,US,437,2015,4
A5080532529,James S. Risbey,AU,939,1996,4
A5034773967,Max Wolf,DE,1439,2013,4
A5072653864,Giuseppe Argenziano,IT,246,2007,4
A5086926559,Iris Zalaudek,IT,246,2007,4
A5091497538,Patricia A. Carney,US,214,2016,4
A5091759851,Ralf H. J. M. Kurvers,DE,1217,2013,4
A5108672333,Andy Bogart,US,177,2016,4
A5019902254,Joshua L. Hogan,AU,259,2017,4
A5091727657,Mostafa Mohsenvand,US,174,2017,55
A5072929677,J. P. Eggers,US,163,2018,33
A5016054994,Chiyuan Zhang,CN,1897,2015,8
A5049948514,Andrew Nystrom,US,150,2022,8
A5055592482,Douglas Eck,US,689,2005,8
A5101561897,Katherine Lee,US,2913,2019,8
A5020229584,Mikael Lindfelt,FI,200,2020,4
A5058835700,Anna Soveri,FI,516,2015,4
A5082871870,Linda C. Karlsson,FI,299,2016,4
A5088529118,Jan Antfolk,FI,320,2016,4
A5087990460,Mehdi Moussaïd,DE,3406,2009,4
A5101702632,Abdulrahman Alotaibi,US,142,2020,3
A5038671141,Young Ji Kim,US,116,2021,20
A5058904450,Pranav Gupta,IN,212,2018,20
A5006511244,Sam Wineburg,US,71,2022,4
A5032408800,Mark Leiser,NL,62,2023,4
A5022017615,Dhaval Adjodah,US,134,2021,14
A5073765948,Alia Braley,US,40,2023,14
A5089691952,Hossein Rahnama,CA,40,2023,14
A5073965652,Li Qian Tay,AU,130,2020,4
A5083939962,Dawn Liu Holford,GB,73,2023,4
A5088276720,Angelo Fasce,PT,73,2023,4
A5083027866,B. Moghaddam,Unknown,516,1996,3
A5089286955,Wasim Wahid,PK,272,2002,3
A5086291379,Tonmoy Choudhury,SA,258,2000,3
A5044181099,Sven Dickinson,CA,669,1990,3
A5110520108,Azriel Rosenfeld,IR,733,1979,3
A5101672405,John Williams,GB,238,1992,3
A5003388464,Torsten Reimer,US,677,2004,4
A5034311572,Gordon D. A. Brown,GB,2847,1985,4
A5113462402,Keh-Chiang Yu,US,214,1988,20
A5042273441,Agnes Shook Cheong Chang,US,326,2008,3
A5112666355,Lindsey Holland,US,326,2008,3
A5045801671,Thad﻿ Starner﻿﻿,US,799,1997,6
A5046665314,Tanzeem Choudhury,US,3674,2001,6
A5109059955,Christof Monz,NL,672,2002,8
A5019595239,François Bérard,FR,336,2000,3
A5021989698,Edward H. Adelson,US,1024,1996,0
A5002466062,Richard Lai,US,234,2006,20
A5013597687,Peter Weill,FR,930,2000,20
A5037251749,Stephanie L. Woerner,US,706,2006,20
A5074217949,Victoria T. D'Urso,US,214,2006,20
A5091593653,Thomas G. Apel,Unknown,189,2006,20
A5110010656,Matthew R. Duncan,US,237,2004,4
A5075825791,Benjamin Van Durme,US,1166,2011,8
A5081635691,Peter E. Clark,US,2119,2003,8
A5103568128,Xuchen Yao,CN,331,2011,8
A5005939553,Ehud Reiter,GB,190,2005,55
A5001535499,Kelsey Martin,US,173,2013,4
A5018267828,Olivia Fenton,AU,173,2013,4
A5015224456,Lee-Xieng Yang,TW,335,2004,4
A5078179152,Will Kymlicka,US,1577,2006,17
A5105509796,Keith Banting,CA,1764,2006,17
A5019828713,Jens Wäckerle,DE,186,2018,17
A5044069222,Will Lowe,DE,2321,2003,17
A5055289415,Sven‐Oliver Proksch,DE,186,2018,17
A5006314068,Lane Schwartz,DK,153,2009,8
A5012850897,Jonathan Weese,US,424,2009,8
A5014580424,Sanjeev Khudanpur,US,612,2008,8
A5019946709,Wren Thornton,US,153,2009,8
A5029323348,Juri Ganitkevitch,US,490,2009,8
A5100782898,Zhifei Li,CN,166,2009,8
A5057693146,Bill Dolan,GB,6963,2010,8
A5005932872,Yinzhan Xu,US,150,2017,3
A5072690374,Yoshihiko Suhara,JP,355,2017,3
A5043914312,Allison Harell,CA,249,2011,17
A5030027972,Lynn Wu,US,662,2008,20
A5032058863,Ben Waber,Unknown,157,2008,3
A5044137163,Erin McFee,GB,138,2012,3
A5000852169,Prashanth Vijayaraghavan,US,391,2016,55
A5003264876,Tom Blaser,Unknown,135,2016,129
A5019373396,Linnea Gandhi,US,135,2016,129
A5044875858,Andrew M. Rosenfield,US,135,2016,129
A5047545433,Daniel Kahneman,Unknown,135,2016,129
A5077004082,Werner G. K. Stritzke,AU,133,2013,4
A5084482242,Alexandra M. Freund,CH,330,2005,4
A5047724274,Wen Dong,US,328,2007,3
A5069498415,Anna Samoilenko,US,171,2014,34
A5003031572,Andrey Bogomolov,RU,698,2013,3
A5089091513,J. Alexander Branham,US,110,2017,17
A5066522558,Meital Balmas,IL,498,2012,17
A5023802054,Dan Roth,US,4062,1994,8
A5038386528,Wenpeng Yin,US,454,2018,8
A5043628255,Daniel Khashabi,US,1916,2015,8
A5101823158,Sihao Chen,CN,108,2019,8
A5022747234,Chaoqun Ni,US,662,2008,26
A5077013196,Murray T. Maybery,AU,523,2004,4
A5112354047,C Cheung,ES,99,2015,4
A5010940647,Dorothy Bishop,GB,408,2004,19
A5003402537,Elisabeth A. Lloyd,US,366,2008,4
A5001423147,Dmitry Kachaev,US,97,2014,8
A5011118385,Ann Irvine,US,190,2013,8
A5108266978,Matt Post,US,445,2012,8
A5008574220,Naomi McArthur,Unknown,96,2017,20
A5110302387,Jeffrey Y. Lin,US,162,2008,20
A5112620374,Young Ji Kim,US,273,2015,20
A5010287678,Scott Brophy,US,95,2015,4
A5019268168,Michael Marriott,GB,351,2012,4
A5001715660,José Balsa‐Barreiro,US,200,2019,3
A5046771809,Yingcheng Li,CN,92,2019,3
A5104111272,Alfredo Morales,MX,173,2019,3
A5015797850,Nabeel Gillani,US,493,2014,55
A5020034316,Ann Yuan,US,213,2018,55
A5082294805,Martin Saveski,US,238,2018,55
A5090907589,Nicolas Fay,AU,447,2008,4
A5020283825,Haimiao Yuan,US,107,2021,26
A5030464428,Jack Citrin,US,2677,1978,17
A5100643133,Matthew Wright,US,735,2009,17
A5046503193,Michael Jetter,DE,85,2020,4
A5044603466,Isabel Straw,GB,85,2020,8
A5103295738,Matthew Chadwick,US,87,2020,4
A5000943764,Muhsin Yesilada,GB,125,2021,4
A5058989081,Joshua P. White,GB,114,2021,4
A5059022198,Andrew Perfors,AU,987,2007,0
A5090637102,Paul Michael Garrett,IE,214,2019,4
A5015346324,Giliberto Capano,IT,70,2020,130
A5060256587,Claudia Acciai,DK,93,2017,130
A5100434281,Jingwei Zhang,CN,68,2020,75
A5101677993,Yifan Sun,CN,2213,2017,75
A5027261073,Michael Geers,DE,125,2021,4
A5065702439,Mubashir Sultan,DE,93,2022,4
A5001881119,Amanda D. Lotz,AU,263,2009,17
A5011021247,Oliver Eklund,AU,54,2022,17
A5001502363,Luke Bates,JP,35,2023,4
A5027450194,Iryna Gurevych,DE,510,2007,4
A5003714034,Marianna Apidianaki,US,110,2018,8
A5024378198,Shreya Havaldar,US,34,2023,8
A5056785441,Adam Stein,US,34,2023,8
A5057851690,Qing Lyu,US,79,2020,8
A5066376294,Eric Wong,US,47,2023,8
A5100425452,Li Zhang,CN,34,2023,8
A5113813635,Delip Rao,US,427,2010,8
A5067091706,Pooja Sharma,IN,30,2023,131
A5101568278,Shubham Sharma,IN,30,2023,131
A5111578200,Harsh Kumar,IN,89,2010,131
A5013352663,Matthew K. Hong,US,22,2023,20
A5039210274,Alexandre L. S. Filipowicz,Unknown,22,2023,20
A5039926860,Steven Rick,US,60,2021,20
A5047024571,Jennifer L. Heyman,US,22,2023,20
A5062722345,Alice Cai,US,22,2023,20
A5103007862,Zhang YanXia,Unknown,22,2023,20
A5113022900,Matt Klenk,Unknown,22,2023,20
A5027911643,Ian Spence,AU,354,1989,4
A5004145596,Gerard P. A. Tan,AU,151,2000,4
A5031931225,Michael Mundy,US,151,2000,4
A5019060488,Stephen A. Smith,US,148,1988,20
A5101887110,Shu‐Chen Li,DE,602,1993,4
A5016033078,Maja Pantić,GB,8492,2005,3
A5075533617,Alessandro Vinciarelli,GB,3056,2002,3
A5108187466,Hervé Bourlard,CH,2563,1992,3
A5037576261,Christopher H. Fry,GB,127,1995,20
A5087217252,John K. Kruschke,US,553,1997,4
A5048198434,Jeff Orkin,US,225,2007,55
A5000536361,Nikolaos Mavridis,US,235,2003,55
A5113531029,Kai-yuh Hsiao,US,231,2003,55
A5090337737,Joe Apai,AU,119,2010,4
A5028276052,Peter A. Gloor,US,1153,2007,3
A5008203685,Sonja M. Geiger,AU,243,2006,4
A5100354569,Yang Zhang,US,334,2010,76
A5100435506,Ping Li,CN,1082,2006,76
A5100458586,Yajing Zhang,CN,94,2012,76
A5100513282,Hua Shu,CN,1114,2006,76
A5101095636,Jie Xi,CN,305,2009,76
A5101925774,Linjun Zhang,CN,292,2008,76
A5107879422,Han Wu,CN,135,2011,76
A5113372108,S. T. Moturu,US,125,2011,3
A5002047466,Ankur Mani,US,162,2004,26
A5052673937,Anthony Kevins,GB,116,2015,17
A5000005989,Olga Kunina‐Habenicht,DE,179,2012,4
A5029930130,Juliane E. Kämmer,CH,500,2013,4
A5058967410,Wolf E. Hautz,CH,128,2015,4
A5060753814,M. San Miguel,ES,2477,1993,14
A5066039938,János Török,SK,316,2000,10
A5086711289,Gerardo Íñiguez,FI,792,2012,10
A5051374361,Fabrizio Antonelli,IT,128,2013,3
A5011229206,Vivek K. Singh,US,298,2013,3
A5011491152,J.C. Brooks,GB,184,2016,4
A5089339007,Susanne Quadflieg,GB,127,2015,4
A5110467586,Andrew Gordon,US,126,2017,4
A5038796954,Dana Nuccitelli,US,70,2015,4
A5055363599,Rasmus Benestad,NO,70,2015,4
A5066963678,R. van Dorland,NL,70,2015,4
A5075338368,Hans Olav Hygen,NO,70,2015,4
A5085599162,Katharine Hayhoe,US,70,2015,4
A5045651525,Alice Robbin,US,68,2017,26
A5088016260,Johanna Dunaway,US,409,2011,17
A5000586315,Shulan Hsieh,TW,50,2019,4
A5024966482,Carol Strong,TW,39,2021,4
A5070680556,Cheng-Ta Yang,TW,142,2005,4
A5100708209,Yuwen Wang,CN,39,2021,4
A5103283395,Yi‐Chan Lee,TW,39,2021,4
A5058002488,Abi Adams‐Prassl,GB,17,2023,6
A5055948281,Stephen Ansolabehere,US,2061,1990,17
A5070829652,Jacob Andreas,US,2388,2010,0
A5089592034,Eric Chu,US,86,2018,55
A5044820831,Kazuhiko Mase,JP,116,2002,3
A5069161059,Brian Clarkson,JP,268,2000,3
A5049739048,Sumit Basu,IN,835,1998,3
A5007138994,Massimo Zancanaro,IT,1713,1998,3
A5103051685,Alessandro Cappelletti,IT,518,2007,3
A5002269200,Henry L. Roediger,US,2637,1987,4
A5020532333,Mary Susan Weldon,US,1459,1987,4
A5080634342,J. C. Dunn,Unknown,84,1989,4
A5085594669,Kavitha Srinivas,Unknown,139,1989,4
A5025253393,Brenna Bychowski,US,68,2011,26
A5038407278,Sarah B. Henderson,CA,64,2014,10
A5055785355,Ara Darzi,GB,642,2001,10
A5056937639,Will Warburton,US,64,2014,10
A5090052245,Axel Heitmueller,GB,103,2014,10
A5077531047,Katayoun Farrahi,GB,238,2009,3
A5059880235,Anselm Spoerri,US,93,2013,16
A5086530950,Mark Graham,US,2313,2003,16
A5006572707,Lauren Guggenheim,US,348,2011,17
A5059531387,Mark Daku,US,59,2017,17
A5004059124,Travis Wolfe,US,57,2015,8
A5015147112,Pushpendre Rastogi,US,451,2015,8
A5056103558,Keiichi Nemoto,JP,220,2010,20
A5064098009,Carolin Kaiser,DE,55,2015,20
A5082324887,Masamichi Takahashi,JP,55,2015,20
A5088698784,Ivan Sysoev,US,113,2013,55
A5013309071,Jens Koed Madsen,GB,355,2012,0
A5051359311,Kazimir Pasiecznik,GB,106,2011,4
A5065912572,David Grangier,US,1577,2005,6
A5053756946,Linnéa Karlsson,FI,662,2007,4
A5064162753,Hasse Karlsson,FI,438,2015,4
A5089565492,Otto Mäki,FI,39,2020,4
A5089919273,Otto Waris,FI,265,2015,4
A5050038373,Robert Seamans,US,154,2013,33
A5089330000,Katia Meggiorin,US,36,2021,33
A5011522461,Annika Breu,DE,25,2022,16
A5076739096,Karolin Soontjens,BE,77,2021,17
A5015441797,Xiajie Zhang,AU,13,2023,55
A5026429870,Jad Kabbara,US,13,2023,55
A5052593379,Xubo Cao,Unknown,13,2023,55
A5087929857,Hang Jiang,CN,13,2023,55
A5077568257,Jon S. Simons,US,12,2023,4
A5083796753,Vanessa Maturo,US,12,2023,4
A5084432521,Rachel Xu,US,12,2023,4
A5039242914,Laura Smillie,BE,11,2023,4
A5109182814,Christopher Wren,US,113,2002,3
A5064399748,Flavia Sparacino,US,110,1999,3
A5111385261,Glorianna Davenport,US,232,1999,3
A5017494050,Hong Z. Tan,US,1464,1997,53
A5035267750,Chahab Nastar,FR,194,1996,3
A5015431548,R.W. DeVaul,US,110,2004,3
A5045137429,Vicka Corey,US,83,2004,3
A5006895683,Michaela Wänke,DE,2618,1993,29
A5025245458,Jochim Hansen,AT,891,2006,29
A5019401539,Stewart Craig,GB,121,2011,4
A5000823103,Daniel B. Morrell,AU,56,2010,4
A5016078038,Samuel S. Wang,US,55,2012,3
A5110277177,John Hunter,AU,50,2014,4
A5045840006,Pénélope Daignault,CA,49,2013,17
A5080287884,Thierry Giasson,CA,49,2013,17
A5023383528,Rebecca Eynon,GB,2782,2008,16
A5056371320,Isis Hjorth,GB,1613,2014,16
A5009871674,Vladimir Pislyakov,RU,46,2014,26
A5073701104,Rébecca L. Bouvier,CA,46,2014,26
A5086152924,Adèle Paul‐Hus,CA,148,2014,26
A5026686084,Laura Freeman,US,60,2013,3
A5041277531,Peter Cihon,US,43,2016,16
A5051094294,Nicholas A. Valentino,US,537,2002,5
A5055869562,Raymond Duch,GB,40,2018,17
A5108655124,Tobias Konitzer,US,107,2018,33
A5029628813,Erdem Kaya,TR,40,2018,3
A5043347770,Selim Balcısoy,TR,156,2010,3
A5029347945,Oren Lederman,US,67,2017,3
A5110541918,Akshay Mohan,CA,53,2018,3
A5000072934,Hessah A. Alsalamah,SA,39,2018,3
A5023755957,Shiroq Al-Megren,US,39,2018,3
A5035332763,Lina Altoaimy,SA,105,2018,3
A5039839630,Emad Almutairi,SA,39,2018,3
A5067877443,Leili Soltanisehat,US,182,2018,3
A5089401391,Shada Alsalamah,SA,105,2018,3
A5091767278,Jonathan Bright,GB,583,2014,16
A5034864096,Kevin Arceneaux,FR,1120,2005,17
A5073536344,Benjamin V. Hanrahan,US,131,2012,6
A5105769246,Albert Ali Salah,NL,429,2006,3
A5016798921,Kelly Bedard,US,94,2018,20
A5058884774,Maya Rossin‐Slater,US,234,2018,20
A5081361660,Sarah Bana,US,105,2018,20
A5008766039,Shi Kai Chong,US,32,2020,3
A5071338636,Mohsen Bahrami,US,71,2018,3
A5102027891,Hao Chen,CN,32,2020,3
A5025390602,Irina Basieva,SE,552,2011,4
A5036726510,Katy Tapper,GB,222,2008,4
A5037588149,Albert Barqué-Duran,GB,127,2015,4
A5038411635,Emmanuel M. Pothos,GB,2099,2000,4
A5082978886,Andrei Khrennikov,SE,634,2007,4
A5065996762,Xiang Zheng,US,29,2022,26
A5109038924,Push Singh,US,95,2003,3
A5043176712,Jacob Ström,SE,68,2003,3
A5043157858,Christopher Heasly,Unknown,64,2006,20
A5056389726,Jiska Cohen‐Mansfield,IL,464,2005,20
A5056717766,Maha Dakheel‐Ali,IL,82,2006,20
A5082499219,Aleksandra Parpura‐Gill,US,329,2005,20
A5108515092,Michael A. Creedon,US,118,2005,20
A5038665001,Cameron Shaw Fordyce,GB,54,2007,8
A5039448366,Kyriaki Kalimeri,IT,632,2010,3
A5079574630,Giulio Rigato,IT,44,2012,3
A5043557717,Xiaoyi Wang,CN,354,2008,76
A5100931942,XU Guo-qing,PH,43,2012,76
A5083923302,David K. Sewell,AU,95,2010,4
A5046769599,Andrew Tsou,US,1011,2013,26
A5022620048,Tim Jones,GB,81,2012,4
A5037684556,Thijs Broekhuizen,NL,37,2013,31
A5091332748,Joseph Lampel,Unknown,426,2008,31
A5023172399,Johannes Bjelland,NO,92,2012,3
A5031592048,Pål Sundsøy,NO,691,2011,3
A5060102759,Linus Bengtsson,SE,1841,2010,10
A5050529378,Thomas Hardjono,US,76,2014,3
A5109886403,Alex Lipton,IL,35,2018,3
A5019752092,Elin Naurin,SE,30,2019,17
A5048350659,Sarah Bachleda,US,30,2019,17
A5064834013,Fabian G. Neuner,US,362,2017,17
A5013216755,Alan Novaes Tump,DE,199,2018,4
A5047919716,Aleksandra Litvinova,DE,43,2019,4
A5097215551,Kyanoush S. Yahosseini,DE,29,2019,4
A5008551646,Ding Lyu,CN,15,2022,49
A5100334794,Yuan Yuan,CN,104,2016,49
A5100703488,Lin Wang,CN,756,2012,49
A5100718391,Xiaofan Wang,CN,1110,2009,49
A5008267833,Peter Gorniak,US,119,2005,55
A5011053835,Michael Levit,FI,49,2007,55
A5025585492,Felix Xiaozhu Lin,US,72,1987,20
A5058853115,Qiyong Gong,CN,43,2008,76
A5070194441,Jingjing Zhao,CN,250,2007,76
A5088683857,Zhou Feng-ying,CN,95,2010,76
A5059273574,Stefanie Tellex,US,255,2006,55
A5013559230,Mariam Nouh,SA,70,2014,3
A5073189960,Anas Alfaris,SA,87,2014,3
A5109833231,Abdulrahman Alarifi,SA,189,2014,3
A5115598991,Mansour Alsaleh,US,294,2014,3
A5018808577,Kevin Cowtan,GB,30,2018,4
A5054086797,Grant Foster,US,215,2017,4
A5075034835,Ari Jokimäki,Unknown,30,2018,4
A5079396226,Stefan Rahmstorf,DE,215,2017,4
A5091452530,Francisco Prieto‐Castrillo,ES,29,2016,3
A5015162860,Richard D. Pancost,GB,28,2015,4
A5077992672,Timothy Ballard,AU,70,2015,4
A5009196818,David R. Vieites,ES,28,2019,4
A5060972449,Salvador Herrando‐Pérez,ES,210,2012,4
A5070000668,Corey J. A. Bradshaw,AU,210,2012,4
A5037530222,Michael Jetter,DE,23,2020,4
A5076677493,Peter Pomerantsev,US,21,2021,4
A5048870995,Xiangfei Yuan,US,14,2022,3
A5078138660,Haijing Hao,US,157,2020,3
A5091729780,Chenghua Guan,CN,71,2018,35
A5011785735,Suma Bailis,US,14,2022,8
A5020881468,David Reitter,US,84,2017,8
A5090037466,Lara J. Martin,US,61,2016,8
A5023432210,Arjen Slangen,BE,13,2022,33
A5048373067,Mirko H. Benischke,NL,13,2022,33
A5023193716,Miles Tweed,US,13,2022,3
A5102802142,Yilun Xu,CN,13,2022,3
A5001420573,S. K. Ngang,AU,97,2002,4
A5039902797,Kenneth B. Russell,US,51,2002,3
A5046906377,Ramesh Vidyadharan,GB,50,2004,55
A5079235911,Rajive Mathew Jose,GB,50,2004,55
A5109103741,Matt Erdmann,US,50,2004,55
A5041024491,Mirella Lapata,GB,3205,2003,8
A5078530959,Trevor Cohn,AU,1081,2005,8
A5005186633,Marc André Bodet,CA,38,2009,17
A5110507935,Blake Andrew,CA,38,2009,17
A5081497118,Rony Kubat,US,35,2008,55
A5074890965,Yuan Cao,CN,31,2012,8
A5012738417,Mark J. Hurlstone,GB,304,2013,4
A5019675617,Jiepu Jiang,US,713,2011,26
A5067952043,Bettina von Helversen,DE,812,2008,4
A5003404885,Laur Hesse Fisher,US,39,2017,20
A5048592784,Patrick De Boer,CH,39,2017,20
A5066376112,W. Ben Towne,US,142,2012,20
A5103034633,Han Yue,CN,39,2017,20
A5043567153,Ting Qian,CN,39,2015,8
A5053822814,Aaron J. Masino,US,246,2015,8
A5113775732,Anne Cocos,BE,246,2015,8
A5080193434,Pantelis P. Analytis,DK,441,2013,0
A5036062820,Vivien Bainbridge,Unknown,25,2014,4
A5085552588,Helen Zhou,US,57,2015,55
A5049977598,Eran Amsalem,IL,88,2017,17
A5062737501,Barbara McGillivray,GB,25,2018,16
A5073565809,Yarrow Dunham,US,331,2008,11
A5019881858,Igor Filatotchev,GB,94,2016,33
A5013723114,Jean Pouget-Abadie,US,23,2019,55
A5057125041,Wei Duan,CN,23,2019,55
A5064552332,Guillaume Saint-Jacques,US,140,2019,55
A5100360743,Xu Yang,US,23,2019,55
A5067207373,Keri Facer,GB,18,2021,4
A5039205261,Mark Yatskar,US,2020,2010,8
A5084018235,Artemis Panagopoulou,US,34,2021,8
A5100425720,Li Zhang,CN,18,2021,8
A5100629307,Yue Yang,CN,18,2021,8
A5031909819,Samuel Khodursky,US,17,2021,16
A5109596738,Khairunnisa Ibrahim,BN,17,2021,16
A5001661838,Jenna Stearns,US,12,2022,20
A5003788628,Terence W O’Neill,US,392,1996,55
A5016562405,Heiner Raspe,DE,47,2002,55
A5018096937,Alan J. Silman,GB,84,1996,55
A5038261855,Chris Todd,GB,2287,2002,55
A5047692275,Mark Lunt,GB,355,2001,55
A5060210420,J. Reeve,GB,47,2002,55
A5075714274,Stephen R. Pye,GB,59,2002,55
A5102007305,Debjit Roy,IN,47,2002,3
A5059761735,Leo Roberts,AU,318,2006,4
A5081511841,Michael Fleischman,US,113,2003,55
A5022684050,Ruimin Ma,CN,60,2008,26
A5088688595,Junping Qiu,CN,189,2008,26
A5078971564,Wauter Bosma,NL,87,2007,10
A5039330391,Jacqueline Thomas,US,55,2009,4
A5065669407,Iolanthe Chronis,Unknown,31,2009,3
A5006789564,Fabio Pianesi,IT,27,2012,3
A5112008655,Bruno Lepri,IT,225,2009,3
A5058364793,Maya Orbach,Unknown,24,2014,3
A5085801082,Maegen Demko,Unknown,24,2014,3
A5088846460,Jeremy Doyle,Unknown,24,2014,3
A5002288369,Johan Bos,NL,603,1994,8
A5040564747,Malvina Nissim,NL,684,2004,8
A5076924886,Charley Beller,US,146,2014,8
A5022812952,Giulia Maria Dotti Sani,IT,23,2017,130
A5009948044,Daniel Rubenson,CA,215,2004,17
A5013295046,Ritu Maan,IN,22,2015,131
A5015767766,Harish Kumar Sharma,IN,22,2015,131
A5019531602,Amalendu Pal,IN,22,2015,131
A5012739121,Timothy D. Bowman,US,415,2014,26
A5024633742,Beibei Hu,CN,21,2015,26
A5075632700,Xianlei Dong,CN,37,2015,26
A5101894055,Ying Ding,US,853,1998,26
A5040706665,David S. Leslie,GB,337,2012,23
A5063092132,Kevin Lloyd,DE,184,2015,0
A5037903472,Saara Nolvi,FI,31,2020,4
A5043619898,Max Karukivi,FI,28,2020,4
A5008308402,Sneha Priscilla Makini,US,11,2022,55
A5037934112,James H. Gray,US,853,2015,55
A5111370337,Susan B. Fine,US,24,2017,55
A5038114092,Jessica J Rowsell,AU,11,2022,4
A5078641766,Paul McIlhiney,AU,11,2022,4
A5080105038,Hayley L Quekett,AU,11,2022,4
A5002940264,Jiajing Chen,US,11,2022,26
A5002364120,Mary Regina Boland,US,404,2011,26
A5017817734,Aditya Kashyap,Unknown,11,2022,26
A5000107760,Bruce Blumberg,US,515,1996,0
A5081457786,Pattie Maes,US,447,1994,0
A5061310976,Iain McLean,GB,284,1995,17
A5033386657,Xuelu Li,CN,45,2009,26
A5037819162,Dai Qiang-bin,CN,26,2009,26
A5010170517,Detlef Schoder,DE,943,2009,3
A5052038529,Daniel Oster,DE,68,2007,3
A5080107389,Ornit Raz,US,162,2007,3
A5006380706,Sanjay Sharma,IN,23,2010,131
A5080403771,Rahman O. Oloritun,IR,31,2013,3
A5050472952,Julia Zheng,US,18,2016,3
A5054642987,Yaniv Altshuler,US,180,2010,3
A5067958090,Nicolás Della Penna,US,124,2012,3
A5052090039,John R. Hibbing,US,18,2018,17
A5023263538,Patricia Palacios,AT,17,2020,9
A5053142361,Don Ross,IE,17,2020,9
A5084296874,Karoline Wiesner,DE,17,2020,9
A5090320835,Karim P. Y. Thébault,US,17,2020,9
A5112468935,Henry Farrell,US,99,2008,9
A5046432910,K.C. Juglan,IN,14,2021,131
A5059960051,Harsimaran Kaur,IN,14,2021,131
A5071459969,Nabaparna Chakraborty,IN,14,2021,131
A5100425448,Li Zhang,CN,849,2001,6
A5070014573,Melissa Davies,US,29,2005,4
A5103369004,Paul W. Smith,GB,27,1983,4
A5073559531,Éric Bélanger,CA,19,2012,17
A5017977139,Mohamed Daoudi,FR,622,2011,3
A5030948871,Rita Cucchiara,IT,99,2011,3
A5081506611,Alberto Del Bimbo,IT,722,2007,3
A5015169173,Letitia R. Naigles,US,48,2015,55
A5039951970,Iris Chin,US,48,2015,55
A5066047489,Matthew S. Goodwin,US,894,2008,52
A5011861720,Josh Cowls,GB,162,2014,16
A5067625837,Ralph Schroeder,GB,2700,2000,16
A5066932403,Brian Sweatt,US,17,2014,3
A5103196441,Daniel J.H. Greenwood,GB,17,2014,3
A5010862966,Sophie Melville,GB,15,2019,16
A5061359597,Kathryn Eccles,US,134,2011,16
A5050718476,Aina Garí Soler,FR,39,2019,8
A5003402328,John Ternovski,US,108,2019,5
A5080550894,Sandro Claudio Lera,CN,33,2016,10
A5041381906,Timothy J. Pleskac,US,1383,2008,4
A5049035119,Alice A. Kall,DE,14,2020,4
A5051534545,Bernt Schiele,DE,2226,2003,0
A5033497034,Jared B. Jobe,US,359,1993,4
A5061435242,John T. Behrens,US,30,1993,4
A5108785770,Douglas J. Herrmann,US,287,1993,4
A5113496002,Linda W. Pickle,US,170,1993,4
A5057432101,S. Sclaroff,US,53,2002,3
A5023819247,Sergio Lorenzo Jiménez Sáiz,ES,27,2004,3
A5073521746,Jonathan Gips,US,27,2004,3
A5113688232,Michael Sung,CN,27,2004,3
A5069305279,Thomas Apel,DE,45,2006,20
A5004980809,Nicholas Roy,US,631,2006,55
A5007086252,George Shaw,US,18,2010,55
A5073644080,Thomas Kollar,Unknown,213,2009,55
A5074819077,Michael Frank,Unknown,17,2010,55
A5088365278,Bill Washabaugh,US,16,2012,55
A5001214979,Francesca Pancotto,IT,15,2018,3
A5001933830,Marco Mamei,IT,477,2003,3
A5064709762,Franco Zambonelli,IT,928,2001,3
A5030338466,Michele Williams,US,73,2014,3
A5038037073,John S. Carroll,US,14,2015,3
A5028614951,Fiona Murray,US,952,2005,3
A5038209308,Daniel C. Fehder,US,70,2017,3
A5049267117,Angus MacMullen,Unknown,28,2017,3
A5037256572,Joachim Meyer,IL,126,2010,3
A5078505870,Patty Carney,US,14,2019,4
A5103494020,Max Wolf,DE,14,2019,4
A5100345810,Yu Li,CN,26,2016,76
A5100734823,Xin Li,CN,13,2016,76
A5019940753,Nina Lutz,GB,13,2016,3
A5028448943,Ira Winder,US,13,2016,3
A5034524266,Luis Alonso,US,150,2016,3
A5070949659,Alejandro Noriega,US,24,2016,3
A5100425725,Li Zhang,CN,372,2011,26
A5015346458,Sadhana Ravoori,US,12,2021,8
A5019725977,Monique A Sager,US,12,2021,8
A5028284958,Mila Tamminga,US,27,2020,8
A5059415539,Jules B. Lipoff,US,27,2020,8
A5101519226,Aditya Kashyap,IN,12,2021,8
A5050832932,Joongwon Kim,GB,12,2021,8
A5072753988,Mounica Maddela,US,258,2019,8
A5053818279,Sophie Chou,US,11,2021,55
A5044860153,Sebastian Steffen,US,63,2020,20
A5103036330,Xiupeng Wang,US,11,2021,20
A5113414416,Jin Wang,CN,1035,2006,20
A5044183000,George M. Wyner,US,29,1996,20
A5111458376,Kenji Mase,JP,79,1992,3
A5055405850,D'Urso Victoria,Unknown,20,2006,20
A5087961726,Wei Jiang,CN,17,2009,76
A5005327528,Erin Patricia Colreavy,AU,17,2008,4
A5082491596,Byung Gyu Ahn,US,15,2011,8
A5048651639,Hilke Reckman,NL,26,2010,55
A5089723214,John Canny,US,1887,2002,0
A5001462066,Anneli Hershman,US,13,2017,55
A5069020946,Claire Traweek,US,13,2017,55
A5006383803,Tian Hong,CN,24,2010,76
A5073898340,Jiuju Wang,CN,38,2014,76
A5051133978,Eva M. Krockow,GB,12,2020,4
A5075534027,Ryan Hamilton,GB,12,2020,4
A5108264915,G. Macheda,FR,12,2020,4
A5108689946,Celiné Pulcini,FR,86,2017,4
A5110280556,Nathalie Thilly,FR,86,2017,4
A5035366862,Victor DeBrunner,US,25,1996,4
A5101770454,Ali Rahimi,IR,79,2000,0
A5101793577,Yuri Ivanov,US,217,2000,3
A5003533501,J. Thomas Cunningham,US,23,1993,132
A5032181465,Leo P. Renaud,Unknown,23,1993,132
A5062339066,R. Nissen,CA,23,1993,132
A5111542169,Charles R. Yang,US,23,1993,132
A5014193631,Johannes Putzke,JP,199,2010,3
A5043683970,Casper Lassenius,FI,55,2010,3
A5086923749,Kai Fischbach,DE,1278,2007,3
A5058425659,Taha B. M. J. Ouarda,CA,11,2013,3
A5026188630,Daqing He,US,680,2007,26
A5045573446,Csilla Rudas,HU,11,2017,10
A5107174305,Olivér Surányi,HU,11,2017,10
A5020387316,Renato Frey,CH,1330,2014,4
A5054129544,Victor Amelkin,US,152,2017,20
A5015978876,Özge Dağdelen,TR,11,2019,3
A5054527135,William E. Hockley,CA,220,1987,4
A5098559569,M. Petrazzouli,Unknown,19,2002,3
A5098559570,A. Gerega,US,19,2002,3
A5066864733,Dinesh Babu Jayagopi,IN,544,2007,3
A5091384390,Tynan Smith,US,11,2010,55
A5091908982,Ron MacNeil,US,20,1999,3
A5014870940,John Williams,JP,18,1989,3
A5112139174,Robert I. Benjamin,CA,281,1986,20
A5112770320,JoAnne Yates,GB,41,1986,20
A5044103445,Joshua Juster,Unknown,15,2004,55
A5103080797,Evan Heit,GB,483,1999,0
A5039332796,Tarryn Wright,AU,12,2007,4
A5035628217,Jintae Lee,KR,203,1989,20
A5062440435,Martin A. Fischler,TZ,15,1983,3
A5084350844,James A. Levin,US,14,1983,20
A5108141218,Shuchen Li,CN,243,1995,4
A5109035905,Stuart K. Card,US,6134,1980,6
A5103373400,Bill Curtis,US,13,1987,20
A5005339370,Vijay Gurbaxani,US,22,1988,20
A5081335111,Ajit Kambil,US,11,1991,20
A5023812700,Eduardo G. Altmann,AU,217,2016,10
A5028293181,Jorge C. Leitão,DE,117,2016,10
A5037415556,José María Miotto,DE,117,2016,10
A5045187233,David Yan,US,96,2019,27
A5067768850,Harshvardhan Takawale,US,96,2019,27
A5109440792,Idan Amit,IL,96,2019,27
A5056524083,Pablo M. Flores,US,90,2017,1
A5077489191,Soledad Puente,CL,90,2017,1
A5113723277,Heting Chu,US,149,2002,26
A5059162717,Michael L. Falk,US,300,2013,133
A5071966488,Camilo Vieira,CO,339,2015,133
A5073844842,Michael Reese,US,286,2009,133
A5076133727,Alejandra J. Magana,US,413,2013,133
A5066147862,Jen‐Hao Chen,TW,144,2007,6
A5083629950,Kai‐Tai Song,TW,95,2018,6
A5102970956,Sijia Xiao,US,147,2017,6
A5056252154,Richard B. Felson,US,178,2008,33
A5073487056,Matthew VanEseltine,US,92,2008,33
A5089766786,Eric Silver,US,215,2004,33
A5030928094,Konstantina Bereta,GR,61,2013,134
A5075117735,Manolis Koubarakis,GR,61,2013,134
A5082283204,Panayiotis Smeros,CH,61,2013,134
A5067700873,Daniel P. Aldrich,MX,321,2017,6
A5108667835,Paige Maas,IL,56,2018,6
A5011047265,Joachim Scharloth,DE,48,2018,10
A5043043876,Laércio Dias,BR,59,2018,10
A5086243139,Katharina Kleinen‐von Königslöw,DE,226,2010,42
A5086981709,Mareike Wieland,DE,39,2020,42
A5047198701,Alexander J. Gates,US,744,2020,10
A5089836837,Ronald Levy,US,65,2009,133
A5017383502,Chen‐Nee Chuah,US,354,2009,9
A5101456958,Dhruv Gupta,IN,96,2009,9
A5103948595,Atif Nazir,PK,126,2009,9
A5108843322,Saqib Raza,PK,92,2009,9
A5110245986,Balachander Krishnamurthy,US,1015,2009,9
A5035084501,Jason C. Coronel,US,134,2012,37
A5072780271,Christopher N. Cascio,US,335,2013,6
A5089866395,Emily B. Falk,US,1197,2013,6
A5010484591,Ying Cheng,CN,295,2019,26
A5038204210,Kaile Gong,CN,154,2019,26
A5063831391,Jiang Li,CN,193,2016,26
A5075903708,Hyonchol Kang,CN,40,2019,26
A5108138005,Juan Xie,CN,231,2019,26
A5067319434,Robert A. Pape,US,49,2017,133
A5086873731,Keven Ruby,US,49,2017,133
A5003104343,David E. Warren,US,449,2011,37
A5005434848,Neal J. Cohen,US,944,1997,37
A5006526693,Kara D. Federmeier,US,123,2012,37
A5032688376,Brian D. Gonsalves,US,63,2010,37
A5038518255,Melissa C. Duff,US,1157,2005,37
A5061532777,Oluwatosin Alabi,US,26,2017,133
A5062728892,Sylvain Patinet,FR,26,2017,133
A5067961166,Yu-Hsien Chang,TW,22,2019,6
A5031555117,Konark Yadav,IN,36,2020,9
A5082214145,Sandeep Saini,IN,36,2020,9
A5083443354,Aashish Lamba,IN,36,2020,9
A5102310484,Ansh Gupta,IN,36,2020,9
A5102844884,Purnendu Karmakar,IN,36,2020,9
A5037090487,Anindya Roy,US,70,2015,133
A5030642272,Karanveer Singh Jhala,Unknown,19,2018,27
A5043757219,Mrunmayee Khare,US,19,2018,27
A5005786936,Weichung Wang,TW,20,2010,6
A5035478537,I‐Liang Chern,TW,20,2010,6
A5002775010,Shannon Poulsen,US,165,2017,37
A5040587017,Matthew Sweitzer,US,43,2018,37
A5056123523,Richard Shingles,US,79,2009,133
A5073550776,Ahmed Ibrahim,US,13,2020,133
A5110284746,Kelly Clark,US,13,2020,133
A5021255582,Yufeng Jane Tseng,TW,12,2021,6
A5007859692,Franck Pérot,FR,12,2016,52
A5026975494,Marc C. Jacob,FR,98,2007,52
A5035953647,Adrien Mann,US,12,2016,52
A5038648116,Julien Grilliat,DE,98,2007,52
A5061736638,Miles Colman,JP,12,2016,52
A5100786203,Minsuk Kim,KR,45,2014,52
A5101718357,Jingshu Wu,CN,12,2016,52
A5067819536,Jessica Cussins Newman,US,11,2020,27
A5004824138,Shih-yen Liu,US,129,2006,6
A5019085006,Pei-Yu Chi,US,195,2007,6
A5102146063,Hao-Hua Chu,TW,228,2006,6
A5082098814,Soonyoung Yun,KR,11,2014,52
A5009537716,Soon-Young Yun,CA,46,2010,52
A5100459311,Sungmin Kim,KR,11,2018,52
A5063775596,Susan Wilhite,US,772,2004,6
A5031715686,Samuel J. Gershman,US,12671,2009,0
A5086011020,Max Henrion,US,1256,1988,6
A5113872176,John S. Breese,US,6616,1988,6
A5034871000,Nicholas King,US,328,2023,6
A5050672320,Harsha Nori,US,328,2023,6
A5055093488,Dean Carignan,FI,328,2023,6
A5072140177,Scott Mayer McKinney,US,328,2023,6
A5017943074,Juan Antonio Carrasco,CL,1700,2006,2
A5075777371,Barry Wellman,CA,5417,1993,2
A5052918302,Gagan Bansal,US,930,2018,6
A5111367077,Alex Pentland,US,835,1996,3
A5034203180,Fabrizio Castellucci,IT,243,2013,12
A5037938374,Alessandro Piazza,US,666,2013,12
A5084043782,Russ B. Altman,US,447,2004,29
A5086753691,Nicholas P. Tatonetti,US,546,2013,26
A5023309764,Ahmed Medhat,US,194,2014,16
A5054422555,Ralph K. Straumann,GB,275,2014,16
A5086232209,Xindong Peng,CN,193,2016,44
A5101710557,Yong Yang,CN,238,2013,44
A5000711679,Gillian K. Hadfield,CA,224,2019,52
A5051619646,Thore Graepel,US,5343,2005,52
A5054425888,Allan Dafoe,GB,639,2014,52
A5062949033,Yoram Bachrach,US,2401,2008,52
A5105978897,Kate Larson,CA,577,2008,23
A5005003721,Francesco Valle,IT,258,2020,10
A5005219721,Pier Luigi Sacco,IT,317,2020,10
A5005655605,Nicola Castaldo,IT,271,2020,10
A5019170728,Manlio De Domenico,IT,3219,2013,10
A5047982506,Gianluca Esposito,IT,777,2004,3
A5081866454,Ilaria Cataldo,IT,212,2021,3
A5089242677,Michelle Jin Yee Neoh,SG,151,2021,3
A5023381858,Edward Cutrell,US,2576,2001,6
A5113495491,Ashutosh Garg,IN,346,2002,6
A5010827397,Harold P. Lehmann,US,1037,1990,6
A5016386034,David Heckerman,US,7352,1984,6
A5025124149,Blackford Middleton,US,1077,1990,6
A5028971011,Michael Shwe,US,394,1990,6
A5039985406,Gregory F. Cooper,US,526,1989,6
A5002107058,A. Garg,US,300,2003,6
A5103467788,Tessa Lau,US,681,1999,6
A5069875423,Eric J. Miller,CA,717,2006,2
A5001294898,C. Lee Giles,US,4514,1996,33
A5008597753,Adam Galper,US,245,1992,6
A5019251758,Paul Dagum,US,274,1992,6
A5063718835,Anabel Quan‐Haase,CA,5715,2001,2
A5049079205,Nadia Mana,IT,527,2006,3
A5030213540,Dan Bohus,US,472,2009,6
A5015580413,Mike Brzozowski,CA,194,2006,6
A5038410145,Dan Liebling,GB,960,2008,6
A5067748867,Michela Ferron,Unknown,171,2014,3
A5017357771,Pierre‐André Noël,US,376,2009,28
A5066096589,Vincent Marceau,CA,222,2010,28
A5111645495,Louis J. Dubé,CA,365,2009,28
A5023355608,Tim Paek,US,667,1999,6
A5101933711,Ashish Kapoor,IN,2573,2001,6
A5091139670,John Paparrizos,US,179,2016,6
A5065059558,Elisa Ricci,IT,3451,2013,3
A5073916921,Samuel Rota Bulò,US,1158,2014,3
A5082732256,Lorenzo Porzi,US,1081,2014,3
A5022328965,Mark Stafford‐Smith,US,262,2002,6
A5042816355,Mark Braverman,US,400,2008,6
A5044729998,Karen M. Mack,US,119,2014,6
A5110175910,George Ruiz,US,119,2014,6
A5111582086,Michael Gillam,US,227,2004,6
A5069030030,Carla P. Gomes,US,1500,1997,6
A5077705733,Yongshao Ruan,US,129,2013,6
A5105508446,Henry Kautz,US,3807,1988,6
A5108339374,Bart Selman,IE,2358,1988,6
A5111904945,David Maxwell Chickering,US,434,2000,6
A5007465102,Elia Bruni,FR,458,2012,3
A5019996096,Fabio Celli,IT,781,2010,3
A5015152188,Megan E. Schwamb,GB,108,2013,6
A5046272347,Arfon M. Smith,US,137,2013,6
A5059944566,Chris Lintott,GB,137,2013,6
A5100738419,Yiling Chen,US,1080,2009,5
A5046551525,Fabrizio Perretti,IT,137,2013,12
A5070327339,Danica Radovanović,DE,98,2015,2
A5101452326,Danijela Lalić,SI,98,2015,2
A5043559346,Sarah A. Soule,US,464,2012,12
A5100411901,Dan Wang,US,93,2018,12
A5036046552,David Sangokoya,US,122,2016,3
A5077821612,Eric Abrahamson,GB,2174,1993,30
A5016857497,John Krumm,US,2634,2000,6
A5081476701,Adam Sadilek,US,850,2012,6
A5028631384,Samuel Woolley,US,435,2016,6
A5035714052,Martin Riedl,US,255,2018,6
A5009899740,Yong Mi,CN,19,2023,44
A5034187026,Chuan Luo,CN,296,2016,44
A5038219098,Shi–Jinn Horng,TW,773,2016,44
A5070559820,Tianrui Li,CN,1575,2010,44
A5100358460,Hongmei Chen,CN,135,2019,44
A5027643795,M. A. Shwe,Unknown,161,1991,6
A5046384931,H. P. Lehmann,Unknown,161,1991,6
A5072574821,G. F. Cooper,Unknown,161,1991,6
A5007677473,Carl Kadie,US,6012,2000,6
A5047923710,Andy Jacobs,US,258,2002,6
A5053497867,Paul Koch,DE,1451,2002,12
A5034851126,Brynn M. Evans,US,364,2008,6
A5054775817,Peter Pirolli,US,4537,1993,6
A5026794270,Johnson Apacible,US,197,2012,6
A5047430406,Lin Liao,CN,1416,2003,6
A5056204400,Raman Sarin,US,164,2012,6
A5050568895,Marc-Allen Cartright,US,96,2011,6
A5023735760,Ligia Batrinca,IT,179,2011,3
A5025043096,Victoria White,AU,377,2009,2
A5032956652,Yael Parag,IL,1334,2013,2
A5058170327,Jo Hamilton,GB,194,2013,2
A5008572017,Frederik Nagel,DE,624,2007,19
A5017590098,Eckart Altenmüller,DE,826,2007,19
A5028165426,Mary Elizabeth Sutherland,CL,167,2010,19
A5064556273,Hauke Egermann,GB,600,2009,19
A5076217054,Reinhard Kopiez,DE,797,2007,19
A5081448973,Oliver Grewe,DE,743,2007,19
A5089971631,Ramanathan Subramanian,AU,1350,2010,3
A5044158201,Brandon Brooks,US,266,2011,6
A5069565228,Julien Jourdan,FR,76,2017,12
A5058684689,Mason A. Porter,US,6390,2005,5
A5061287527,Marc Barthélemy,FR,4948,2000,14
A5090570042,Jeffrey Heer,US,3636,2001,6
A5086068043,Robert Mankoff,Unknown,64,2015,6
A5100704962,Yanyan Xu,CN,222,2018,3
A5061528283,Deng Cai,CN,590,2005,3
A5066621495,Xavier Alameda-Pineda,FR,763,2016,3
A5100375513,Yahui Liu,CN,112,2020,3
A5101425369,Huayang Li,CN,142,2020,3
A5014375099,Vincent Thibeault,CA,53,2021,28
A5048932707,Guillaume St-Onge,US,56,2021,28
A5078010312,Sahil Singla,US,155,2015,12
A5101671828,Shital Shah,US,78,2020,6
A5012242942,Annabel Ngien,SG,34,2022,2
A5046393353,Patrick Bergemann,US,45,2022,12
A5068890040,Wesley Helms,CA,31,2022,12
A5087710258,Curtis P. Langlotz,US,886,1986,12
A5014792235,Christopher H. Lin,US,414,2012,6
A5060819264,Raphael Hoffmann,US,74,2012,6
A5088048673,Mitchell Koch,US,63,2012,6
A5108370903,Daniel S. Weld,US,568,2009,6
A5019716296,Krysta M. Svore,US,546,2011,6
A5029708595,Kira Radinsky,IL,538,2011,6
A5054305839,Alex Bocharov,NO,432,2013,6
A5088114671,Milad Shokouhi,GB,628,2012,6
A5033002082,Chit Wei Saw,US,55,2014,6
A5002068528,Antonia Clifford,US,176,2017,2
A5005321097,Bálint Néray,US,87,2018,2
A5029001823,Elizabeth A. McConnell,US,426,2016,2
A5080203621,Aaron K. Korpak,US,194,2017,2
A5033671063,Marco Cristani,IT,728,2010,3
A5059441112,Luca Polonio,IT,74,2013,3
A5085430564,Cristina Segalin,US,367,2012,3
A5058412746,Jamie M. Zeitzer,US,64,2017,6
A5013000439,Jack LaViolette,US,51,2019,2
A5007282049,John V. Guttag,US,236,2010,26
A5055037967,Jenna Wiens,US,183,2010,26
A5111699918,P. Murali Doraiswamy,US,78,2018,52
A5000533982,Ryan Hyon,US,136,2019,5
A5021907138,Carolyn Parkinson,US,180,2019,5
A5028191957,Junsol Kim,KR,59,2020,5
A5047792973,Seyul Kwak,KR,174,2017,5
A5071010612,Jeanyung Chey,KR,341,2017,5
A5007360737,Bin Wu,CN,177,2009,20
A5014341263,Wendong Wei,CN,1291,2016,20
A5019993927,Xibo Wang,CN,125,2016,20
A5058451699,Jianping Ge,CN,170,2016,20
A5073217691,Jiashuo Li,CN,466,2016,20
A5100350849,Mingjie Zhang,CN,233,2005,20
A5110900207,Mingtao Yao,CN,450,2017,20
A5090224416,Chau Tong,US,152,2019,1
A5005941967,Matteo Girolamo Puttilli,IT,70,2020,135
A5041505286,Mirella Loda,IT,70,2020,135
A5068201653,Sara Bonati,IT,67,2017,135
A5072697599,Jeff T. Sheng,US,39,2020,6
A5024183744,Enver Sangineto,IT,1388,2013,3
A5066359113,Haoxian Zhang,CN,79,2021,3
A5079937813,Linchao Bao,CN,191,2019,3
A5100392006,Wei Wang,CN,119,2018,3
A5100632601,Yajing Chen,CN,149,2019,3
A5072651383,Jina Suh,US,373,2016,6
A5008862185,Federico Pilati,IT,11,2023,10
A5010117081,M. Tartari,IT,11,2023,10
A5071024446,Antoine Houssard,FR,11,2023,10
A5080480199,P. L. Sacco,IT,11,2023,10
A5025028660,Tom Hope,IL,327,2006,6
A5110184338,Oren Etzioni,US,3960,1989,8
A5012283119,Martha Bailey,US,151,2020,20
A5033884286,Jared S. Murray,US,117,2022,20
A5072367353,A. R. Shariq Mohammed,US,11,2023,20
A5088350577,Alexa Prettyman,US,11,2023,20
A5108304105,Peter Z. Lin,US,11,2023,20
A5111026819,Paul Mohnen,US,11,2023,20
A5010621134,Patrick Baudisch,DE,708,1999,6
A5026111024,Dugald Ralph Hutchings,US,86,2004,6
A5035158211,Daniel Robbins,GB,525,2002,6
A5064561288,Brian Meyers,US,2781,2000,6
A5110121255,George Robertson,US,770,2002,6
A5034329641,Brian P. Bailey,US,1608,2004,6
A5108388457,Yun‐Cheng Ju,US,152,2008,6
A5043903842,Sandro Rambaldi,IT,97,2001,10
A5058670333,Armando Bazzani,IT,1891,2001,10
A5030862748,Enrico Forti,US,67,2013,136
A5078950240,Maurizio Sobrero,IT,49,2013,136
A5079032466,Chiara Franzoni,IT,49,2013,136
A5000640231,Gloria Zen,IT,193,2013,3
A5039092283,Michele Caraviello,IT,46,2016,3
A5081479937,Nikhil Naik,IN,1646,2014,3
A5084477147,Stefan Dragicevic,IT,46,2016,3
A5085176949,Radu L. Vieriu,IT,496,2013,3
A5015996266,Danai Koutra,US,1464,2014,12
A5104083995,Paul N. Bennett,US,358,2008,6
A5082861306,Shampa Chakraverty,IN,49,2018,30
A5052569169,Yi‐Hsuan Lin,CA,29,2021,20
A5053481856,Hue Sun Chan,CA,29,2021,20
A5059978010,Bowen Jia,HK,29,2021,20
A5107837124,Haowei Wu,CN,29,2021,20
A5022054335,Laura K. Nelson,CA,38,2021,6
A5075518230,Kathrin Zippel,DE,52,2018,29
A5032452724,Kentaro Toyama,US,1924,1999,6
A5102869952,Paul N. Bennett,AU,1891,2003,6
A5001957696,Wenyu Wen,CN,62,2005,20
A5022523014,Jing Yan,DE,62,2005,20
A5026325424,Marvin E. Adams,US,62,2005,20
A5084449686,Weiguang Xu,CN,62,2005,20
A5089537299,Jiafu Long,CN,62,2005,20
A5109851156,Stanley C. Froehner,US,62,2005,20
A5001826570,Chiara Leonardi,IT,290,2007,3
A5023653132,Vera Falcon,IT,70,2006,3
A5090016322,Elena Not,IT,512,1998,3
A5009011943,Carol L. Krumhansl,AT,215,2007,19
A5059390840,Michael J. Hove,US,215,2007,19
A5088564608,Diana MacLean,US,394,2011,6
A5091765070,Manolis Savva,CA,2375,2012,12
A5051143813,Rana el Kaliouby,US,1039,2006,52
A5075508013,Philip R. Cohen,US,48,2001,6
A5075713144,Steve Whittaker,US,2883,1994,6
A5081602781,Adam Cheyer,US,35,2016,6
A5034057987,Antonio Lima,BR,908,2013,24
A5061606325,Ângelo Cardoso,GB,34,2019,3
A5064749355,Marissa Radensky,US,29,2022,6
A5003274400,Eugenia Polizzi di Sorrentino,IT,31,2018,10
A5012734631,Piergiorgio Castioni,IT,16,2022,10
A5004970789,Anna Jafarpour,US,16,2022,8
A5033846851,Hamid Palangi,US,744,2014,8
A5035343276,Tejas Gokhale,US,48,2021,6
A5045147286,Vibhav Vineet,GB,16,2022,6
A5083735830,Chitta Baral,US,867,1991,6
A5102031937,Yezhou Yang,US,16,2022,6
A5026022014,Paul Chippendale,IT,90,2007,3
A5032052125,Piergiorgio Svaizer,IT,72,2007,3
A5042522883,Howard T. Welser,US,1251,2005,6
A5042931992,Scott Titsworth,US,38,2011,2
A5033010304,Alberto Pepe,DE,1329,2008,14
A5072659160,Marco Guerini,IT,519,2007,3
A5106500038,Aamena Alshamsi,AE,70,2014,23
A5061025828,Yu Zhou,CN,1937,2007,87
A5020836845,Yuval Peres,Unknown,630,1995,12
A5047720470,Eyal Lubetzky,FR,258,2009,12
A5082061504,Yossi Azar,IL,1337,1992,12
A5024538989,Easton R. White,US,131,2019,18
A5002603522,Jonathan Borchardt,US,64,2020,6
A5074777044,Kishore Vasan,US,169,2020,6
A5034305203,Aida Amini,US,126,2019,8
A5037862554,David Wadden,US,97,2019,8
A5041381652,Sravanthi Parasa,US,21,2021,8
A5082305994,Hannaneh Hajishirzi,US,1748,2016,8
A5000376962,Brian J. McGill,US,14,2022,28
A5004866624,Matthew P. Dube,US,14,2022,28
A5019243359,Timothy M. Waring,US,715,2005,11
A5026014882,Laura Kati Corlew,US,14,2022,28
A5034522859,Stephanie Miller,US,14,2022,28
A5085232359,Nicholas J. Gotelli,US,226,2011,28
A5029167482,Stefano Morelli,BA,126,2015,135
A5032653873,Veronica Pazzi,IT,126,2015,135
A5077451150,Olga Nardini,IT,14,2022,135
A5042624882,Valeria d’Andrea,IT,48,2021,10
A5046227570,Ella Mathews,US,32,2011,6
A5082358091,Myra Marx Ferree,US,46,1976,29
A5011274467,Jian Yao,CN,20,2020,3
A5037174789,Damon J. Phillips,US,60,2015,12
A5033535181,Mihai Jalobeanu,US,18,2021,6
A5042733960,Anne Loomis Thompson,US,106,2018,6
A5045077821,Patrick Sweeney,US,18,2021,6
A5046759613,Nick Saw,GB,18,2021,6
A5055510458,Ashley Feniello,GB,18,2021,6
A5062062451,Sean Andrist,US,1177,2012,30
A5048798117,Jed Lengyel,US,142,1997,6
A5008874281,Tomáš Paus,CA,2673,2001,19
A5027784707,Pierre‐Yves Hervé,FR,40,2011,19
A5036870991,Caroline Witton,GB,24,2012,19
A5062262344,Kate E. Watkins,US,943,2003,19
A5064996737,Robert J. Zatorre,CA,2551,1998,19
A5076737365,G. Bruce Pike,CA,3243,1998,19
A5081313129,Gabriel Leonard,CA,1433,1995,19
A5109066755,Trinh Minh Tri,CH,262,2011,3
A5112573274,Steve Lawrence,US,2662,1996,33
A5029908055,Maxime Lenormand,FR,1232,2014,14
A5054960661,Aleix Bassolas,ES,327,2016,14
A5073969102,Fabio Lamanna,ES,84,2018,14
A5029144357,Ramya Ramakrishnan,US,116,2015,6
A5044369720,Julie Shah,US,184,2015,6
A5103717145,Debadeepta Dey,NO,232,2017,6
A5052915962,Kenny Ching,US,18,2020,136
A5103199563,Evan Rawley,US,18,2020,136
A5043828179,Amanda L. L. Cullen,US,11,2022,6
A5057347072,Xuehua Shen,US,33,2005,6
A5041706388,Kamal Jain,IN,1201,2003,12
A5028989611,Jiangang Yang,CN,52,2016,20
A5043336817,Wanjun Xu,CN,52,2016,20
A5067000266,Yalei Xia,CN,20,2017,20
A5049544264,U. Narayan Bhat,US,293,2014,10
A5090708727,Adam F. A. Pellegrini,GB,126,2017,18
A5016187675,Alex Bowyer,GB,42,2016,6
A5024303852,Kobi Gal,GB,810,2009,6
A5089712688,Avi Segal,IL,172,2015,6
A5107212020,Grant Miller,GB,69,2016,6
A5044125727,Karen Lucas,GB,262,2015,2
A5061969074,Ruth Mayne,GB,100,2014,2
A5101820638,Jelena Grujić,RS,358,2012,10
A5058230910,Joe J. Gladstone,US,403,2016,30
A5069561569,Natkamon Tovanich,FR,14,2021,3
A5088652739,Nacéra Bennacer Seghouani,Unknown,14,2021,3
A5005778457,Katie McLaughlin,US,14,2021,28
A5027682832,Amanda Casari,US,14,2021,28
A5078442658,Milo Z. Trujillo,US,52,2020,17
A5108131775,Bongshin Lee,KR,570,2011,6
A5027224308,Shlomo Zilberstein,US,395,1992,0
A5103546753,Ramaswamy Hariharan,US,48,2005,64
A5067008062,Lawrence M. Fagan,US,316,1984,6
A5110349197,Bharat N. Nathwani,US,44,1984,6
A5078150431,Ashish Kapoor,IN,20,2010,6
A5051587086,Deborah Estrin,US,7183,2001,6
A5074346094,Elizabeth D. Mynatt,US,1845,1994,6
A5088317099,Ida Sim,US,1096,1998,6
A5088509061,Isaac S. Kohane,US,1784,1998,14
A5103516570,Susan L. Graham,CA,68,2007,6
A5076160972,Oya Aran,US,761,2010,3
A5058482884,Edith Law,CA,504,2011,6
A5023213500,Paul Bennett,GB,18,2014,12
A5101862316,Andrey Kolobov,US,184,2009,6
A5048225486,Rémi Louf,Unknown,789,2013,14
A5062266428,J. M. Luck,FR,40,2010,14
A5002469541,Ankit Anand,IN,15,2020,3
A5061040734,Luckyson Khaidem,US,15,2020,3
A5101402840,Fan Yang,CN,117,2017,3
A5032467032,Giulia Bertagnolli,IT,13,2021,10
A5028026531,Sanaa Mansoor,US,24,2021,6
A5044961635,Minkyung Baek,KR,24,2021,6
A5113775256,Umesh Madan,US,13,2021,6
A5037134358,Jia Nee Foo,SG,12,2021,3
A5054893699,Moses Tandiono,SG,12,2021,3
A5065144500,Giulio Gabrieli,SG,222,2019,3
A5066841265,Alessandro Carollo,IT,178,2021,3
A5083811312,Andrea Bonassi,IT,82,2020,3
A5030006054,Paul Gorman,US,698,2001,6
A5043868130,Lauren Wilcox,US,1031,2011,6
A5053659770,Rupa Patel,US,136,2012,6
A5064800403,Wanda Pratt,US,3959,1999,6
A5071781938,Anthony L. Back,US,133,2013,6
A5053856860,Björn Hartman,US,16,2013,6
A5049224704,Jakob Dogan,SE,15,2014,20
A5055594653,Jonas N. N. Eildal,DK,15,2014,20
A5059275377,Anders Bach,DK,15,2014,20
A5060992391,Kristian Strømgaard,DK,15,2014,20
A5066198767,Per Jemth,SE,15,2014,20
A5100357218,Fei Ye,CN,15,2014,20
A5013834379,Pushmeet Kohli,GB,3679,2010,52
A5027711113,Adish Singla,DE,1434,2009,9
A5070631081,Andreas Krause,GB,63,2014,9
A5020767969,Weihua Su,US,827,2011,44
A5068920468,Chonghui Zhang,CN,601,2013,44
A5101978937,Shouzhen Zeng,CN,877,2011,44
A5005609029,Ayush Garg,US,15,2018,30
A5074475302,Devendra K. Tayal,IN,15,2018,30
A5101971141,Divyanshu Sharma,IN,15,2018,30
A5044350536,Guizhou Wu,CN,30,2019,20
A5100334116,Fucheng Guo,CN,30,2019,20
A5001481378,Marius Pesavento,DE,273,2016,20
A5054606088,Daniel P. Palomar,HK,127,2013,20
A5100733872,Yang Yang,CN,273,2016,20
A5001117119,Hirokazu Doi,JP,397,2009,3
A5012784204,Tommaso Ghilardi,GB,12,2021,3
A5038431397,Jessica L. Borelli,US,40,2018,3
A5062723487,Anna Truzzi,JP,28,2019,3
A5103165279,Kazuyuki Shinohara,JP,442,2009,3
A5008001523,Xuetao Zhao,CN,11,2021,20
A5009427324,Fang Jia,CN,11,2021,20
A5100356147,Yang Liu,CN,11,2021,20
A5103478170,Adam Seiver,US,27,1997,6
A5011763169,Alberto Rossi,IT,13,2017,8
A5056376686,Alessandro Moschitti,US,3270,2005,8
A5007638901,Jee‐Seon Shim,KR,85,2015,5
A5025142840,Kyungmee Park,KR,12,2020,5
A5027767897,Sungjong Park,KR,12,2020,5
A5040821848,Eun Lee,KR,65,2016,5
A5080433925,Hyeon Chang Kim,KR,231,2013,5
A5083548584,C. E. Meek,CA,42,1997,6
A5024221362,Justin Gatewood,US,13,2011,6
A5102771133,Dan Morris,US,542,2007,6
A5045317354,Guy J. Golan,US,25,2017,1
A5031163192,Dante R. Chialvo,AR,2340,1995,10
A5013456680,Marco Tononi,IT,11,2017,135
A5073157795,Antonella Pietta,IT,11,2017,135
A5029479000,Ran Gao,CN,48,2016,20
A5089846052,Zhi‐mei Qi,CN,48,2016,20
A5100737350,Danfeng Lu,CN,48,2016,20
A5029783497,Juan Carlos De Martin,IT,111,2017,3
A5047965231,Antonio Vetrò,IT,111,2017,3
A5051872004,Elena Beretta,NL,33,2019,3
A5101549114,Yue Sun,MO,11,2017,44
A5090791372,Eric K. Ringger,US,517,2000,6
A5110759892,Pradeep Shenoy,US,562,2000,6
A5044014931,Conor Hayes,IE,244,2010,27
A5071422010,Jeffrey Chan,AU,1164,2010,27
A5076014464,Christopher Leckie,AU,820,2011,27
A5101609697,James Bailey,AU,1324,2009,27
A5105460272,Andrey Kan,CH,32,2011,27
A5010157704,Danyel Fisher,AU,1691,2005,6
A5021299474,Adrian Klein,DE,19,1995,6
A5088535847,Kim Leng Poh,SG,18,1994,6
A5091581998,Michael Fehling,DE,18,1994,6
A5009831760,Edward A. Lee,US,4332,1959,114
A5059798672,David G. Messerschmitt,US,1856,1987,114
A5008043508,G.C. Sih,US,1008,1990,114
A5042580769,Simon Parsons,GB,3733,1996,23
A5065527041,Sarvapali D. Ramchurn,GB,4369,2003,23
A5075562557,Peter McBurney,GB,3221,2000,23
A5086292276,Liz Sonenberg,AU,1231,2002,23
A5019186384,Guillermo Ricardo Simari,AR,1131,2004,23
A5034956621,Dmitry Davidov,RU,874,2008,8
A5038467328,Ari Rappoport,IL,1334,2007,8
A5014566913,Dan Merget,US,1174,2006,6
A5078448852,Nick Yee,GB,7772,2005,6
A5070934142,Abdelhalim Hiassat,CA,285,2016,23
A5075722271,Ali Diabat,US,285,2016,23
A5012700152,Franziska Keller,HK,329,2019,1
A5015171883,JungHwan Yang,US,847,2012,1
A5086645719,David Schoch,DE,396,2017,1
A5011791808,William S. Agnew,US,178,2022,12
A5038758207,Abeba Birhane,IE,342,2021,12
A5050311558,Michelle Bao,US,178,2022,12
A5065366021,Ravit Dotan,US,212,2020,12
A5055129683,Neeti Pokhriyal,US,205,2016,0
A5081003521,Damien Jacques,BE,169,2017,0
A5011436609,Nora Kirkizh,DE,135,2020,16
A5076298922,Caterina Froio,FR,276,2018,16
A5000465232,Simon Munzert,DE,336,2020,17
A5077590992,Nils Köbis,DE,311,2017,23
A5030296019,Martin Usoh,GB,3266,1993,16
A5050086811,Amela Sadagić,US,484,2000,16
A5073802250,Mel Slater,ES,6070,1993,16
A5005342121,McGinnis,GB,307,2006,23
A5021663592,Sanjay Modgil,GB,626,2004,23
A5031935884,Carlos Iván Chesñevar,AR,1116,2000,23
A5033527598,Gerard A. W. Vreeswijk,NL,362,2006,23
A5044677118,Matthew South,GB,307,2006,23
A5073692224,Chris Reed,GB,915,2001,23
A5112046034,Steven Willmott,ES,328,2006,23
A5040748336,Jenny Fry,GB,310,2007,16
A5028742001,Fatimah Ishowo-Oloko,AE,125,2019,23
A5059420501,Jacob W. Crandall,US,156,2015,23
A5077017350,Zakariyah Soroye,AE,125,2019,23
A5056449142,Patricia Derler,US,221,2013,114
A5065527926,Martin Törngren,SE,116,2013,114
A5080042319,Stavros Tripakis,US,208,2010,114
A5015101188,Snehalkumar S. Gaikwad,US,134,2017,23
A5040419676,Ritesh Noothigattu,US,184,2017,23
A5041089506,Ariel D. Procaccia,US,1411,2008,23
A5053209283,Pradeep Ravikumar,US,366,2006,23
A5087319858,Linnet Taylor,NL,261,2014,16
A5024860324,Leslie K. John,US,2649,2008,37
A5036881546,Grant E. Donnelly,US,104,2018,37
A5045940387,Laura Y. Zatz,US,104,2018,37
A5056889621,Dan Svirsky,US,201,2015,37
A5102926725,Benjamin Edelman,FI,108,2014,10
A5047121097,Leticia Bode,US,3983,2012,1
A5077293116,Alexander Hanna,US,120,2015,1
A5060936581,Christopher Starke,NL,307,2017,23
A5024220409,Ryszard Kowalczyk,AU,166,2002,23
A5025836137,Ha Hai Pham,AU,142,2002,23
A5008577882,Woohyun Yoo,KR,242,2010,1
A5101464855,Eunji Cho,US,111,2012,1
A5069422437,Matthew Barnidge,US,269,2014,1
A5019908505,Moshe Koppel,IL,1086,2005,8
A5019424497,Marten Lohstroh,US,109,2017,114
A5030996651,Fabio Cremona,IE,75,2017,114
A5073873489,David Broman,SE,156,2017,114
A5088736671,Michael Masin,IL,75,2017,114
A5046491870,Ilge Akkaya,US,71,2016,114
A5080329770,Shuhei Emoto,JP,71,2016,114
A5110607602,Martijn Poel,NL,65,2018,16
A5026381439,Adi Littman,US,47,2021,8
A5100454188,Jie Liu,CN,137,2003,114
A5015381412,Sherief Abdallah,SA,128,2010,23
A5041293065,Iqbal Madakkatel,AU,76,2010,23
A5113634839,Ruqiyabi Naz Awan,AE,76,2010,23
A5044706022,Justin H. Gross,US,227,2013,8
A5058128785,Amber E. Boydstun,US,770,2001,8
A5008696470,Erik P. Bucy,US,452,1999,1
A5015885315,Jon Pevehouse,US,452,2007,1
A5025427553,Jack Van Thomme,US,56,2016,1
A5071232564,David Lassen,US,155,2016,1
A5082129834,Kristen E. Bialik,US,73,2016,1
A5074784948,Pu Yan,CN,70,2019,16
A5019882467,Andy Smith,US,94,2001,16
A5037555862,Avon Huxor,GB,94,2001,16
A5014723829,Noel Heather,GB,75,2006,16
A5025118144,Raymond M. Lee,US,477,2006,16
A5057765662,Bita Banihashemi,US,73,2008,23
A5085011444,Douglas Walton,CA,267,2003,23
A5012986860,Rich Ling,SG,938,2008,6
A5031470842,Lisa Kaati,SE,98,2018,16
A5073050680,Johan Fernquist,SE,98,2018,16
A5071447827,Anthony Steed,GB,3972,1994,16
A5004265472,Ignacio Serna,ES,199,2019,23
A5068081385,Julián Fiérrez,ES,1731,2018,23
A5083125799,Aythami Morales,ES,1731,2018,23
A5044511705,Eunsuk Kang,US,81,2017,114
A5069501250,Hokeun Kim,US,121,2017,114
A5030115692,Jerónimo Castrillón,DE,34,2020,114
A5032980399,Inigo Incer,US,34,2020,114
A5045703198,Andrés Goens,NL,34,2020,114
A5088660554,Alberto Sangiovanni‐Vincentelli,US,704,2002,114
A5005560875,María Leonor Pacheco,US,58,2020,8
A5032121234,Dan Goldwasser,US,1001,2007,8
A5022477886,Ben Sayre,US,40,2014,1
A5069927794,Frank Dignum,SE,860,2002,23
A5060593123,John A. Hall,CA,66,2006,16
A5011402823,Jolanda G. Tromp,VN,241,2003,16
A5035869930,Ilona Heldal,NO,235,2002,16
A5061136366,Nishan C. Karunatillake,GB,136,2005,23
A5029105431,Fernando Tohmé,AR,124,2008,23
A5100612833,Michael Zhang,US,280,2017,10
A5005007914,Wan-Teh Chang,US,60,1997,114
A5014827775,Stephen Neuendorffer,US,55,2005,114
A5100412721,Xiaojun Liu,CN,48,2008,114
A5019279529,Ronald Ashri,GB,55,2005,23
A5069481846,G. Flucke,GB,1907,1998,23
A5008387768,Ramon Hollands,NL,78,2007,23
A5022966906,Philippe Pasquier,CA,184,2006,23
A5001176231,Attila-Péter Tóth,GB,45,2013,23
A5030303835,Abdulfatai Popoola,NG,33,2013,23
A5037526935,Patrick Meier,CH,984,2013,14
A5043267585,Dmytro Krasnoshtan,Unknown,59,2013,23
A5020896290,Qi Zhu,US,318,2007,114
A5020920533,Roberto Passerone,IT,202,2002,114
A5067636168,Pierluigi Nuzzo,US,144,2014,114
A5090819280,Liangpeng Guo,US,47,2013,114
A5063501905,Richard Booth,GB,56,2012,23
A5086688018,Nicolas Stefanovitch,IT,88,2014,23
A5022970868,Shamik Roy,US,81,2020,8
A5016020782,Deniz Gezerli,DE,13,2022,23
A5022054063,Thomas Müller,DE,38,2018,23
A5061514105,Levin Brinkmann,DE,13,2022,23
A5079515903,Kira von Kleist,DE,13,2022,23
A5044871502,Sarah K. Dreier,US,28,2021,8
A5087940327,EMILY GADE,US,28,2021,8
A5038036261,Shuvra S. Bhattacharyya,US,111,1993,114
A5011454843,E.E. Goei,US,47,1990,114
A5037437960,Phil Lapsley,GB,47,1990,114
A5039672713,M.P. O'Reilly,US,47,1990,114
A5042421076,Wu‐Hsun Ho,TW,47,1990,114
A5111987327,Jeff Bier,US,47,1990,114
A5007784849,Ann-Sofie Axelsson,SE,203,2002,16
A5068170110,Matthijs den Besten,FR,73,2008,16
A5044171245,Anthony Lee,US,250,1959,114
A5003264021,Kshitij Tayal,US,24,2016,0
A5020354604,Venu Govindaraju,US,123,2011,0
A5022590472,Ifeoma Nwogu,US,120,2008,0
A5101816744,Anupam Das,US,22,2020,16
A5031322803,Christopher Hylands,US,46,1998,114
A5031962394,Adam Cataldo,US,46,1998,114
A5100412715,Xiaojun Liu,CN,46,1998,114
A5100454132,Jie Liu,CN,46,1998,114
A5108188004,Steve Neuendorffer,US,46,1998,114
A5112475442,Haiyang Zheng,CN,46,1998,114
A5010019244,Ken Goldberg,US,204,2002,114
A5034914468,John Craig,GB,42,2003,114
A5045399982,K. F. Böhringer,US,181,2002,114
A5108519908,G. Smith,US,42,2003,114
A5020477615,Eleftherios Matsikoudis,US,50,2006,114
A5100412713,Xiaojun Liu,CN,76,2001,114
A5036570838,Ming‐Yuan Chih,US,204,2012,1
A5049969740,Kang Namkoong,US,383,2010,1
A5079709784,Bryan McLaughlin,US,52,2012,1
A5111723443,Min-Woo Kwon,US,27,2012,1
A5003533087,Mikołaj Podlaszewski,LU,71,2012,23
A5009023649,Martin Caminada,GB,71,2012,23
A5000145156,Gil Lederman,US,42,2018,114
A5072217103,Markus N. Rabe,US,42,2018,114
A5029563909,Tal August,US,84,2018,6
A5060931546,Gary Hsieh,US,713,2005,6
A5016498717,Pinar Yanardag,US,15,2021,23
A5102159310,He Liu,US,39,2001,114
A5006869810,Patti Giuffre,US,37,2001,60
A5008628155,Larry Fortier,US,58,2001,60
A5072281431,Lisa Oswald,DE,37,2001,60
A5078801213,Maureen Murdoch,US,155,2001,60
A5082662444,Nancy R. Kressin,US,75,1998,60
A5032309797,Åsa Abelin,SE,36,2003,16
A5041873269,Sophia Bengtsson,SE,32,2005,16
A5056016326,Maria Spante,SE,124,2003,16
A5075818291,Marja Partanen,SE,32,2005,16
A5008694561,Thomas A. Manteuffel,US,976,1994,114
A5034617674,Jeffrey J. Heys,US,80,2007,114
A5047719926,J. Ruge,US,895,1988,114
A5111718934,Steve McCormick,US,763,1988,114
A5004220968,Michael Rovatsos,GB,25,2010,23
A5052964303,Alexandros Belesiotis,GR,25,2010,23
A5033734187,Niels Brügger,US,16,2020,16
A5074535221,Alexander Nilsson,SE,35,2002,16
A5109188615,Ea Sonenberg,AU,191,2002,23
A5021120027,Franz Barjak,CH,151,2006,26
A5101753925,Simon Robinson,DE,58,2008,26
A5027970792,Sharath Sriram,AU,74,1997,114
A5040150415,Pravin Varaiya,US,222,1999,114
A5004387717,Timothy J. Norman,GB,1717,1996,23
A5007837572,Josef Wideström,SE,37,2005,16
A5062773086,Budhitama Subagdja,SG,33,2006,23
A5000925369,Nicolas Maudet,FR,760,2000,23
A5014486750,Dai Bui,US,17,2010,114
A5066123387,Bert Rodiers,US,17,2010,114
A5111537461,Jeff C. Jensen,US,15,2013,114
A5062041554,Ulrike Deetjen,DE,34,2015,16
A5025509228,Jakob Mökander,GB,11,2021,16
A5013735333,Jia Zou,US,25,2010,114
A5091642501,Slobodan Matic,US,13,2012,114
A5013879943,Zakariyah Shoroye,Unknown,12,2015,23
A5022473839,Vahan Babushkin,AE,32,2015,23
A5052775086,Maryam Almehrezi,Unknown,12,2015,23
A5058724999,Pai-Ju Chang,US,12,2015,23
A5046820497,Omar Zambrano,US,12,2020,0
A5060046369,Hugo Hernández,Unknown,12,2020,0
A5111876342,Jennifer Linares,US,12,2020,0
A5024306363,Roni Mateless,IL,12,2020,8
A5048791149,Robert Moskovitch,IL,148,2015,26
A5069264476,I‐Te Lee,TW,92,2017,8
A5100454174,Jie Liu,CN,97,2002,49
A5100412709,Xiaojun Liu,CN,20,2005,114
A5064598470,Bilung Lee,US,20,2000,114
A5004699426,Richard Swedberg,US,20,2002,16
A5068735919,Thomas Juan,AU,13,2006,23
A5079262002,Leon Sterling,AU,13,2006,23
A5035187316,T.M. Parks,US,16,2002,114
A5034829413,Khalil Sima’an,NL,13,2004,8
A5002450989,David J. Roberts,GB,176,2003,16
A5008217287,On Amir,US,3125,2006,37
A5040984419,Dan Ariely,US,13371,1999,37
A5079358020,Nina Mažar,US,5436,2005,37
A5004495825,Uri Gneezy,US,1159,2000,37
A5044669192,Kristina Shampanier,US,610,2007,37
A5090540656,Lisa L. Shu,GB,772,2009,37
A5035602511,Moritz Büchi,CH,507,2015,94
A5001125856,Panagiotis Metaxas,US,1348,2010,3
A5024435233,Daniel Gayo-Avello,HU,905,2011,3
A5026626448,Eni Mustafaraj,US,1740,2010,3
A5059587110,Harald Schoen,DE,693,2011,3
A5031120336,Mauro Martino,US,513,2014,14
A5040715593,Alexander Mirsky,DE,212,2014,10
A5070753993,Maximilian Schich,EE,361,2012,10
A5024703272,Mohammed El-Haddad,QA,189,2014,31
A5021523198,Constantine Nakos,US,155,2021,31
A5028407723,Hemank Lamba,US,1038,2013,31
A5003377833,Ulrik Brandes,CH,953,2008,35
A5037900030,Marina Hennig,DE,157,2013,35
A5032539868,Mathieu Génois,FR,722,2014,34
A5084891661,Mohsen Jadidi,Unknown,356,2015,34
A5109540913,Pankaj Aggarwal,CA,147,2011,37
A5075149019,Christian Körner,CH,193,2011,34
A5075312264,Silvia Mitter,AT,134,2012,34
A5011692977,Adam L. Alter,US,127,2014,37
A5025912466,Eesha Sharma,US,127,2014,37
A5007861811,Clemens Meinhart,AT,223,2014,34
A5008417409,Elias Zeitfogel,AT,223,2014,34
A5036739622,Behnam Taraghi,AT,97,2014,34
A5031071944,Vera Liao,US,87,2012,6
A5022334515,Nicholas Blumm,US,3251,2008,10
A5022657536,Zalàn Forrò,CH,82,2012,10
A5109223734,Jean–Philippe Bouchaud,FR,95,2012,10
A5064470161,Arnim Bleier,DE,251,2012,34
A5069037107,Haiko Lietz,DE,289,2014,34
A5012575619,Darren D. Hudson,US,48,2021,18
A5028695749,M. Z. Rafat,AU,48,2021,18
A5036901478,Antoine F. J. Runge,AU,48,2021,18
A5037431025,Andrea Blanco‐Redondo,US,48,2021,18
A5042642891,Y. Long Qiang,AU,62,2021,18
A5044211016,C. Martijn de Sterke,AU,85,2021,18
A5057805246,Tristram J. Alexander,AU,102,2009,18
A5039516755,Qian Shen,CN,17,2023,137
A5045124139,Xiaoyun Xiao,CN,17,2023,137
A5087273879,Xiaoding Xu,CN,17,2023,137
A5091414721,Phei Er Saw,CN,17,2023,137
A5101106337,XU Ya,CN,17,2023,137
A5111166809,Rong Li,CN,17,2023,137
A5113685196,Chunfang Wei,CN,17,2023,137
A5048088355,Alireza Javadian Sabet,US,15,2023,49
A5070251006,Suining He,US,1844,2004,49
A5083334761,Derek Aguiar,US,73,2013,49
A5101887015,Marjan Hosseini,CA,15,2023,49
A5049671326,Christian T. Elbæk,DK,84,2021,37
A5053542343,Panagiotis Mitkidis,DK,173,2017,37
A5013647304,Tillmann Ohm,EE,14,2023,10
A5059278292,Mar Canet Solà,EE,14,2023,10
A5064355537,Andres Karjus,EE,70,2020,0
A5088707502,Botond Kőszegi,DE,4600,2006,37
A5038210969,Joel Smith,AU,58,2013,49
A5086093847,Sarah Tulin,US,58,2013,49
A5108392816,Sorin Istrail,US,58,2013,49
A5057573097,Bernd Hollerit,JP,56,2013,34
A5102832863,Mark Kröll,AT,88,2011,34
A5003003000,Yoel Inbar,CA,741,2009,5
A5033787208,Sze-Yuh Nina Wang,US,55,2020,6
A5041638381,Lisa Posch,AT,116,2013,34
A5047231912,Aslihan Demirkaya,US,73,2021,18
A5054719860,P. G. Kevrekidis,US,846,2003,18
A5057667262,G. A. Tsolias,US,23,2022,18
A5109989716,Robert J. Decker,US,73,2021,18
A5038707801,David Liu,CA,13,2023,6
A5039865548,Diane Horton,CA,72,1996,6
A5041982650,Sheila A. McIlraith,CA,78,2001,6
A5042757004,Dario Taraborelli,US,165,2010,12
A5001467582,Giancarlo Ruffo,IT,774,2006,24
A5073576983,Marcella Tambuscio,AT,125,2017,24
A5019840180,Betina Hollstein,DE,35,2020,31
A5090275845,Tom Töpfer,DE,35,2020,31
A5077206304,Manuel Puppis,CH,69,2012,94
A5004809477,Marco Hernandez,US,38,2017,37
A5048606296,Julian Jamison,GB,78,1997,37
A5055020284,Roberto Sormani,US,38,2017,37
A5098644288,Ewa Korczyc,US,38,2017,37
A5109547576,Scott A. Hawkins,CA,38,2015,37
A5101537420,Dimitar Dimitrov,UA,67,2016,34
A5006478741,Daniel Edler,SE,67,2016,34
A5016952117,Jérôme Kunegis,Unknown,822,2009,34
A5017912701,Yulan Peng,CN,30,2020,139
A5044029777,Yuxuan Qiu,CN,30,2020,139
A5052292459,Anping Su,CN,30,2020,139
A5072341364,Jingqiang Zhu,CN,30,2020,139
A5075142520,Zhichao Xing,CN,30,2020,139
A5102012833,Jingyan Liu,CN,30,2020,139
A5041136131,Christoph Kling,DE,50,2015,34
A5062807811,Steffen Staab,DE,562,2002,34
A5079144308,H. Hartmann,Unknown,50,2015,34
A5070302861,Austin van Loon,US,214,2018,5
A5007649650,Jennifer Horkoff,SE,1139,2005,34
A5079349226,Steve Easterbrook,CA,941,1994,34
A5101998685,Eric Yu,US,999,2005,34
A5103244761,Jorge Aranda,CA,443,2005,34
A5071220716,Arkaitz Zubiaga,GB,2005,2011,16
A5054316864,Paul Laufer,AT,31,2015,34
A5014548243,Lisette Espín-Noboa,AT,74,2016,34
A5042176198,Thomas Niebler,DE,43,2013,34
A5054225034,Andreas Hotho,DE,1226,2003,34
A5060733666,Martin Becker,DE,105,2012,34
A5101768349,Niranjan Balasubramanian,US,526,2013,30
A5077160360,Daniel Danner,AT,1130,2008,34
A5020087789,Marcos Oliveira,GB,132,2015,10
A5034008095,Johann Schaible,DE,12,2022,34
A5072223860,Maria Zens,DE,12,2022,34
A5046490531,Klaus Tochtermann,DE,39,2005,34
A5022810412,Patrik K. E. Magnusson,SE,439,2011,5
A5036103579,Christopher T. Dawes,US,2591,2007,5
A5059104743,Philipp Koellinger,US,209,2011,5
A5005355207,Wolfgang Aigner,AT,1024,2004,31
A5019622072,Silvia Miksch,AT,1495,2001,31
A5054248452,Paolo Federico,FR,174,2011,31
A5067136327,Lukas Zenk,AT,37,2011,31
A5009128820,Mark A. Musen,US,2308,1988,34
A5051690097,Tania Tudorache,US,174,2007,34
A5059731779,Simon Walk,US,93,2014,34
A5111383811,Natalya F. Noy,US,900,2001,34
A5114406750,Bernardo A. Huberman,US,9470,1983,12
A5042318970,Daniel Mochon,US,1291,2004,37
A5043382223,Babak Hemmatian,US,21,2018,0
A5034153476,Matthew Rowe,GB,250,2011,14
A5074716096,Harith Alani,GB,1091,2008,14
A5041448254,Dominik C. Benz,CH,70,2010,34
A5053751744,Gerd Stumme,DE,1123,2003,34
A5036086647,Nicole Robitaille,CA,17,2020,37
A5064061448,Julian House,US,286,2015,37
A5015168114,Claire I. Tsai,CA,157,2008,37
A5035777184,Min Zhao,CN,16,2015,37
A5047623438,Elizabeth Hardy,GB,16,2015,37
A5062826665,Noah Castelo,CA,769,2015,37
A5040330662,J. Marc Overhage,US,230,2008,12
A5068726018,Walter Sujansky,US,18,2009,12
A5098493965,S. A. Faus,Unknown,18,2009,12
A5113705331,J. Fröhlich,CA,18,2009,12
A5004923254,Boulevard Haussmann,Unknown,15,2012,10
A5103234310,Jean‐Philippe Bouchaud,FR,290,1994,10
A5014455800,Jan Pöschko,AT,30,2012,34
A5012794147,Martha G. Russell,US,150,2011,34
A5109593357,June A. Flora,US,425,1991,34
A5109803327,Neil Rubens,LV,150,2011,34
A5110761464,Rafael Sirera Pérez,JP,15,2015,34
A5008894601,Florian Geigl,AT,14,2016,34
A5024320659,Q. Vera Liao,US,601,2012,6
A5104045637,Wai‐Tat Fu,US,1173,2003,6
A5002454564,Athanasios Mazarakis,DE,118,2016,34
A5021197359,Simon Caton,IE,197,2013,34
A5050131784,Margeret Hall,US,197,2013,34
A5051954808,Isabella Peters,DE,254,2014,34
A5076808584,Jens‐Erik Mai,US,13,2016,34
A5086321313,Martin Chorley,GB,115,2015,34
A5065801789,Noemi Festic,CH,239,2018,94
A5030089337,R. Carretero-González,US,365,2007,18
A5041797013,D. J. Frantzeskakis,GR,596,2003,18
A5064525551,Peter Schmelcher,DE,69,2005,18
A5105984950,A. S. Rodrigues,PT,17,2009,18
A5112582815,Yu. S. Kivshar,AU,17,2009,18
A5002555329,Kathy McKeown,US,139,2017,12
A5006374446,Chris Kedzie,US,251,2016,12
A5040172025,Siddharth Varia,US,39,2018,12
A5046116522,Ruiqi Zhong,CN,105,2018,12
A5056054965,Desmond Upton Patton,US,473,2014,12
A5063207239,Ethan Adams,US,13,2018,12
A5068693328,William R. Frey,US,166,2018,12
A5082742715,Fei-Tzin Lee,US,37,2018,12
A5074962353,Anne Fries,DE,12,2016,37
A5081463963,Sarah S. Müller,DE,12,2016,37
A5022713560,Lance Kaplan,US,994,2012,26
A5035700260,Mandana Saebi,US,56,2020,26
A5068157871,Nitesh V. Chawla,US,3628,2008,26
A5004080961,Laura C. Mahrenbach,DE,12,2018,31
A5044689056,Katja Mayer,AT,12,2018,31
A5005827103,Varun Gauri,US,11,2018,37
A5020023760,Shomikho Raha,US,11,2018,37
A5046774571,Owen Ozier,US,11,2018,37
A5080021656,Karima Saleh,US,11,2018,37
A5080692642,Herwig Rollett,AT,18,2005,34
A5009926823,Annie Franco,US,1631,2013,17
A5033090175,Neil Malhotra,US,6428,2007,17
A5112478704,Andrew Healy,US,2442,2009,17
A5031465162,Alison K. Cohen,US,537,2013,46
A5081540617,David H. Rehkopf,US,1404,2005,46
A5103128511,Barbara Abrams,US,605,2013,46
A5108118128,Madhukar Rai,IN,537,2013,46
A5003827477,Yotam Margalit,GB,452,2013,17
A5014605453,Cecilia Hyunjung Mo,US,685,2013,17
A5004064928,Alexander Kuo,GB,592,2008,17
A5004283810,Heather Jacobs,NL,212,2014,14
A5020685414,Sandro Federici,JP,212,2014,14
A5051563238,Mirella Salvatore,US,818,2013,14
A5066450158,Simone Rossi,IT,818,2013,14
A5076132658,Riccardo Biancalani,IT,212,2014,14
A5079593682,Alessandro Ferrara,AT,818,2013,14
A5080489231,Robert P. Van Houweling,US,610,2008,17
A5089018218,Christian R. Grose,US,198,2014,17
A5112277542,Laurel Harbridge,Unknown,351,2011,17
A5091086309,Brian F. Harrison,US,316,2011,17
A5100628305,Wenqiang Wang,CN,128,2016,14
A5112379605,Benoît Monin,US,293,2011,17
A5042582957,LinChiat Chang,Unknown,95,2017,17
A5051235794,Eduardo F. Bruera,US,95,2017,17
A5102319914,Randall K. Thomas,US,143,2009,17
A5023783426,Diego Rybski,DE,1435,2008,10
A5028862879,Christopher P. Kempes,US,224,2018,10
A5034032356,Marcus J. Hamilton,US,354,2015,10
A5016714981,Elizabeth Weitz,US,74,2020,61
A5053721837,Thomas N. Robinson,US,1245,2013,61
A5075085475,Gregg Sparkman,US,365,2019,4
A5078983867,Gregory M. Walton,US,3415,2009,29
A5027163198,Stéphane Bordas,LU,45,2022,46
A5049640253,Matthias Klee,LU,45,2022,46
A5067971785,Sara Wade,GB,45,2022,46
A5068815897,Graciela Muñiz‐Terrera,US,45,2022,46
A5071664854,Anja Leist,LU,45,2022,46
A5078801518,Jung Hyun Kim,LU,45,2022,46
A5058712244,Jarvis T. Chen,US,1354,2002,46
A5073481219,Pamela D. Waterman,US,1558,2002,46
A5078276438,Nancy Krieger,US,2031,1993,46
A5108504913,S. V. Subramanian,US,843,2005,46
A5057977875,Jayanth R. Banavar,US,2332,1993,14
A5069264300,Francesca Colaiori,IT,661,2000,14
A5076985100,Amos Maritan,IT,2905,1993,14
A5103065585,Andrea Rinaldo,IT,521,2000,14
A5076904986,Alan S. Gerber,US,2444,2002,17
A5078466552,Conor M. Dowling,IE,1458,2009,17
A5091874463,David Doherty,US,1396,2009,17
A5021565845,L.J Zigerell,US,80,2017,17
A5006886926,Shinsuke Suzuki,JP,535,2015,37
A5034758042,R. Adachi,CA,77,2015,37
A5067776184,Simon Dunne,US,515,2012,37
A5019984358,Sifan Xu,US,86,2019,42
A5004781553,M. Maria Glymour,US,1187,2012,46
A5005903867,Thu T. Nguyen,US,182,2016,46
A5047818687,Rita Hamad,US,283,2015,46
A5054865844,Jay Bhattacharya,US,526,2013,46
A5008388581,Gregory Ferenstein,US,63,2018,17
A5081350253,David Broockman,US,556,2017,17
A5004297349,Linjuan Rita Men,US,1041,2011,42
A5025609075,Wan‐Hsiu Sunny Tsai,US,1051,2011,42
A5048158777,Jingyi Sun,CN,27,2022,42
A5054933332,Aimei Yang,US,111,2016,42
A5064588407,Jieun Shin,KR,27,2022,42
A5100698498,Hye Min Kim,US,27,2022,42
A5101413310,Wenlin Liu,US,206,2016,42
A5083923676,S. V. Subramanian,CN,3815,2002,46
A5089515279,Lorna T. Haughton,US,95,2006,46
A5041853167,Brianna Heggeseth,US,68,2013,46
A5086871945,Esa M. Davis,US,126,2013,46
A5033390129,Paulo Kemper,KR,68,2010,7
A5035143437,Koji Suzuki,JP,218,1990,7
A5101619159,James R. Morrison,US,101,2010,7
A5008750243,Jacob N. Shapiro,US,562,2011,17
A5056976160,C. Christine Fair,US,101,2012,17
A5050455964,Simone Pigolotti,JP,414,2005,9
A5051471901,Matteo Marsili,IT,1197,1997,10
A5013969270,Mark R. Segal,US,52,2011,46
A5028088513,Elissa S. Epel,US,870,2011,46
A5033401378,Dejana Braithwaite,US,52,2011,46
A5036458979,Barbara Laraia,US,241,2011,46
A5005698641,Ali A. Valenzuela,US,163,2012,17
A5040005024,Melissa R. Michelson,US,382,2011,17
A5012993271,Stefania Bracco,IT,43,2018,14
A5067301450,Marta Gomez San Juan,IT,43,2018,14
A5090197777,Özgül Calicioglu,US,43,2018,14
A5007825736,Laust Hvas Mortensen,DK,72,2016,9
A5014871838,James White,US,42,2016,9
A5030044044,Benjamin J. Newman,US,187,2012,17
A5018591093,Jacob J. Jackson,US,29,2021,10
A5019659933,Elisa Heinrich Mora,US,29,2021,10
A5027319334,Cate Heine,US,75,2021,10
A5003659449,Edward H. Haertel,US,43,2012,17
A5052801401,M. Ken Cor,CA,43,2012,17
A5053214136,Sze Yan Liu,US,190,2010,46
A5073422847,Laura D. Kubzansky,US,562,2001,46
A5090423728,Jessica R. Marden,US,136,2014,46
A5102954880,Stefan Walter,GB,164,2013,46
A5109095102,Tuc T. Nguyen,US,39,2014,46
A5045605391,Eliana La Ferrara,US,34,2015,14
A5077832807,A. Sevınj Y.,AZ,34,2015,14
A5096090974,R. Fulper,Unknown,34,2015,14
A5096105687,Menczer Filippo,Unknown,34,2015,14
A5110312338,Kerri Rowe,US,34,2015,14
A5113707661,Belinda Lewis,AU,34,2015,14
A5060547298,Aric A. Prather,US,783,2011,46
A5075509540,Ekaterina Protsenko,LI,27,2020,46
A5076016483,Jue Lin,US,587,2011,46
A5045303930,Brent A. Coull,US,633,2006,46
A5103142621,Ruihua Yin,CN,48,2006,46
A5050751082,Connor Raso,US,43,2007,17
A5007257231,Colin H. McCubbins,Unknown,35,2013,17
A5004364082,Shuji Hashimoto,JP,165,1997,7
A5018654304,Hiroya Yamada,JP,53,2014,7
A5019497011,Sadao Suzuki,JP,171,1995,7
A5022967320,Kenji Wakai,JP,205,1995,7
A5049649080,Miyuki Kawado,JP,142,2003,7
A5053483719,Akiko Tamakoshi,JP,444,1995,7
A5057472292,Norihiro Aoyama,JP,53,2014,7
A5102776322,Yoshiyuki Watanabe,JP,226,2005,7
A5014850692,Pooja Loftus,US,32,2017,46
A5054104367,Sanjhavi Agarwal,US,32,2017,46
A5064421397,Steven M. Asch,QA,1240,2000,46
A5069904661,Veronica Yank,US,32,2017,46
A5091507181,Utkarsh Mittal,KR,29,2014,17
A5046829638,Andrew V. Papachristos,US,58,2019,10
A5086653394,Daniel M. Abrams,US,861,2003,10
A5038461315,Joaquín M. Alfei,BE,182,2015,0
A5044810664,Laura Luyten,BE,414,2012,0
A5082765103,Anna Elisabeth Schnell,BE,25,2019,0
A5087293181,Natalie Schroyens,BE,70,2016,0
A5087334854,Tom Beckers,BE,552,2008,0
A5042867745,Bei Yan,US,32,2020,42
A5046174260,Yuanfeixue Nan,US,14,2022,42
A5056877038,Jack Lipei Tang,US,14,2022,42
A5064533411,Lichen Zhen,US,14,2022,42
A5033202133,Mariola Sánchez‐González,ES,38,2007,140
A5033604079,M. Henry H. Stevens,US,38,2007,140
A5081756270,Steven E. Finkel,US,58,2007,140
A5090632618,Joshua S. Lee,US,38,2007,140
A5051269080,Quynh C. Nguyen,US,257,2013,46
A5081071171,Theresa L. Osypuk,US,1255,2003,46
A5103010962,Nicole M. Schmidt,US,399,2012,46
A5035092950,Wim Van Den Noortgate,BE,611,2013,0
A5086107192,Eric L. Sigwald,BE,20,2020,0
A5007581334,Elizabeth Popp,US,28,2010,17
A5054164624,Shripad Tuljapurkar,US,1416,1980,46
A5060346034,Shayna Fae Bernstein,IL,22,2018,46
A5088640284,Carol C. Horvitz,US,663,2003,46
A5022356762,Camilla Calmasini,FR,31,2021,46
A5010618515,Yoshizo Matsuka,JP,347,1997,7
A5030551724,Hirofumi Yatani,JP,240,1998,7
A5072777516,Atsushi Yamashita,JP,373,1997,7
A5073754156,Takuo Kuboki,JP,461,1997,7
A5087950314,Kenji Maekawa,JP,202,1998,7
A5024051863,Marc Meredith,US,488,2008,17
A5019467370,Robert A. Hiatt,US,32,1993,46
A5038787110,Joshua Demb,US,20,2017,46
A5039402425,Monika A. Izano,IN,20,2017,46
A5074539440,Tomi Akinyemiju,US,103,2016,46
A5102916016,Dejana Braithwaite,US,103,2016,46
A5109213705,Min-Lin Fang,US,151,2017,46
A5017723224,Heewook Lee,US,64,2014,140
A5021207672,Wazim Mohammed Ismail,US,20,2018,140
A5022257191,Karin E. Kram,US,20,2018,140
A5034248060,Lacey L. Westphal,US,20,2018,140
A5050511434,Zuly Negro,US,20,2018,140
A5050864877,Ivan Y. Moreno,US,20,2018,140
A5078007096,Haixu Tang,US,35,2014,140
A5110911008,Jasmine Lau,US,20,2018,140
A5088459011,Sanjay Basu,CA,408,2008,12
A5028335770,Hitoshi Tamiaki,JP,22,2010,7
A5056509156,Daniel Citterio,JP,22,2010,7
A5108387033,Shin-ichi Sasaki,JP,22,2010,7
A5111822228,Kosuke Takano,JP,22,2010,7
A5010765598,Roy Elis,US,22,2009,17
A5028023648,William H. Dow,US,96,2016,46
A5030922434,Luis Rosero‐Bixby,CR,108,2015,46
A5040217094,Jorge Azofeifa,CR,16,2019,46
A5085792505,Alejandro Leal,CR,16,2019,46
A5014317276,Dalton Conley,US,564,2013,5
A5051143676,Jason D. Boardman,US,567,2009,5
A5032499168,Xiaoyu Qi,CN,39,2018,26
A5044080500,Anning Tian,CN,14,2018,26
A5100638587,Shuyi Li,AU,14,2018,26
A5100662579,Ming Li,MY,28,2018,26
A5021191533,Wendan Wei,CN,14,2018,26
A5100430890,Jialin Wang,CN,90,2018,26
A5040014977,Kelly Luyck,BE,28,2016,0
A5054185030,Michael S. Fanselow,US,26,2016,0
A5103134241,Raymond Y. Cho,US,3008,2000,10
A5103757534,Peter Hallett,AU,26,2000,10
A5051629081,Jérôme Stucki,AT,13,2019,14
A5060932978,Frédéric David Meylan,AT,13,2019,14
A5069179682,D. van Beers,AT,13,2019,14
A5100349166,Sang Hoon Lee,KR,97,2015,10
A5102922371,Jinhyuk Yun,KR,25,2016,10
A5049511943,Siddharth Krishna Kumar,US,11,2016,46
A5085988625,Marcus W. Feldman,US,2660,2000,46
A5040548484,Nobutaka. Kosuge,JP,22,1990,7
A5070501597,Koji Tohda,JP,22,1990,7
A5104507164,Hitoshi Nagashima,JP,22,1990,7
A5109973480,Hidenari Inoue,JP,22,1990,7
A5110498594,Tsuneo SHIRAI,JP,22,1990,7
A5112703569,Kazuhiko Watanabe,JP,22,1990,7
A5054929973,Crhistian Luis Bender,AR,28,2017,0
A5108410566,Vı́ctor A. Molina,AR,99,2015,0
A5003032006,Latha Palaniappan,US,32,2017,46
A5026636003,Caroline A. Thompson,US,40,2013,46
A5029096199,Katherine Hastings,US,32,2017,46
A5029117574,Mark R. Cullen,US,110,2015,46
A5081545266,Derek Boothroyd,US,11,2017,46
A5017207620,Xiaoou Chen,CN,233,2009,26
A5100885747,Deshun Yang,US,233,2009,26
A5003624135,Shigeo Sato,JP,11,2009,7
A5016990047,Kyoko Ishizaki,JP,11,2009,7
A5055053019,Tomofumi Mito,JP,11,2009,7
A5013564127,Liba Pejchar,US,1969,2009,18
A5063465602,Peter Kareiva,US,2985,2001,18
A5081728722,Harold A. Mooney,CA,11352,1990,18
A5083865603,Joshua Goldstein,US,2223,2009,18
A5086875492,Robert J. Shallenberger,US,1946,2009,18
A5111459905,James Salzman,US,2142,2002,18
A5022076088,Magnus Gäfvert,SE,1508,1998,4
A5024865861,Carlos Canudas de Wit,FR,2181,1996,4
A5086903916,P. Lischinsky,VE,2181,1996,4
A5103649964,Karl Johan Åström,SE,2079,1998,4
A5051928392,Karen M. Carney,US,1887,2004,18
A5070912696,Scott M. Swinton,US,1440,2007,18
A5077466677,Claire Kremen,US,1877,2000,18
A5100609014,Wei Zhang,CN,1440,2007,18
A5022372948,Brendan J. M. Bohannan,US,4131,2001,18
A5051745258,Jessica J. Hellmann,US,1511,2001,18
A5110142999,J.B. Hughes,GB,2383,1999,18
A5040225125,Fang Wu,US,2734,2004,12
A5022540761,Wojciech Galuba,FR,641,2008,12
A5023905564,Sitaram Asur,US,1255,2011,12
A5088230932,Emily McKenzie,CA,526,2014,18
A5112181713,Stephen Posner,US,448,2014,18
A5008131785,Hyoung‐il Kim,KR,180,2016,141
A5037440071,Oh Seok Kwon,KR,180,2016,141
A5064690703,Wonyong Choi,KR,180,2016,141
A5100374317,Jae‐Hong Kim,KR,379,2009,141
A5100739938,Sujeong Kim,KR,180,2016,141
A5000474356,Nan Cao,FI,996,2009,26
A5065034146,Xiaohan Jiao,CN,69,2021,26
A5101497511,Tian Gao,CN,38,2023,26
A5101908670,Yang Shi,Unknown,165,2018,26
A5078091066,Peter Juslin,SE,3122,1995,4
A5081378294,Anders Winman,SE,2013,1995,4
A5020381437,J. Tracy Watson,US,380,1997,142
A5054876523,Kathryn E. Cramer,US,301,1997,142
A5060429114,David E. Karges,US,278,1997,142
A5084408816,Berton R. Moed,US,380,1997,142
A5110187108,Scott T. Smith,US,278,1997,142
A5110275612,Anna-Carin Olsson,SE,275,2003,4
A5022028487,Gary W. Luck,AU,190,2003,18
A5113890082,Marc L. Imhoff,US,190,2003,18
A5010053907,Mohsen Bahrami,IR,158,2013,143
A5026258669,Payam Abbaszadeh,IR,158,2013,143
A5006360335,Isabelle Guyon,FR,239,2019,6
A5018708118,Ritik Dutta,IN,159,2019,6
A5048876983,Kristin P. Bennett,US,326,2006,6
A5078508030,Andrew Yale,US,173,2019,6
A5081749318,Saloni Dash,US,218,2019,6
A5108132519,Adrien Pavão,FR,159,2019,6
A5004258058,Sascha Rothe,CH,137,2017,8
A5046542764,Eric Malmi,CH,435,2015,8
A5062587302,Jonathan Mallinson,GB,434,2017,8
A5080125160,Aliaksei Severyn,CH,2036,2010,8
A5110468664,Sebastian Krause,DE,126,2017,8
A5050455801,Michael J. Brzozowski,US,515,2008,12
A5039738213,Elisabeth Gidengil,CA,413,2001,17
A5058723753,Olivier Bergeron-Boutin,US,67,2021,17
A5016859213,Kelsey A. Finkel,US,32,2023,55
A5034097798,Catherine Chiabaut,Unknown,32,2023,55
A5044686474,Pia Wennerholm,SE,301,1999,4
A5044386913,Leo Poom,SE,322,2002,4
A5026691482,Mats P. Björkman,SE,194,1997,4
A5087196723,Sverker Runeson,SE,164,2000,4
A5074655383,Hoon Hyung,US,100,2009,141
A5038775008,Shi‐Xia Liu,CH,1468,2009,26
A5047709762,Xifeng Yan,CN,520,2005,33
A5084279065,Jimeng Sun,US,3383,2005,26
A5109855094,Ching‐Yung Lin,US,403,2009,2
A5110836110,Spiros Papadimitriou,GR,191,2003,12
A5102002835,Ana Morais,DE,79,2012,4
A5064547400,Tawfiq Ammari,US,867,2013,6
A5023215207,Animashree Anandkumar,US,460,2010,2
A5038884528,Kamyar Azizzadenesheli,US,431,2018,2
A5100757577,Anqi Liu,CN,105,2015,2
A5113814271,Fanny Yang,CH,62,2019,2
A5055555622,Guillermo Carrascón,IT,66,2020,8
A5021873236,Gi Jin Kim,KR,49,2021,141
A5087627623,Jung Hee Son,KR,49,2021,141
A5038020125,Vineeth N Balasubramanian,IN,26,2022,6
A5035604081,Brendan Meeder,US,111,2010,12
A5017801119,Eric V. Lonsdorf,US,69,2013,18
A5100366029,Lu Lu,US,85,2014,26
A5100455958,Fei Wang,CN,688,2013,26
A5051526027,Wenchao Wu,CN,86,2017,26
A5100369974,Xiangyu Wang,CN,217,2017,26
A5101607322,Kaiyuan Chen,US,56,2018,26
A5108098662,Yixian Zheng,US,86,2017,26
A5014174145,Liangyue Li,CN,188,2015,26
A5068043486,Hanghang Tong,US,3627,2004,26
A5113688113,Norbou Buchler,US,161,2015,23
A5079740733,Praveen Kumar,IN,439,2004,144
A5086419888,Susana Roque‐Malo,US,50,2017,144
A5009956939,Rui Liu,CN,49,2017,144
A5026692271,Peishi Jiang,US,100,2017,144
A5034386740,Luigi Marini,BG,62,2017,144
A5052142792,S. D. Peckham,US,64,2016,144
A5066860059,M. Elag,US,49,2017,144
A5031026877,Shun Sun,CN,47,2016,26
A5077712580,David Gotz,US,531,2009,26
A5018266351,Sana Malik,US,80,2016,26
A5046703129,Hongyuan Zha,CN,1201,2007,26
A5056999690,Shunan Guo,US,46,2019,26
A5071007779,Eunyee Koh,US,774,2018,26
A5073516753,Fan Du,US,246,2013,26
A5100358151,Yejin Kim,KR,46,2019,26
A5100718934,Sungchul Kim,US,759,2018,26
A5100745766,Zhicheng Liu,US,959,2013,9
A5032013640,Xinyue Xu,CN,54,2021,26
A5036729475,Fuling Sun,CN,34,2021,26
A5046855147,Zui Chen,CN,34,2021,26
A5086576776,Jiazhe Wang,JP,34,2021,26
A5100371357,Qing Chen,AU,154,2014,26
A5046324646,Xingyu Lan,CN,130,2021,26
A5101416806,Yanqiu Wu,CN,31,2021,26
A5044554980,Jakub Adámek,PL,23,2022,8
A5062647791,Kali Rigby,Unknown,11,2023,141
A5089790757,A. Giridhar,US,76,2005,144
A5010739172,Brendan Fisher,US,387,2009,18
A5019002025,Paul J. Ferraro,US,526,2010,18
A5025921040,Louise Glew,US,83,2013,18
A5067207898,Robin Naidoo,CA,1360,2009,18
A5073973308,Andrew Balmford,GB,891,2009,18
A5080805411,Michael B. Mascia,US,377,2010,18
A5084955075,Lionel Robert,US,601,2008,33
A5007065406,Philippa Clarke,US,155,2016,6
A5020824659,Xiang Yan,CN,368,2018,6
A5035704151,Iris Gomez-Lopez,US,42,2018,6
A5050525772,V. G. Vinod Vydiswaran,US,245,2009,6
A5055048537,Veronica J. Berrocal,US,42,2018,6
A5067020194,Jean Hardÿ,US,260,2016,6
A5070124702,Tiffany C. Veinot,US,711,2015,6
A5076828903,Robert Goodspeed,US,42,2018,6
A5021273972,Chun Yang,CN,36,2020,145
A5028851796,Spencer Caplan,US,57,2020,145
A5050460997,Jordan Kodner,US,107,2020,145
A5100772330,Fengchi Sun,CN,30,2021,26
A5101454893,Xiang Xu,CN,30,2021,26
A5101528850,Danqing Shi,FI,30,2021,26
A5025176891,Myung-Il Roh,CZ,43,2021,146
A5055636535,Yeong-Min Cho,KR,29,2021,146
A5070999412,Nam-Sun Son,Unknown,29,2021,146
A5077582818,Jisang Ha,NO,29,2021,146
A5100604757,Hye-Won Lee,KR,43,2021,146
A5100638533,Won‐Jae Lee,KR,66,2013,146
A5101743067,Sung-Jun Lee,KR,29,2021,146
A5030115153,Unchitta Kan,US,20,2022,5
A5045928062,Michelle Feng,US,84,2021,5
A5058437817,Joyojeet Pal,US,953,2006,6
A5079673352,Gazal Shekhawat,GB,19,2022,6
A5104099119,Dibyendu Mishra,IN,48,2020,6
A5111640159,Sari Jones,SE,87,2000,4
A5052039290,Scott Graham,GB,75,2004,144
A5054202351,Benjamin L. Ruddell,US,124,2010,18
A5010598164,Yuyan Han,CN,1182,2012,26
A5032353812,Hongyan Sang,CN,1121,2012,26
A5082315337,Quan-Ke Pan,CN,1751,2009,26
A5100623231,Junqing Li,CN,1092,2010,26
A5100676081,Jing Liang,CN,176,2009,26
A5048592919,Chang Kweon Choi,KR,37,2013,146
A5079856009,Ji-Won Kwon,KR,37,2013,146
A5081285125,Si-Bog Park,KR,156,2013,146
A5100759134,Mi Jung Kim,KR,37,2013,146
A5101763579,Seong Ho Jang,KR,156,2013,146
A5007441963,Federica Calanca,IT,34,2019,8
A5055538674,Lara Minkus,DE,34,2019,8
A5068334152,Luiza Sayfullina,FI,34,2019,8
A5008894339,Tapani Raiko,FI,181,2006,8
A5022164041,Aristides Gionis,SE,3263,2007,14
A5036729747,Pyry Takala,FI,85,2015,8
A5045869840,Hannu Toivonen,FI,845,1998,8
A5006811000,Siji Chen,CN,27,2020,26
A5100383819,Pei Liu,AU,27,2020,26
A5086037111,Yueyao Zhang,CN,25,2021,26
A5100397286,Jingwen Li,CN,24,2021,26
A5107049295,Zhaorui Li,CN,24,2021,26
A5010878154,Tommy Enkvist,SE,91,2006,4
A5034445712,Ebba Elwin,SE,75,2007,4
A5000637036,Mandeep K. Dhami,GB,766,2004,30
A5043542278,Klaus Fiedler,DE,2357,2001,29
A5057860811,Shahram Ebadollahi,US,479,2010,26
A5022696348,Dawei Zhou,US,323,2015,26
A5026754644,Kangyang Wang,US,31,2015,26
A5073158087,Jingrui He,US,1038,2004,26
A5018820623,Jian Zhao,CA,339,2012,26
A5021357065,Lionel M. Ni,CN,538,2008,26
A5026127661,Haipeng Zeng,CN,87,2017,26
A5064259306,Bing Ni,HK,52,2014,26
A5091466289,Huamin Qu,HK,1323,2010,26
A5043995958,Yingfeng Meng,CN,27,2018,2
A5088580933,Chaoyang Xu,CN,27,2018,2
A5100639021,Xiao Ma,CN,27,2018,2
A5101988408,Na Wei,CN,27,2018,2
A5102746398,Li Gao,CN,27,2018,2
A5045129894,Hoshin V. Gupta,US,23,2020,144
A5034925233,Håkan Nilsson,SE,559,2005,4
A5042234223,Rui Mata,CH,2573,2004,4
A5028526938,Mohamad Hejazi,SA,187,2009,144
A5073692263,Xin‐Zhong Liang,US,30,2013,144
A5075184717,Ximing Cai,US,187,2009,144
A5101510424,Xing Yuan,CN,30,2013,144
A5036589740,Yiliang He,CN,27,2014,141
A5081839704,Kyle J. Moor,US,27,2014,141
A5100335250,Bo Zhang,CN,27,2014,141
A5108954761,Ling Ge,CN,27,2014,141
A5087662609,Charles Yang,US,71,2020,145
A5047720824,Vladimir Barash,US,401,2008,2
A5009365383,Larissa Samaan,DE,12,2022,4
A5016126001,Shahar Hechtlinger,DE,12,2022,4
A5044400218,John Gubernath,DE,12,2022,4
A5046186024,Lukas Maximilian Eggeling,DE,12,2022,4
A5070589846,Ksenija Gumenik,DE,12,2022,4
A5071972809,Nadine Fleischhut,DE,12,2022,4
A5090816854,Christina Leuker,DE,144,2016,4
A5007617722,John A. Goldman,US,40,1989,18
A5080935177,James H. Morrissey,US,40,1989,18
A5084819417,Edward J. Sondik,GB,40,1989,18
A5085892323,Howard Ozer,US,40,1989,18
A5090193403,Richard B. Warnecke,US,175,1989,18
A5111418182,D Gillings,US,40,1989,18
A5112166142,A D Kaluzny,US,62,1989,18
A5113434097,L Ford,GB,62,1989,18
A5010579391,V. Srinivasan,IN,21,2014,144
A5026091724,Idan Szpektor,US,377,2004,8
A5045872048,Jonathan Berant,IL,1298,2008,8
A5065717258,Mor Geva,IL,581,2018,8
A5018565911,Danaja Maldeniya,US,19,2020,33
A5078214801,Kurt Plarre,US,29,2007,144
A5016651894,Bill Stanley,US,21,2011,18
A5049138897,Erik Nelson,US,347,2010,18
A5065786865,C. Fissore,US,21,2011,18
A5073734489,Nasser Olwero,US,115,2011,18
A5075242969,Andrew J. Plantinga,US,424,2003,18
A5078199331,Marc Conte,US,21,2011,18
A5072773368,Yongqi Lou,CN,20,2018,26
A5101539993,Xin Yan,CN,32,2017,26
A5024817853,Christian Kuehn,DE,19,2014,18
A5038648317,Erik A. Martens,SE,53,2014,18
A5019835473,Daniele Pighin,US,77,2005,8
A5091118886,Mikhail Kozhevnikov,RU,29,2017,8
A5018530326,Lecheng Zheng,US,89,2019,26
A5082599714,Hongxia Yang,CN,1150,2014,26
A5101580523,Yu Cheng,NO,285,2019,26
A5020430034,Robin Kundis Craig,US,160,2017,18
A5033226054,Keith H. Hirokawa,US,14,2021,18
A5041965085,Margaret A. Palmer,US,66,2015,18
A5042091183,Lydia Olander,US,44,2018,18
A5043265962,Craig Anthony Arnold,US,137,2017,18
A5076605687,J. B. Ruhl,US,301,2002,18
A5058000822,Urban Lyxzèn,Unknown,29,2004,4
A5019444857,Hong Zhou,HK,223,2010,26
A5024059541,Panpan Xu,CN,219,2011,26
A5075947472,Conglei Shi,Unknown,514,2011,26
A5024686404,Brian D. Ziebart,US,93,2011,2
A5081065957,Lev Reyzin,US,86,2010,2
A5070426983,Karan Bhanot,US,92,2020,6
A5102947598,John Erickson,US,120,2020,6
A5008463509,Xintao Wu,US,76,2019,26
A5100358933,Lei Ying,CN,111,2016,26
A5102706243,Qinghai Zhou,US,24,2019,26
A5102225605,Jane Loveday,Unknown,15,2015,4
A5052933431,Yinglong Xia,FI,165,2018,26
A5066817250,Meijia Wang,US,15,2018,26
A5100380588,Wei Fan,CN,1233,2002,27
A5100700905,Jian Kang,US,203,2018,26
A5024754042,Beverley Wemple,NL,14,2018,18
A5060298310,Nitin K. Singh,CA,14,2018,18
A5085014912,Arne Bomblies,US,25,2014,18
A5007211079,James F. Mooney,US,23,2005,142
A5082589200,Michael Mendelow,US,23,2005,142
A5083294641,Karen J Stanko,US,23,2005,142
A5089345020,David A. Podeszwa,US,23,2005,142
A5041330046,Danielle Livneh,US,24,2017,33
A5072619282,Ark Fangzhou Zhang,US,24,2017,33
A5050329866,Edward Platt,US,13,2018,12
A5069934143,Ana Sofia Morais,PT,13,2012,4
A5057175352,Richard A. Regueiro,US,12,2015,141
A5100391664,Wei Wang,CN,12,2015,141
A5031280274,Samuel S. Myers,US,42,2014,18
A5047531971,Kent H. Redford,AU,12,2014,18
A5112170397,Steven A. Osofsky,US,42,2014,18
A5090215557,Roger Lévy,US,10986,2003,0
A5046684979,Priyank Chandra,CA,314,2015,6
A5111311082,Sunandan Chakraborty,US,63,2010,6
A5021039480,Zeynep Melis Kirgil,SE,11,2019,34
A5065432681,Lars Padmos,NL,11,2019,34
A5070972440,Rocco Paolillo,GB,11,2019,34
A5014724247,Laura J. Sonter,AU,11,2019,18
A5066483978,Nelson Grima,AT,11,2019,18
A5042430125,Karolina Haag,SE,23,1998,4
A5044553144,Carolina Björkman,SE,23,1998,4
A5014360828,Karl Deisseroth,US,3177,2007,147
A5014429132,Thomas J. Davidson,US,2759,2009,147
A5015588106,Lief E. Fenno,US,2520,2010,147
A5025118788,Murtaza Mogri,US,2267,2007,147
A5037720828,Ofer Yizhar,IL,1799,2011,147
A5101866798,Beom Jun Kim,KR,2797,1997,10
A5055249346,Fabian Kloosterman,BE,998,2009,147
A5115594439,Matthew A. Wilson,AU,2566,1998,147
A5022452481,Megan R. Gunnar,US,1655,1989,148
A5055790935,Regina M. Sullivan,US,694,2010,148
A5083437430,Camelia E. Hostinar,US,1107,2012,148
A5067142016,M. E. J. Newman,US,20901,2000,33
A5032415518,Xin Lü,CN,3099,2010,10
A5002511145,Ryan Smith,US,2788,2015,53
A5009459441,Julian F. Thayer,US,3430,2000,53
A5028332100,Sahib S. Khalsa,US,1932,2008,53
A5058347768,Richard D. Lane,US,7072,1987,53
A5001656908,Guillaume Kon Kam King,FR,393,2014,14
A5025218537,Vittoria Colizza,FR,5531,2006,14
A5059787882,Michele Tizzoni,IT,1401,2012,14
A5070491108,Paolo Bajardi,IT,1192,2012,14
A5110311576,Christian Schneider,US,989,2012,3
A5014048759,Chiara Poletto,IT,1195,2012,14
A5042890616,Duygu Balcan,TR,1134,2010,14
A5078379621,Bjarke Mønsted,DK,355,2018,9
A5111719474,Philipp Hövel,DE,324,2017,4
A5035853275,Karen L. Weihs,US,270,2015,53
A5052080106,Alex Hishaw,US,204,2015,53
A5073098397,Anne M. Herring,US,216,2002,53
A5010108818,Maxwell J. D. Ramstead,Unknown,1282,2018,53
A5023659945,Thomas Parr,GB,3937,2017,53
A5036440088,Casper Hesp,NL,465,2019,53
A5058730535,Micah Allen,CA,785,2012,53
A5086852785,Karl Friston,GB,18755,1994,53
A5003579441,Stefaan Verhulst,US,217,2016,14
A5014082558,Simone Piaggesi,IT,139,2020,14
A5024396732,Laëtitia Gauvin,FR,619,2014,14
A5029805143,Leo Ferres,IT,411,2018,14
A5078273409,Andrew Young,US,201,2016,14
A5082372443,Natalia Adler,US,245,2018,14
A5069579180,Nicolò Gozzi,IT,463,2020,14
A5070370660,Fengyuan Liu,US,133,2023,23
A5080791787,Matteo Chiesa,AE,50,2023,23
A5037550701,Mikael Huss,SE,484,2003,10
A5024925085,Petter Minnhagen,SE,917,2000,10
A5056662128,M. Y. Choi,KR,1292,1983,10
A5069767266,Ala Trusina,DK,510,2002,10
A5077421690,Jean S. Chung,KR,239,2000,10
A5032045555,Luis E. C. Rocha,BE,1262,2010,10
A5025808053,B.-H. Wang,CN,212,2008,10
A5042883048,Hoang Anh Tuan Kiet,US,203,2007,10
A5090925242,Tao Zhou,CN,2200,2006,10
A5110332958,B. J. Kim,KR,169,2008,10
A5056005467,Mark Solms,ZA,435,2007,53
A5082888564,Jaak Panksepp,US,2510,1998,29
A5041290680,Paul B. Badcock,AU,1037,2017,53
A5033400284,John R. Huguenard,US,703,2015,147
A5056044688,Jordan M. Sorokin,US,358,2016,147
A5076444204,Jeanne T. Paz,US,470,2015,147
A5078837273,Armen M. Abramian,US,125,2016,147
A5111949043,Éric Fréchette,CA,125,2016,147
A5047726306,Brennan Lake,US,151,2020,14
A5065827571,Emanuele Pepe,SE,115,2020,14
A5041066777,Taro Takaguchi,JP,308,2011,18
A5052840121,Panagiota Pervanidou,GR,105,2019,148
A5056892697,Elizabeth J. Susman,US,1128,1997,148
A5103403731,Lorah D. Dorn,US,1130,1997,148
A5081762691,William D. S. Killgore,US,1319,2012,53
A5033785127,Robert C. Wilson,US,1063,2006,53
A5041972281,Samuel Taylor,US,117,2021,53
A5074770577,Anne E. Chuning,US,39,2022,53
A5100358915,Siyu Wang,CN,98,2020,53
A5108775959,Michelle R. Persich,US,69,2016,53
A5020633152,Demetris K. Roumis,US,550,2015,147
A5022386372,Yagiz Meneksedag,TR,29,2023,147
A5026195764,Abhijith Mankili,US,29,2023,147
A5028726386,Eric L. Denovellis,US,238,2021,147
A5039626692,Jennifer A. Guidera,US,64,2018,147
A5044752228,Abhilasha Joshi,US,70,2022,147
A5049328994,Anna K. Gillespie,US,378,2016,147
A5060193294,Loren M. Frank,US,2236,1998,147
A5049976075,Marishka Mehta,US,24,2023,53
A5051796953,Rowan Hodson,US,24,2023,53
A5100400986,Sung Min Park,US,201,2004,10
A5009735497,Michael Bailey,AU,820,1999,122
A5037064641,Michael Buist,AU,212,2008,122
A5040355266,Miki Mullally,Unknown,112,2011,122
A5041269404,Steve Jones,GB,285,2004,122
A5053066721,Sarah Ingleby,US,112,2011,122
A5113455317,Jane Eddleston,GB,112,2011,122
A5047236098,Zhi-Xi Wu,CN,1213,2006,10
A5082080991,Zhihai Rong,CN,1181,2009,10
A5003930598,Eric A. Haak,US,84,2017,148
A5042084201,Ian A. Boggero,US,473,2012,148
A5056573109,Suzanne C. Segerstrom,US,3388,2004,148
A5070636787,Michael Murphy,US,671,2013,148
A5025043851,Gregory E. Miller,US,5114,2004,148
A5054013085,Robin Nusslock,US,924,2011,148
A5015037168,Iain Jourdan,GB,102,2014,122
A5053092315,Timothy Rockall,GB,453,2001,122
A5111836418,K Ballard,GB,78,2014,122
A5112053549,K Schwab,GB,78,2014,122
A5112870904,R Smith,NG,78,2014,122
A5113235576,A. Day,GB,78,2014,122
A5035420634,David Pilcher,AU,246,2015,122
A5038612232,Jessica Kasza,AU,161,2016,122
A5040996289,Eldho Paul,AU,76,2016,122
A5000797093,Emily Jenkins,AU,65,2015,122
A5003160392,Hugh Stephens,US,65,2015,122
A5040471062,C. Jake Barlow,AU,65,2015,122
A5089907871,Stewart G. Morrison,AU,65,2015,122
A5021515262,Cecilia Panigutti,IT,156,2017,10
A5000294737,Philipp Schwartenbeck,AT,2540,2013,53
A5035572398,Hamed Ekhtiari,US,217,2016,53
A5049120233,Rayus Kuplicki,US,537,2018,53
A5054660259,Jennifer L. Stewart,US,766,2013,53
A5081736253,Martin P. Paulus,US,2043,2007,53
A5040892490,Christopher J. Whyte,AU,80,2020,53
A5024633466,Guanrong Chen,HK,3279,2003,49
A5100674281,Xiang Li,CN,475,2003,49
A5009635990,Jessyca Naegele,US,51,2021,53
A5013029567,Ahmad Mayeli,US,179,2018,53
A5026740430,Obada Al Zoubi,US,190,2018,53
A5007874154,Shweta Bansal,US,1779,2007,18
A5057907135,Elaine O. Nsoesie,US,482,2013,14
A5013254960,Alex Kiefer,Unknown,38,2022,53
A5083758600,Maxwell J. D. Ramstead,GB,848,2017,53
A5022204507,Ilya Musabirov,CA,35,2022,30
A5023717200,Yiyi Wang,CA,17,2023,30
A5083931769,Jiakai Shi,CA,17,2023,30
A5066659680,Nataša Djurdjevac Conrad,DE,68,2014,4
A5078567169,Luzie Helfmann,DE,17,2023,4
A5108759740,Christof Schütte,DE,53,2014,4
A5012071072,Mark Sprevak,GB,16,2023,53
A5041496321,Gun Sang Jeon,KR,134,2000,10
A5075125669,Hyunsuk Hong,KR,1538,1999,10
A5004751576,Zafiris J. Daskalakis,US,1096,2003,122
A5042495463,Kate E. Hoy,AU,640,2004,122
A5066405251,Nicci Grace,AU,60,2012,122
A5083159520,Paul B. Fitzgerald,AU,1389,2003,122
A5026643216,Robert G. Riedel,US,330,1998,53
A5103340470,Ron Wright,US,56,2017,53
A5110408950,Lee Sechrest,US,561,1990,53
A5021874009,Anna Alkozei,US,384,2015,53
A5081289583,Darko Marinov,US,85,2017,6
A5060107547,Horst D. Steklis,US,109,2012,53
A5084225515,Netzin G. Steklis,US,98,2014,53
A5018278462,Edda Bilek,GB,83,2021,53
A5091571825,Michael Moutoussis,GB,1306,2011,0
A5050738347,Marco Ragni,DE,64,2010,4
A5081392022,David Borukhson,DE,25,2022,4
A5013441165,Pantelis Leptourgos,FR,96,2020,5
A5016368273,Praveen Suthaharan,US,120,2020,5
A5059741205,Julia M. Sheffield,US,12,2023,5
A5052585993,Zaiwu Gong,CN,41,2017,10
A5054304362,Choujun Zhan,CN,109,2016,10
A5061980190,Xiangyi Meng,US,63,2020,10
A5101967425,Bin Zhou,CN,81,2020,10
A5103031482,Yao Huang,CN,11,2023,10
A5004225567,Tim Wood,NZ,188,1998,122
A5007413782,Belinda J. Gabbe,AU,642,2005,122
A5012822963,Michael Makdissi,AU,56,2009,122
A5057379795,John J. McNeil,AU,598,2005,122
A5057585481,John Orchard,AU,188,1998,122
A5058822996,Jill Cook,AU,182,2009,122
A5080656951,E. Scase,AU,56,2009,122
A5080774483,N. Ames,AU,56,2009,122
A5000114720,Mick Watson,NL,56,2009,122
A5009944969,Adrian L. Smith,GB,56,2009,122
A5035906684,T. J. Humphrey,IE,56,2009,122
A5038609350,Richard K. Beal,GB,56,2009,122
A5051141507,William Mwangi,GB,56,2009,122
A5058670587,Xikun Wu,US,56,2009,122
A5082002252,Aharon Friedman,IL,56,2009,122
A5110740338,Claire Powers,GB,56,2009,122
A5032315661,Courtney Smith,US,87,2017,53
A5110300675,Jennifer Bao,CA,43,2017,53
A5020199695,André Panisson,IT,707,2014,14
A5020744129,Daniela Paolotti,IT,557,2004,14
A5027042078,Alexander Tschantz,GB,349,2020,53
A5048239223,Beren Millidge,GB,327,2020,53
A5007807828,Axel Constant,GB,815,2019,53
A5027729141,Masahiro Kazama,US,18,2022,53
A5065423139,Lav R. Varshney,US,18,2022,53
A5069106345,Yoshiki Ishikawa,US,79,2012,53
A5079229807,Susumu Nagayama,JP,18,2022,53
A5112444682,Takuya Kitagawa,JP,18,2022,53
A5103248586,Stephen R. Clarke,US,58,2006,122
A5060343798,Kharah M. Ross,CA,185,2013,148
A5100519093,Edith Chen,US,1320,2008,148
A5071042104,Raúl Toral,ES,1314,1993,14
A5086011172,Agnieszka Czaplicka,DE,51,2010,10
A5028529950,Lauren A. Demers,US,37,2018,53
A5043758404,Sarah Berryhill,US,37,2018,53
A5102104312,Mareen Weber,US,227,2012,53
A5031616122,Amanda R. Burkholder,US,36,2015,148
A5080348764,Kalsea J. Koss,US,36,2015,148
A5102766750,Anna E. Johnson,US,302,2011,148
A5015892598,Scott L. Rauch,US,353,1994,53
A5027461337,Lisa D. Nickerson,US,35,2017,53
A5054566780,Elizabeth A. Olson,US,113,2014,53
A5033231097,Gary E. Schwartz,US,2254,1987,53
A5034163547,Anna Sanova,US,103,2017,53
A5113576379,Donald M. Quinlan,US,918,1990,53
A5005806296,Jared K. Wilson‐Aggarwal,GB,30,2019,14
A5039724817,J. Zingeser,US,30,2019,14
A5063360427,Laura Ozella,IT,96,2019,14
A5064152560,Matthew J. Silk,GB,443,2017,14
A5073073131,Robbie A. McDonald,GB,186,2017,14
A5078374749,George J. F. Swan,CL,30,2019,14
A5079588783,Tchonfienet Moundai,TD,30,2019,14
A5020897731,Yongjuan Ma,CN,68,2016,10
A5028650315,Ivan Romić,CN,84,2020,10
A5028977873,Zhen Wang,CN,27,2020,10
A5051942308,Boris Podobnik,HR,1587,2000,10
A5084438761,Marko Jusup,JP,539,2014,10
A5086332189,Лей Ши,CN,419,2016,10
A5018021084,Patrick Gage Kelley,US,753,2009,24
A5063188030,Sunny Consolvo,US,4331,2006,6
A5113469293,Joshua Mason,US,44,2020,24
A5003475239,Andreas Grönlund,SE,157,2004,10
A5019800917,Mahnaz Roshanaei,US,57,2009,33
A5066136171,C. Lucas,US,41,2009,33
A5108850538,Ali Reza Mehrabian,CA,41,2009,33
A5048738205,Diego Benusiglio,IT,31,2015,14
A5077743516,Kaiyuan Sun,CN,374,2015,14
A5022698469,Heetae Kim,KR,83,2015,10
A5020867762,Vijo Kuruvilla,AU,28,2018,122
A5082972264,M Phillips,AU,28,2018,122
A5011216396,Rinaldo Bellomo,AU,481,2005,122
A5014628163,S. Morrison,GB,30,2011,122
A5018736336,Ian Seppelt,AU,30,2011,122
A5037142717,Cécile Aubron,FR,30,2011,122
A5056742179,Colin McArthur,NZ,30,2011,122
A5107835680,S. A. R. Webb,AU,30,2011,122
A5111451358,Belinda Howe,GB,30,2011,122
A5078926969,Emily M. Hastings,US,25,2018,6
A5071665336,Alberto Aleta,ES,726,2016,10
A5016411627,Rolland,AU,49,1999,122
A5035531287,Andrew Forbes,AU,358,1999,122
A5048753406,Michael J. Abramson,AU,297,1999,122
A5058879415,Francis Thien,AU,93,1999,122
A5086062766,Shyamali C. Dharmage,AU,204,1999,122
A5087925207,Raven,AU,49,1999,122
A5100349404,Cheng Cheng,CN,49,1999,122
A5110394620,Walters,CA,49,1999,122
A5054501621,Johan Giesecke,SE,34,2007,10
A5017065451,Verónica C. Ramenzoni,AR,35,2010,10
A5006201777,Bruce Thompson,AU,24,2012,122
A5012097906,Moegamat Faizel Hartley,AU,24,2012,122
A5054447629,Brigitte M. Borg,AU,24,2012,122
A5001458803,Sahil Bajaj,US,98,2016,53
A5035568207,Natalie S. Dailey,US,776,2012,53
A5046719770,Sung‐Min Lee,KR,30,2010,10
A5109412901,Young-Ho Eom,GB,137,2014,10
A5001345747,Joanna Katsanis,US,377,1991,24
A5110583160,Alfred W. Kaszniak,US,979,1990,53
A5112036996,Lisbeth Nielsen,US,609,2006,53
A5013720364,Valerie Upshaw,US,16,2020,53
A5030925693,Adam R. Teed,US,16,2020,53
A5028446880,Andrea Tura,IT,24,2007,149
A5030116819,Luca Quareni,Unknown,24,2007,149
A5069298278,Davide Longo,GB,24,2007,149
A5101513922,Paolo Santini,IT,24,2007,149
A5039495019,Monika Haack,US,18,2017,53
A5041019746,Nor’azim Mohd Yunos,MY,17,2013,122
A5112549762,T Investigators,US,14,2020,53
A5039069990,Alex Brown,CA,13,2021,122
A5055360397,Paul Secombe,AU,26,2018,122
A5083595394,Lewis Campbell,AU,13,2021,122
A5039700640,Han Reichgelt,US,267,2004,122
A5110194307,Richard J. LeBlanc,US,180,2003,122
A5110452659,Barry M. Lunt,US,421,2003,122
A5111513196,Joseph J. Ekstrom,US,369,2003,122
A5031300888,Jonas Braun,DE,15,2018,4
A5053370438,Frederik Wolf,DE,15,2018,4
A5019560674,Daniel V. Mullany,IE,14,2016,122
A5058800016,Christopher M. Reid,AU,204,2010,122
A5070261499,Tim G. Coulson,AU,26,2016,122
A5064308365,Leslie C. Baxter,US,13,2016,53
A5058137116,Daniele Rama,IT,13,2020,24
A5001461464,Jurij Dolenšek,SI,51,2015,10
A5010432596,Dean Korošak,SI,40,2018,10
A5030041504,Marjan Slak Rupnik,AT,61,2015,10
A5073579013,Andraž Stožer,SI,51,2015,10
A5002215194,Geraldine Lee,IE,100,2007,122
A5052157334,Natasha Jennings,AU,100,2007,122
A5059163885,Martín Cadeiras,US,34,2017,10
A5065315106,Diego Pinheiro,BR,74,2016,10
A5015845592,Fraser Magee,AU,13,2018,122
A5016337875,Anthony J. Wilson,US,13,2018,122
A5038005820,Paul J. Young,GB,215,2016,122
A5108652413,Geoffrey L. Ahern,AU,603,1997,53
A5020860817,Anna Chmiel,PL,224,2010,10
A5008781110,Guy Redden,AU,13,2010,122
A5050793661,Debby L. Waugaman,US,12,2017,53
A5067145124,Megan D. Kotzin,US,12,2017,53
A5077291146,Juan I. Perotti,AR,283,2013,10
A5068799015,Josh Karlin,US,43,2007,18
A5077623520,Xiao‐Jun Zeng,GB,5811,2011,44
A5111925801,Huina Mao,US,6483,2009,14
A5000385122,Jeanette Lorme,US,614,2016,10
A5060598258,Mathew V. Kiang,US,1260,2011,46
A5079585875,Herbert Van de Sompel,NL,980,2005,14
A5097393392,Marko A. Rodriquez,US,402,2006,14
A5024575129,Guangchen Ruan,US,372,2011,14
A5002606014,Danny Valdez,US,282,2020,14
A5004406904,Lauren A. Rutter,US,417,2020,14
A5022491810,Krishna C. Bathina,US,376,2020,14
A5044818236,Marijn ten Thij,NL,376,2020,14
A5016750811,Jason Kitcat,GB,236,2014,24
A5056058864,Margaret MacAlpine,Unknown,236,2014,24
A5065822688,J. Alex Halderman,US,307,2014,24
A5072196671,Travis Finkenauer,US,236,2014,24
A5085509658,Harri Hursti,US,236,2014,24
A5089221571,Drew Springall,US,236,2014,24
A5015105117,Lichao Sun,US,1859,2016,27
A5015122283,Congying Xia,CN,663,2017,27
A5036357902,Philip S. Yu,US,7040,1998,27
A5050796169,Renyu Yang,CN,512,2014,27
A5071709543,Lifang He,CN,972,2016,27
A5100340569,Qian Li,CN,291,2019,27
A5100380463,Jianxin Li,CN,651,2005,27
A5100740618,Hao Peng,CN,1025,2014,27
A5031755683,Samantha Finn,US,383,2011,3
A5047121608,Megan O'Keefe,US,142,2014,3
A5051285901,Kily Wong,US,142,2014,3
A5063825876,Laura Zeng,US,142,2014,3
A5110229757,Panagiotis Metaxas,US,184,2015,3
A5001375811,Sigga Svala Jonasdottir,IS,218,2020,9
A5065665426,Kelton Minor,US,255,2020,9
A5004342903,Heather McBrien,US,99,2022,46
A5021446126,Vivian Do,US,99,2022,46
A5030114462,Alexander J. Northrop,US,54,2023,46
A5044313704,Joan A. Casey,US,130,2021,46
A5052622584,Nina Flores,US,99,2022,46
A5112910664,Jeffrey Schlegelmilch,US,99,2022,46
A5008606959,Maria Elizabeth Grabe,US,1498,1997,1
A5049718154,Shuhua Zhou,HK,617,2000,1
A5057848925,Brooke Barnett,US,246,2001,1
A5053599900,Rick Luce,US,219,2005,14
A5113726511,Joan A. Smith,GB,219,2005,14
A5009742683,Jessica Chung,AU,194,2011,3
A5038786966,Michael J. Kurtz,US,203,2010,14
A5083103290,Carolyn E. Whitlock,US,124,2011,3
A5043737076,Ingrid van de Leemput,NL,110,2017,14
A5050821883,Bogdan Vasilescu,US,3031,2012,31
A5054753279,Alexander Serebrenik,NL,2275,2012,31
A5065212478,Huilian Sophie Qiu,US,123,2019,31
A5067373153,Alexander Nolte,NL,280,2018,31
A5108673449,Anita Brown,US,104,2019,31
A5012336736,Qiran Gong,CN,135,2019,27
A5020880385,Yangqiu Song,CN,1024,2011,27
A5102307089,Kunfeng Lai,CN,99,2019,27
A5110658459,Yuanxin Ning,CN,99,2019,27
A5021797771,Nishant Kishore,US,441,2020,46
A5022408311,Kenth Engø‐Monsen,NO,733,2004,46
A5030549596,Navin Vembar,Unknown,99,2020,46
A5042999436,Andrew Schroeder,US,99,2020,46
A5071983183,Satchit Balsari,US,111,2020,46
A5030201679,Monica Alexander,CA,166,2017,9
A5003875346,Sunny Duan,US,89,2016,24
A5023940771,Sam Foster,US,89,2016,24
A5040364412,Alec Mori,US,89,2016,24
A5045573429,Michael Bailey,FR,258,2009,24
A5060613208,Matthew Tischer,US,89,2016,24
A5088992540,Lorenzo Lorenzo‐Luaces,US,212,2016,14
A5049802784,Mirek Riedewald,MX,440,2003,9
A5054664991,Eric C. Anderson,US,399,2011,9
A5061385021,Lisa Feldman Barrett,US,4722,2001,9
A5072670483,Rajiv Ranjan,GB,781,2013,27
A5049837138,Peter Clark,GB,283,2020,8
A5077726785,Ashish Sabharwal,US,1346,2003,8
A5091640552,Yao Fu,CN,188,2022,8
A5015079616,Lianzhong Liu,CN,79,2021,27
A5086666436,Md Zakirul Alam Bhuiyan,US,817,2009,27
A5101431879,Xiaohang Xu,JP,79,2021,27
A5101432634,Zhifeng Hao,CN,55,2021,27
A5005455168,Litu Ou,Unknown,34,2023,8
A5018292103,Lars Kai Hansen,DK,696,1997,9
A5024316518,Lau Lilleholt,DK,227,2020,9
A5039256697,Anna Rogers,DK,30,2023,9
A5073159336,Germans Savcisens,US,30,2023,9
A5073853084,Ingo Zettler,DK,549,2013,9
A5018618850,Eric R. Buhi,US,29,2023,14
A5024622748,Jennifer S. Trueblood,US,796,2010,4
A5078182358,Andy Edinger,US,29,2023,14
A5081490882,Hans W. A. Hanley,US,48,2022,24
A5037451736,Rasha Kamhawi,EG,342,2006,1
A5013574246,Annie Lang,US,3312,1989,1
A5047139341,Xiaoquan Zhao,US,366,2003,1
A5005721188,B. Lautrup,DK,153,1997,9
A5090621205,A.D. Jackson,AU,153,1986,9
A5082878434,Natali Gulbahce,US,98,2008,9
A5056601756,Narine S. Yegiyan,US,238,2008,1
A5007068870,Kohta Murase,US,92,2014,150
A5051397820,Kumiko Kotera,BE,92,2014,150
A5053874234,Angela V. Olinto,US,92,2014,150
A5063417857,Ke Fang,US,209,2014,150
A5013586600,Akira Yoshihara,JP,441,2014,151
A5015623077,Kazuki Fujikawa,JP,106,2013,151
A5023847482,Kuniaki Uehara,JP,703,2007,151
A5103280533,Kazuhiro Seki,JP,352,2007,151
A5066458064,Jason Beckfield,US,195,2013,46
A5102875245,Анна Кошелева,US,149,2012,46
A5036582505,Lixin Dai,HK,77,2017,150
A5002219113,Vern Paxson,US,1646,1999,24
A5039753258,Jakub Czyz,US,76,2016,24
A5048394730,Stefan Savage,US,4106,2000,24
A5050884723,Frank Li,US,296,2014,24
A5081093597,Mohammad Karami,CY,159,2014,24
A5056777216,Rion Brattig Correia,US,72,2020,14
A5020871436,Eddy Maddalena,IT,288,2016,20
A5021006031,Alessandro Checco,IT,214,2018,20
A5038081564,Ujwal Gadiraju,NL,226,2018,20
A5050287516,Kevin Roitero,IT,340,2017,20
A5052565959,Gianluca Demartini,AU,757,2011,20
A5101540918,Lei Han,CN,170,2019,20
A5100644758,Xiaohan Li,CN,116,2020,27
A5100655628,Zheng Liu,CN,116,2020,27
A5052577882,Lingjuan Lyu,JP,953,2016,27
A5100369838,Chen Li,CN,41,2021,27
A5100443578,Lihong Wang,CN,140,2015,27
A5006072211,Michael Bang Petersen,DK,1357,2013,9
A5014937275,Marie Fly Lindholt,DK,124,2020,9
A5014951559,Frederik Juhl Jørgensen,DK,403,2020,9
A5033087699,Lasse Engbo Christiansen,DK,26,2022,9
A5042550344,Andreas Roepstorff,DK,1556,2008,9
A5070163266,Alexander Bor,AT,904,2019,9
A5071773542,Rebecca Adler‐Nissen,DK,150,2018,9
A5007475662,Jia Wu,AU,1068,2016,27
A5009644404,Jian Yang,NL,481,2002,27
A5041305250,Angsheng Li,CN,14,2023,27
A5066698067,Ge Zhang,CN,39,2018,27
A5078222384,Jianlin Su,CN,14,2023,27
A5100433327,Zhenyu Yang,CN,25,2021,27
A5101912402,Shan Xue,CN,66,2021,27
A5081705885,Robert F. Potter,US,1743,1999,1
A5039990276,Deborah Potter,US,225,2003,1
A5055814229,Paul D. Bolls,US,2281,1998,1
A5026109331,Toby Dunn,Unknown,71,2012,46
A5033547979,Sara J. Singer,US,879,2006,46
A5044195667,Diane Kuhn,US,71,2012,46
A5087850840,Mark W. Friedberg,US,770,2010,46
A5007095631,Perry N. Halkitis,US,126,2008,46
A5048935006,Joseph J. Palamar,US,126,2008,46
A5017853674,Özen Baş,TR,109,2013,1
A5016957024,Joachim Mathiesen,DK,284,2003,9
A5052876977,Mogens H. Jensen,DK,308,1992,9
A5074485630,Jesper Dammeyer,DK,72,2016,9
A5005480813,Ralph Holz,NL,51,2016,24
A5028367744,Katsunari Yoshioka,JP,38,2020,24
A5033589837,Christian Rossow,DE,245,2012,24
A5045773507,Liz Izhikevich,US,66,2020,24
A5073108885,Gerry Wan,US,38,2020,24
A5081866789,David Adrian,BO,38,2020,24
A5011538487,Yuanxing Ning,CN,32,2021,27
A5100401045,Zheng Wang,CN,448,2011,27
A5035206337,R. D. Blandford,US,40,2020,150
A5066502046,M. Kerr,US,22,2022,150
A5081375505,E. Charles,US,40,2020,150
A5084320653,Henrike Fleischhack,US,22,2022,150
A5061375468,Kimberly Ruth,US,50,2021,24
A5078361948,Brandon Wang,US,22,2022,24
A5083843990,Luke Valenta,US,22,2022,24
A5008799521,Robert D. Reich,US,168,1997,1
A5029165485,Matthew Lombard,US,6168,1995,1
A5077370044,Theresa Bolmarcich Ditton,US,3566,1997,1
A5001506842,Lauren Hill,US,172,2003,14
A5035094264,Marko A. Rodriguez,US,357,2006,14
A5090712336,Robert P. Dellavalle,US,290,2003,14
A5004880533,Christopher Gates,US,177,2010,27
A5034838576,Cristina Nita-Rotaru,US,880,2002,27
A5040348286,Ian Molloy,US,753,2008,27
A5079913027,Bhaskar Sarma,US,44,2014,27
A5080951829,Rahul Potharaju,FI,44,2014,27
A5100676886,Yuan Qi,CN,154,2004,27
A5101471208,Ninghui Li,US,2123,2003,27
A5009447225,Damion Junk,US,44,2016,46
A5068784452,Katy Börner,US,2687,2005,46
A5038697749,Martin Rosvall,SE,1085,2005,10
A5110287426,Ulf Aslak,DK,43,2018,10
A5035708362,Senzhang Wang,CN,472,2015,27
A5100383332,Lin Liu,CN,36,2020,27
A5102006329,Hao Yan,CN,36,2020,27
A5034253768,Ingrid A. van de Leemput,NL,453,2014,14
A5045054843,Marten Scheffer,NL,16090,2001,14
A5081710991,Katherine Izhikevich,US,28,2021,24
A5085830675,Maya Ziv,IL,28,2021,24
A5001517214,Ilkka Kivimäki,FI,57,2017,10
A5058174921,David Gray Widder,US,168,2018,31
A5089412314,Laura Dabbish,US,2392,2004,6
A5091422948,Hana Frluckaj,US,50,2021,31
A5110068013,Cheryl Campanella Bracken,US,2582,1999,1
A5047030954,Catherine L Lui,US,47,2011,3
A5011973581,Benjamin C. Kennedy,US,61,2015,152
A5055766075,Jeanne M. Franzone,US,35,2015,152
A5058101684,Melissa Austin,US,35,2015,152
A5090100802,Timothy J. Daskivich,US,35,2015,152
A5103246859,Jessica T. Casey,US,35,2015,152
A5110277924,HelenMari Merritt,US,35,2015,152
A5003837095,Ningyuan Fan,CN,17,2022,153
A5023898973,Shiyang Lai,US,17,2022,153
A5100307104,Zhi-Ping Fan,CN,17,2022,153
A5100400878,Yuan Chen,CN,17,2022,153
A5011916919,Garry Gray,CA,65,2011,46
A5028309092,Gregg S. Meyer,US,88,2011,46
A5042539925,Jennifer Hayes,US,237,2008,46
A5069315910,Jay W. Vogt,US,88,2011,46
A5085065642,Angela Aristidou,US,168,2011,46
A5102800269,Jeffrey B. Cooper,US,108,2011,46
A5103442398,Michael Sales,US,88,2011,46
A5048448713,Jessica Gall Myrick,US,63,2015,1
A5042277127,Qiben Yan,US,631,2016,27
A5046508099,Bo Li,CN,132,2007,27
A5071321132,Jun Zhao,SG,612,2012,27
A5101594408,Minglai Shao,CN,26,2020,27
A5104473141,Xudong Liu,CN,41,2020,27
A5055332597,Jiaqian Ren,CN,14,2022,27
A5089379689,Lei Jiang,CN,14,2022,27
A5100321247,Zhiwei Liu,CN,370,2019,27
A5021463856,Paolo Santi,US,862,2015,10
A5037697064,Trevor Harris,US,13,2022,10
A5057889658,Timur Abbiasov,US,13,2022,10
A5063979721,Daniel Carmody,US,13,2022,10
A5074340783,Martina Mazzarello,US,13,2022,10
A5015993565,Albert Y. Zomaya,AU,493,2013,27
A5023692113,Xiaoyang Sun,GB,13,2022,27
A5046613099,Junqing Xiao,CN,13,2022,27
A5066123431,Tianyu Wo,CN,294,2010,27
A5086470621,Chunming Hu,CN,59,2005,27
A5100639079,Jie Xu,GB,421,2006,27
A5101423335,Jianyong Zhu,CN,13,2022,27
A5010557815,Shengding Hu,CN,170,2021,26
A5060498828,Lei Hou,CN,397,2014,26
A5100320723,Zhiyuan Liu,CN,4351,2016,26
A5100426170,Qun Liu,CN,1380,2003,26
A5100775958,Xiaozhi Wang,CN,611,2018,26
A5102834811,Hailong Jin,CN,13,2022,26
A5000777533,Alexander Weissman,US,26,2017,14
A5083640188,Emma Lurie,US,46,2018,3
A5020043539,Claire Devine,US,21,2020,3
A5024307786,Miho Tanaka,JP,37,2018,154
A5059745520,Yusuke Inoue,JP,12,2022,154
A5080516491,Michael Campbell,BB,12,2022,154
A5103078858,Satoshi Kodama,JP,12,2022,154
A5047508986,Zhiheng Lyu,CN,12,2022,26
A5081681623,Hongyin Zhu,CN,12,2022,26
A5102481665,Jinghui Xiao,CN,12,2022,26
A5007558173,Zhuoren Jiang,CN,206,2013,14
A5050969688,Alex Migicovsky,US,24,2014,24
A5074441446,Jeff Ringenberg,US,24,2014,24
A5079123359,Jessica Bu,US,23,2015,3
A5090151187,Chin-Yew Lin,GB,1198,1997,8
A5100375105,Jing Liu,CN,22,2016,8
A5024605798,Mengjiao Bao,CN,38,2017,27
A5064724240,Yu He,CN,21,2017,27
A5079692192,Yao‐Peng Liu,CN,21,2017,27
A5111978133,Erica Yang,DE,21,2017,27
A5009958753,Bárbara Poblete,CL,2936,2008,14
A5044971767,Jorge Bahamonde,CL,18,2018,14
A5091661935,Erick Elejalde,DE,50,2018,14
A5078072524,Yi Zhao,CN,35,2019,27
A5081507644,Bowen Du,CN,18,2019,27
A5088153231,Linfeng Du,CN,18,2019,27
A5100665611,Jibing Gong,CN,35,2019,27
A5101574813,Shuli Wang,CN,18,2019,27
A5103000932,Hongfei Wang,CN,18,2019,27
A5114734431,Shuai Chen,CN,18,2019,27
A5100409994,Jian Zhang,CN,505,2001,6
A5104561219,Xudong Liu,CN,34,2016,27
A5006519125,Zhongfen Deng,US,16,2020,27
A5018396769,Philip L. H. Yu,HK,528,2019,27
A5101594410,Minglai Shao,CN,15,2021,27
A5101774337,Hong Wang,CN,31,2021,27
A5038044359,Julia Fox,US,204,2004,1
A5052548483,Rachel L. Bailey,US,359,2009,1
A5010541203,Mariska Kleemans,NL,79,2017,1
A5100741675,Minchul Kim,KR,16,2017,1
A5009481188,Jeremy N. Wong,US,94,2019,152
A5039681359,Erin C. Conrad,US,94,2019,152
A5052055830,Eric D. Marsh,US,183,2016,152
A5109597218,Samuel B. Tomlinson,US,183,2016,152
A5010213199,Reiko Okamoto,JP,13,2021,154
A5022381910,Misaki Kiya,JP,13,2021,154
A5100457514,Meng Li,CN,13,2021,154
A5101750683,Keiko Koide,JP,13,2021,154
A5091205267,Tian Xia,US,13,2016,14
A5101189525,Xing Yu,CN,13,2016,14
A5101631994,Zheng Gao,CN,53,2016,14
A5006115428,Richard J. Maude,TH,32,2019,46
A5047054473,Nattwut Ekapirat,TH,12,2021,46
A5058444781,Prayuth Sudathip,TH,32,2019,46
A5079408277,Hsiao‐Han Chang,TW,12,2021,46
A5088346775,Meng-Chun Chang,IN,12,2021,46
A5109893479,Panagiotis Takis Metaxas,US,13,2014,3
A5065498907,Matthias Thimm,DE,39,2015,34
A5070011029,Khonzodakhon Umarova,US,24,2019,3
A5034315380,Anna Kawakami,US,56,2020,6
A5035750278,Mengzhuo You,CN,11,2016,27
A5014926806,H. S. Terrace,US,235,2013,152
A5028797433,Vincent P. Ferrera,US,194,2015,152
A5031578230,Greg Jensen,US,235,2013,152
A5045759802,Yelda Alkan,US,108,2015,152
A5101603399,Fabián Muñoz,US,118,2015,152
A5008012544,Satoshi Hashiguchi,JP,12,2018,154
A5030473547,Shohei Mori,AT,12,2018,154
A5056107155,Fumihisa Shibata,JP,70,2008,154
A5109880015,Asako Kimura,JP,70,2008,154
A5022721007,Eelco Herder,NL,22,2011,14
A5011250113,Kevin Wise,US,1042,2002,1
A5056239948,Seungjo Lee,KR,12,2008,1
A5013483870,Gordon N. Keating,US,26,2003,14
A5019202190,Diana Mangalagiu,GB,11,2007,14
A5087662981,H. J. Ziock,US,11,2007,14
A5088930078,Steen Rasmussen,RO,142,1998,14
A5002373487,Aric Hagberg,US,11,2007,14
A5027991610,Lyudmila Balakireva,US,33,2007,14
A5053252705,Peyton J. Marshall,US,754,1985,10
A5110383731,Cameron Marlow,US,7396,2006,5
A5027824085,Sebastiano Vigna,IT,1626,1998,12
A5038842358,Paolo Boldi,IT,1754,1998,12
A5082183505,Marco Rosa,IT,1185,2011,12
A5010539758,Mari‐Klara Stein,EE,853,2012,81
A5070346701,Jason W. Burton,DK,497,2019,81
A5103291918,Tina Blegind Jensen,DK,771,2013,81
A5024549881,Girmaw Abebe Tadesse,GB,239,2022,12
A5076286335,Weixin Liang,CN,250,2021,12
A5037478891,Anke Wonneberger,NL,272,2015,42
A5053359378,Peter Neijens,NL,3429,2005,42
A5041920173,Ion Stoica,US,10291,2004,12
A5064891668,Eric Liang,US,224,2017,12
A5100329946,Xi Chen,CN,191,2019,12
A5058939686,Mariano-Florentino Cuéllar,US,177,2020,12
A5088180205,Catherine M. Sharkey,US,177,2020,12
A5102963043,David Freeman Engstrom,US,177,2020,12
A5024191967,Matthew Dahl,US,28,2024,12
A5093650413,Varun Magesh,US,28,2024,12
A5093650414,Mirac Suzgun,US,28,2024,12
A5028030287,Changhai Lu,US,305,1998,155
A5035926555,Kimyeong Lee,KR,867,1992,155
A5076857991,Fengzhong Wang,CN,612,2007,10
A5001390698,Richard M. Ryan,US,11641,1996,37
A5026254695,Todd B. Kashdan,AU,1741,2006,37
A5035155852,Kirk Warren Brown,US,1779,2004,37
A5039239194,Christopher P. Niemiec,US,1263,2006,37
A5043533770,William E. Breen,US,1304,2006,37
A5048190572,Chantal Levesque‐Bristol,US,467,2010,37
A5088993890,Philip J. Cozzolino,US,353,2009,37
A5057268108,V. P. Nair,US,221,1992,155
A5089783007,Erick J. Weinberg,US,437,1990,155
A5087933747,Jae‐Suk Yang,KR,539,2006,10
A5052717630,Hiroki Sayama,US,2421,2000,23
A5005471129,Miaolin Fan,US,153,2015,23
A5054201550,Brandon E. Gibb,US,514,2004,23
A5084887008,Vladimir Miskovic,US,153,2015,23
A5089093131,Max Owens,US,303,2014,23
A5111552689,Xinpei Ma,CN,153,2015,23
A5111671213,Chun‐An Chou,US,153,2015,23
A5101961139,Kevin M. Quinn,GB,819,2008,12
A5007007346,Benjamin James Bush,US,139,2010,23
A5037711258,Shelley D. Dionne,US,2305,2004,23
A5110584499,Chanyu Hao,US,287,2010,23
A5067027289,Stefan F. Bernritter,GB,317,2015,42
A5070414079,Susan Vermeer,NL,271,2019,42
A5054882507,Jana Kollat,DE,118,2018,42
A5000574657,Vahid Aryadoust,SG,318,2019,3
A5028677485,Li Ying Ng,SG,207,2019,3
A5010626031,René Doursat,FR,117,2013,23
A5112282903,Olivier Michel,FR,117,2013,23
A5077381667,Rens Vliegenthart,NL,2933,2009,42
A5001081701,Andra Serban,US,647,2012,23
A5005276271,Kristie A. McHugh,US,87,2016,23
A5033926858,Subimal Chatterjee,US,87,2016,23
A5087106540,Francis J. Yammarino,US,2664,2004,23
A5016902194,Carolin Ischen,NL,193,2020,42
A5029940839,Hilde Voorveld,NL,1915,2009,42
A5049583849,George C. Banks,US,533,2017,23
A5053531231,Marianne Schmid Mast,CH,202,2015,3
A5065802887,Mohi Khansari,GB,266,2019,0
A5083516691,Eric Jang,US,857,2017,0
A5101767626,Zhuo Xu,CN,54,2021,0
A5110628285,Yunfei Bai,CN,54,2021,0
A5111514705,Kanishka Rao,GB,210,2019,0
A5003367943,Colleen Honigsberg,US,51,2022,12
A5011015504,Inioluwa Deborah Raji,US,554,2020,12
A5039777967,Peggy Xu,US,51,2022,12
A5024911827,Peyman Faratin,US,3825,1996,23
A5102840892,Mark Klein,DE,838,2002,23
A5015794039,Cheoljun Eom,KR,523,2007,10
A5035289081,Gabjin Oh,KR,439,2007,10
A5100825319,Sunghoon Choi,KR,124,2008,10
A5078131879,F. Wang,IL,81,2012,10
A5100451556,Seunghwan Kim,KR,638,2007,10
A5020788604,Gauze Pitipon Kitirattarkarn,TH,88,2018,42
A5040994034,Ardie Orden,Unknown,93,2019,9
A5045958113,Masoomali Fatehkia,QA,150,2019,9
A5063479107,Kyeongryeol Go,KR,56,2019,9
A5075847557,Doo Cheol KIM,US,56,2019,9
A5090216634,Stephanie Sy,Unknown,93,2019,9
A5090968735,Isabelle Tingzon,US,93,2019,9
A5080559256,Jan Overgoor,US,76,2019,12
A5011976065,Musa Al-Asad,Unknown,50,2020,9
A5022129033,João Palotti,US,181,2009,9
A5033060770,Jeffrey Villaveces,Unknown,50,2020,9
A5039806288,Nicole Cruz,PE,130,2015,0
A5091891085,Jakob Ohme,DE,193,2016,42
A5017000481,Ziad Obermeyer,US,4724,2015,12
A5076075666,Judy Wawira Gichoya,US,92,2021,12
A5038346932,Piljin Yi,KR,103,1996,155
A5009613063,Julie A. Gallagher,US,55,2013,23
A5018162555,John Endress,Unknown,55,2013,23
A5043612820,Christina M. Kavanaugh,US,55,2013,23
A5047405065,Cara Boothroyd,Unknown,55,2013,23
A5056424898,Brianna Benson,Unknown,55,2013,23
A5057292448,Deanna Blansky,US,55,2013,23
A5053740228,Kristen M. Altenburger,IL,63,2018,12
A5032912114,Vinay Augustine,US,72,2017,31
A5049106181,Preetha Chatterjee,US,130,2017,31
A5051151566,Nicholas A. Kraft,US,104,2016,31
A5068927917,Lori Pollock,US,115,2017,31
A5073349866,Kostadin Damevski,US,87,2017,31
A5044901818,Jay Saoud,US,97,2016,23
A5055380940,Michael Davidson,US,111,2005,23
A5075493826,Farnaz Zamani Esfahlani,US,479,2019,23
A5084514376,Brian Kirkpatrick,US,1266,2010,23
A5089587823,R. Luthringer,DE,97,2016,23
A5102857596,Mark Opler,US,67,2019,23
A5055686105,Kinga Makovi,AE,58,2016,23
A5038935278,Cassandra Handan‐Nader,US,44,2019,12
A5041079971,Minji Kong,US,43,2019,31
A5058005849,Irina Lock,DE,81,2019,42
A5020377067,Carlos Gershenson,US,229,2005,23
A5055111984,Vito Trianni,IT,123,2007,23
A5077337147,Justin Werfel,US,115,2004,23
A5017765466,Masaya Saito,JP,54,2013,23
A5080267104,Genki Ichinose,JP,426,2007,23
A5109205244,David Sloan Wilson,US,160,1996,23
A5019683266,Byung‐Moon Choi,KR,305,2008,10
A5022902229,Heonsoo Lee,US,181,2013,10
A5025126241,Pangyu Joo,US,41,2017,10
A5045839049,Jisung Wang,KR,41,2017,10
A5050334052,Gyu‐Jeong Noh,KR,445,2008,10
A5075330891,Seungwoo Ku,KR,55,2013,10
A5011353616,Kechen Qin,US,39,2017,17
A5100364489,Lu Wang,US,39,2017,17
A5052658840,Janaki Gooty,US,830,2010,23
A5039075942,Nicholas Beauchamp,US,35,2019,17
A5015055144,Michael Small,AU,211,2008,23
A5027823378,Jinming Wan,CN,18,2022,23
A5047169376,Changqing Cheng,CN,18,2022,23
A5016812600,Daniel Kabat,US,78,2002,155
A5088829113,Dongsu Bak,KR,72,2001,155
A5000478635,Sheina Orbell,GB,50,2009,19
A5103569870,Linda Morison,GB,306,2006,19
A5071941451,Donald B. Rubin,US,5641,1992,33
A5008592841,Toni GLA van der Meer,NL,36,2018,42
A5052102753,Mariella Bastian,NL,151,2019,42
A5087601816,Mykola Makhortykh,CH,195,2019,42
A5022836465,Sayli M Narkhede,US,22,2021,23
A5034359121,Lauren Luther,US,22,2021,23
A5035630445,Alex S. Cohen,US,301,2012,23
A5059633881,Anna R. Knippenberg,US,22,2021,23
A5075148505,Ian M. Raugh,CA,200,2019,23
A5015107718,Jin-Beom Bae,GB,16,2022,155
A5023927425,Matthieu Sarkis,LU,16,2022,155
A5028386100,Zhihao Duan,GB,16,2022,155
A5089023174,Sungjay Lee,KR,16,2022,155
A5026681234,Ben Chugg,US,16,2022,12
A5077172842,Mathilde H. A. Bastiansen,NL,15,2022,42
A5088063511,Mia Mohammad Imran,US,15,2022,31
A5110930769,Yashasvi Jain,US,15,2022,31
A5073045103,Hsien-Chung Kao,TW,57,1994,155
A5006525153,Lawrence S. Meyers,US,43,2009,37
A5040942172,Todd R. Schachtman,US,163,2009,37
A5078294428,Kennon M. Sheldon,RU,6010,1996,37
A5112623628,John J. Donohue,US,43,2007,12
A5008138655,Charles J. Goodnight,US,43,2008,23
A5025865739,Marcus A. M. de Aguiar,US,247,2002,23
A5031449114,Erik Rauch,DE,301,1995,23
A5035257891,Michel Baranger,US,75,2002,23
A5011096186,Dene L. Farrell,US,42,2010,23
A5012579776,F. Wang,US,87,2006,10
A5014320689,Colin Mcswiggen,US,44,2014,23
A5071712158,Urbano L. França,US,44,2014,23
A5042623832,Mark G. Kelman,UA,30,2014,12
A5007116853,Roderick MacDonald,US,29,2016,23
A5038002152,Nasser Sharareh,US,29,2016,23
A5075545448,Nasim S. Sabounchi,US,29,2016,23
A5060081511,Rahul Makhijani,US,60,2017,12
A5061409964,Maurício Gruppi,US,38,2020,17
A5103066394,Benjamin D. Horne,US,26,2020,17
A5027666533,Guy Laban,GB,78,2020,10
A5027027258,Hie‐Tae Moon,KR,114,2005,10
A5037779476,Taisei Kaizoji,JP,308,2007,10
A5101848964,Okyu Kwon,KR,418,2005,10
A5048916979,Jonathan P. Newman,US,48,2008,147
A5001518464,Sandra Zwier,NL,30,2011,42
A5055571018,Lotte M. Willemsen,NL,1017,2011,42
A5029212984,Hyunuk Kim,US,25,2018,10
A5087351290,Sang‐Jin Ahn,KR,46,2018,10
A5046204784,Manziba Akanda Nishi,US,24,2017,31
A5020926453,Håkan Jönsson,SE,18,2021,9
A5045303772,Junichi Yamanoi,JP,24,2012,23
A5100406592,Min-Jun Kim,US,23,2017,23
A5036043139,Ernestine C. Briggs,US,118,2015,49
A5056716039,Rachel E. Liebman,CA,20,2019,49
A5060534526,Hilary Hodgdon,US,100,2015,49
A5068959525,Michael K. Suvak,US,200,2010,49
A5078357516,Dmitry Zinoviev,US,82,2009,49
A5112492744,Joseph Spinazzola,US,100,2015,49
A5010846780,Les Kaufman,US,57,2000,23
A5110054677,Hie-Tae Moon,KR,73,2006,10
A5111432259,Seungbyung Chae,KR,31,2006,10
A5066964794,Craig B. Laramee,US,38,2009,23
A5023738873,Jin Akaishi,JP,23,2012,23
A5036387798,Netta Weinstein,GB,3112,2009,37
A5039666403,William S. Ryan,CA,439,2015,37
A5052464967,Nicole Legate,US,291,2015,37
A5084137024,Constantine Sedikides,GB,789,2008,37
A5060705578,Stephen Uzzo,US,19,2015,5
A5078056340,Lori Sheetz,US,19,2015,5
A5110863569,Catherine Cramer,US,19,2015,5
A5004299816,Lisa A. Bartolomeo,US,37,2020,23
A5044872102,Eric Granholm,US,540,2010,23
A5052058622,Katherine Frost Visser,US,113,2018,23
A5072139978,Jason Holden,US,122,2015,23
A5006755527,M. F. Abdulqadir Noon,Unknown,14,2021,42
A5046867258,Rufei Liu,CN,14,2021,42
A5081003980,Xiaotong Chu,NL,14,2021,42
A5078679974,Gyu Lee,Unknown,31,1986,10
A5051893584,Vy Duong,US,62,2009,49
A5100626780,Honggang Zhang,CN,48,2010,49
A5011415848,Xinpei Ma,Unknown,17,2015,23
A5015324466,Yoshiki Satotani,JP,16,2018,23
A5013682152,Laura E. R. Blackie,GB,161,2014,37
A5115601398,Constantine Sedikides,GB,129,1999,37
A5006409583,Martin O. Larsson,US,16,2011,12
A5085619718,Woo‐Sik Son,KR,13,2016,10
A5035786206,Alice Xiang,JP,75,2020,12
A5036538919,Seung Ki Baek,KR,362,2005,10
A5077986984,Hyobin Kim,US,13,2018,23
A5003322306,Julia C.M. van Weert,NL,1970,2011,42
A5058920438,Mies van Eenbergen,NL,56,2018,42
A5060107740,Remco Sanders,NL,284,2016,42
A5078153382,Annemiek J. Linn,NL,266,2013,42
A5020180369,Ryan Drapeau,US,91,2015,6
A5057273329,Benjamin D. Horne,US,35,2020,17
A5008569720,Jessica Lasky‐Su,IN,83,2016,12
A5101979342,Aneesh Sharma,US,136,2016,12
A5114488878,Krishna Kamath,US,130,2011,12
A5009209543,Chris Salzberg,JP,35,2004,23
A5002233187,Federico Viani,IT,328,2008,156
A5041232026,L. Ioriatti,IT,14,2009,156
A5049765815,Andrea Massa,IT,843,2008,156
A5086308811,Mauro Martinelli,IT,14,2009,156
A5111458484,Manuel Benedetti,IT,627,2008,156
A5002854572,Ewa Masłowska,US,835,2011,42
A5083338507,Vijay Viswanathan,US,309,2014,42
A5103449211,Antony Antony,ID,16,2004,23
A5047925742,Hamid Baghestani,AE,17,2000,10
A5081744835,Daniel Zuchegno,Unknown,17,2000,10
A5020039299,Yoonbai Kim,KR,15,2002,155
A5006559598,David M. Kent,US,1488,2003,46
A5018531683,Peter M. Rothwell,GB,688,2006,46
A5070446713,John P. A. Ioannidis,US,18232,2003,46
A5103470033,Rodney A. Hayward,US,2953,1994,46
A5112320499,Doug Altman,GB,757,2004,46
A5038653391,Yeping Wu,CN,291,2019,157
A5052488511,Lin Zhou,CN,291,2019,157
A5071284985,Mao Chen,CN,291,2019,157
A5082341738,Xiuli Zhao,CN,291,2019,157
A5100320371,Yongjun Zhang,CN,348,2008,157
A5014632945,Jessica K. Paulus,US,204,2013,46
A5033086949,Timothy P. Hofer,US,1416,1994,46
A5049202733,Sandeep Vijan,US,288,2006,46
A5008184732,Jason Nelson,US,124,2016,46
A5016796406,Issa J Dahabreh,US,559,2012,46
A5042962646,Douglas G. Altman,GB,10243,1994,46
A5027729234,Jennifer D. Allen,US,1211,1997,46
A5030462842,Kimchi Nguyen,US,114,2021,46
A5068105978,Mei Chung,US,220,2010,46
A5077432285,Laura Corlin,US,220,2021,46
A5089392540,Kimberly H. Nguyen,US,248,2021,46
A5012913099,Elyssa Anneser,US,54,2021,46
A5016947580,Alexander Toppo,US,54,2021,46
A5059554885,J. Scott Parott,US,54,2021,46
A5031279419,Ridhi Kashyap,GB,205,2018,9
A5108052411,Xinyi Zhao,GB,20,2023,9
A5025059277,P. Schiffer,US,33,2001,10
A5001349055,María E. Fernández,US,129,2010,46
A5005962855,Katherine Wilson,CA,118,2010,46
A5009867814,Rebecca S. Williams,US,341,2001,46
A5014409013,Raegan A. Tuff,US,118,2010,46
A5020166075,Patricia Dolan Mullen,US,1325,2006,46
A5039860428,Beth A. Glenn,US,286,2006,46
A5071531836,Cam Escoffery,US,729,2007,46
A5084956002,Gloria D. Coronado,Unknown,165,2010,46
A5001664420,Laura Linnan,US,1219,1994,46
A5034419078,Karen M. Emmons,US,1579,1999,46
A5004591917,Roberta E. Goldman,US,205,2005,46
A5037607769,Rachel C. Shelton,US,649,2008,46
A5111599250,Elizabeth Harden,US,132,2005,46
A5011309664,Abdoul‐Aziz Mamaty,NE,102,2014,158
A5014132912,Denise Scott Brown,GB,90,2014,158
A5022153074,Mahamane L. Manzo,BE,234,2011,158
A5025596419,Céline Langendorf,FR,172,2012,158
A5037029596,Lynda W.-M. Touré,NE,90,2014,158
A5046960097,Rebecca F. Grais,FR,707,2008,158
A5055298686,Stéphane Doyon,SN,145,2012,158
A5074089902,Saskia de Pee,IT,344,2003,158
A5084891341,Thomas Roederer,FR,145,2012,158
A5035889998,May Yang,US,303,2009,46
A5047854386,Bryan Leyva,US,245,2014,46
A5059363099,Sara L. Tamers,US,100,2014,46
A5076841069,Caitlin E. Caspi,US,1274,2012,46
A5091031123,Reginald Tucker‐Seeley,US,87,2014,46
A5103439820,Glorian C. Sorensen,US,87,2014,46
A5103580947,Anne M. Stoddard,US,578,1993,46
A5002814099,Lisa DiMartino,US,71,2017,46
A5007359139,Bryan J. Weiner,US,1661,2008,46
A5046629426,Annette E. Maxwell,US,138,2007,46
A5057371553,Samuel D. Towne,US,71,2017,46
A5076941944,Deborah J. Bowen,US,258,2004,46
A5004074611,David van Klaveren,NL,83,2013,46
A5063792624,Patrick W. Serruys,IE,83,2013,46
A5091435927,Ewout W. Steyerberg,NL,6596,2007,46
A5063695842,Yi Yu,CN,470,2015,87
A5068875173,Jianghui Li,CN,66,2019,87
A5077852542,Badong Chen,CN,1086,2015,87
A5100366031,Lu Lu,FR,521,2015,87
A5100695975,Youwen Zhang,CN,55,2019,87
A5103144137,Hongsen He,CN,122,2019,87
A5038183626,Cole Freeman,US,77,2019,33
A5048303889,Haiming Zhou,US,52,2021,33
A5051081885,Pavan Ravikanth Kondamudi,US,52,2021,33
A5065625279,Akhil Pandey Akella,US,52,2021,33
A5065954205,Hamed Alhoori,US,172,2014,33
A5045275171,Kenneth Chui,US,160,2008,46
A5070926084,Stacy Chen,CA,43,2021,46
A5102860079,Kathryn A. Morris,US,122,2014,46
A5069862605,Megan Geddes,US,31,2022,46
A5008531429,Jing Huang,US,26,2022,46
A5054294576,Kathrine A Mansfield,US,26,2022,46
A5001055925,Shunji Mugikura,JP,66,2010,29
A5001341965,Ayahito Ito,JP,85,2010,29
A5014109789,Yuta Koseki,JP,66,2010,29
A5023019678,Etsuro Mori,JP,244,2006,29
A5058147589,Toshikatsu Fujii,JP,187,2003,29
A5074372343,Nobuhito Abe,JP,177,2006,29
A5101754794,Shoki Takahashi,JP,98,2003,29
A5103452944,Aya Ueno,JP,85,2006,29
A5112682583,Ryusaku Hashimoto,JP,83,2010,29
A5000182407,Maria Idalí Torres,US,87,2014,46
A5012175728,Laura S. Tom,US,87,2014,46
A5051384498,Ana F. Abraído‐Lanza,US,59,2014,46
A5055049223,Hosffman Ospino,US,87,2014,46
A5025886998,Andrew J. Vickers,US,8365,2001,46
A5039104588,Karen Bandeen‐Roche,US,1382,2007,46
A5055605251,Cynthia M. Boyd,US,412,2011,46
A5073980557,Ravi Varadhan,US,1529,2008,46
A5083315765,Milo A. Puhan,CH,504,2012,46
A5111924341,Carlos O. Weiss,Unknown,373,2007,46
A5021612023,Annette Jäckle,GB,366,2014,4
A5037507641,Alexander Wenz,DE,129,2019,4
A5023376593,Siyu Jia,CN,46,2018,157
A5028812351,Ying Guan,CN,46,2018,157
A5101564100,Zhuo Tang,CN,46,2018,157
A5013616968,Dimity Stephen,DE,22,2022,9
A5041856505,Flaminio Squazzoni,IT,946,2009,9
A5063426224,Murtuza Shahzad,US,11,2023,33
A5102905826,Mona Rahimi,US,11,2023,33
A5000247698,Joshua T. Cohen,US,218,2010,46
A5005675028,Klemens B. Meyer,US,139,2000,46
A5023928847,Jose Calvo-Broce,US,63,2010,46
A5024048950,Ezra Gabbay,US,63,2010,46
A5062268434,Thomas A Trikalinos,US,3026,2003,46
A5005687489,Lisa M. Quintiliani,US,176,2009,46
A5010277929,Miguel Marino,US,139,2009,46
A5026024648,Yi Li,US,57,2009,46
A5077273709,Susan Kelly‐Weeder,US,57,2009,46
A5049395978,Maneesh Arora,US,84,2018,17
A5050846832,Davin L. Phoenix,US,45,2018,17
A5012964156,Guido H. E. Gendolla,CH,228,1999,29
A5041083697,Perminder S. Sachdev,AU,114,2018,29
A5058974801,Howard C. Cromwell,US,235,2008,29
A5067731596,Rebecca Koncz,AU,114,2018,29
A5085182910,Catherine L. Caldwell‐Harris,US,50,2012,29
A5088473041,Karen Caplovitz Barrett,TW,34,2020,29
A5016017616,Xia Guo,JP,81,2018,29
A5026357766,Kaoru Sekiyama,JP,226,2014,29
A5041752347,Chie Ohsawa,JP,93,2018,29
A5047098905,Takahiro Soshi,JP,164,2014,29
A5050898462,Kohei Asano,JP,31,2020,29
A5102921460,Maki Suzuki,JP,136,2003,29
A5113577509,Masatoshi Yamashita,JP,31,2020,29
A5030293804,Maoyuan Sun,US,62,2014,26
A5066917584,Abdul Rahman Shaikh,US,19,2022,26
A5012010658,David H. Perrin,CA,372,1995,46
A5062620207,Cheryl A. Mickey,US,75,1997,46
A5070423753,Carl G. Mattacola,US,112,1995,46
A5109838976,Bruce M. Gansneder,US,335,1995,46
A5042216129,Sandi L. Pruitt,US,74,2006,46
A5043574694,María E. Fernández,US,2031,2006,46
A5060802823,Karen Glanz,US,907,1993,46
A5083277542,Michael Pignone,US,76,2006,46
A5062248810,Georgios D. Kitsios,US,50,2009,46
A5024219829,Hamidreza Mokarami,IR,86,2014,9
A5072325945,Amid Rahi,IR,41,2014,9
A5083370977,Morteza Nazifi,IR,86,2014,9
A5112275494,Haji Omid Kalte,IR,41,2014,9
A5007026183,Lindsey Lenters,CA,235,2013,158
A5009047696,Martin W. Bloem,NL,313,1996,158
A5009367144,Erin Boyd,US,39,2014,158
A5018634475,Werner Schultink,US,39,2014,158
A5045719162,Patrick Webb,US,302,2008,158
A5030647703,Hahrie Han,US,16,2022,17
A5005827999,Thomas J. Stopka,US,15,2022,46
A5015685610,Erin K. King,US,35,2021,46
A5021781474,Wendy Mansfield,US,15,2022,46
A5057461300,Jayanthi Mistry,US,911,1985,46
A5069329570,Peter Levine,US,15,2022,46
A5087376951,Wenhui Feng,US,15,2022,46
A5100347267,Ying Wang,JP,15,2022,46
A5029891066,Glorian Sorensen,US,2539,1993,46
A5031201037,Graham A. Colditz,US,2865,1996,46
A5082746757,Karen E. Peterson,US,2067,1996,46
A5016467897,Sara Bernardini,GB,36,2012,158
A5036150572,Jose Guerra Lanfranco,Unknown,36,2012,158
A5077909082,Perrine Geniez,Unknown,36,2012,158
A5078856847,Romeo Frega,IT,36,2012,158
A5080065190,Sam De Greve,Unknown,36,2012,158
A5080105491,Nils Grede,IT,115,2012,158
A5019212730,Candace C. Nelson,US,272,2007,46
A5024529656,Kia L. Davis,US,32,2015,46
A5030816361,Jeffrey N. Katz,US,393,1996,46
A5051312994,Alberto J. Caban‐Martinez,US,59,2015,46
A5058987053,Nicolaas P. Pronk,US,298,2004,46
A5064406067,Gregory R. Wagner,US,355,2015,46
A5108415496,Glorian Sorensen,US,369,1993,46
A5110478790,Deborah L. McLellan,US,218,2015,46
A5011465978,Quinn Marshall,US,55,2017,158
A5031833342,Shauna Downs,US,409,2017,158
A5039337311,Jessica Fanzo,US,436,2017,158
A5018913336,Rosalyn Negrón,US,28,2017,46
A5064314580,Richard Buesa,US,28,2017,46
A5008389902,Tarek Al Baghal,GB,149,2019,4
A5024397214,Alessandra Gaia,GB,28,2019,4
A5008649719,Shogo Kajimura,JP,120,2015,29
A5072567139,Takanori Kochiyama,JP,27,2018,29
A5072834548,Michio Nomura,JP,96,2015,29
A5015375969,Alberto Caimo,IE,24,2020,9
A5070433540,Vincent Traag,NL,249,2013,9
A5013145810,Jean‐Philippe Cointet,FR,202,2015,88
A5032431129,Pedro Ramaciotti Morales,FR,48,2021,88
A5007123583,Giovanni Barbato,IT,19,2021,9
A5004744017,Regina Moench‐Pfanner,CH,40,2008,158
A5023005988,Erick Boy,US,40,2008,158
A5023927338,Klaus Kraemer,US,40,2008,158
A5031176885,Christopher Grasset,Unknown,40,2008,158
A5084971087,Tina van den Briel,IT,40,2008,158
A5110850533,Stanley Zlotkin,CA,40,2008,158
A5002919205,Rebecca Rose,US,19,2021,46
A5014621519,Leticia Priebe Rocha,US,19,2021,46
A5014675266,Annmarie Hoch,US,19,2021,46
A5034781499,Adriana Fernandes,US,19,2021,46
A5051033173,Cristiane Soares,PT,19,2021,46
A5081703857,Heloisa Galvão,US,19,2021,46
A5012532354,Curtis Jessop,GB,157,2017,4
A5062526399,Luke Sloan,GB,254,2016,4
A5010019630,Fabien Tarissan,FR,71,2015,88
A5016707908,Raphaël Fournier-S’niehotta,FR,17,2021,88
A5030978619,Rémy Poulain,US,33,2019,88
A5056981393,Lionel Tabourier,FR,159,2016,88
A5068997994,Robin Lamarche-Perrin,Unknown,17,2021,88
A5011126050,Makoto Mizuno,CH,149,1982,159
A5061069554,Hiroyuki Nawa,JP,92,2004,159
A5103567260,ROMULO S. MALTA,JP,39,2004,159
A5109240480,Tadasato Nagano,JP,39,2004,159
A5016929461,Takeyoshi Eda,JP,53,2007,159
A5022760315,Eri Narita,JP,35,2007,159
A5066830030,Yingjun Zheng,CN,53,2007,159
A5078080242,Hidekazu Sotoyama,JP,35,2007,159
A5087111105,Hisaaki Namba,JP,35,2007,159
A5113565113,Hiroki Kawamura,JP,35,2007,159
A5018062899,Christopher Stout,US,50,2008,17
A5065474822,Richard Furuta,US,76,2014,33
A5050258888,Jonathan Burton,GB,246,2015,4
A5081757341,Sarah J. Fielden,CA,53,2013,158
A5082368067,Katherine A. Muldoon,CA,21,2013,158
A5108397023,Aranka Anema,US,64,2013,158
A5111480149,Pamela Fergusson,US,21,2013,158
A5042047470,Abdulkadir Bedir,US,20,2018,46
A5053358860,Eric Wood,US,91,2017,46
A5063954411,Noel Crisostomo,US,20,2018,46
A5087479121,Clément Rames,ES,102,2017,46
A5012284484,C. Lee Giles,US,20,2015,33
A5049148461,Edward A. Fox,US,148,2004,33
A5058946854,Tarek Kanan,JO,57,2010,33
A5112500027,Sagnik Ray Choudhury,US,131,2013,33
A5011014375,Jana C. Leary,US,40,2019,46
A5041756550,Lori Lyn Price,US,18,2019,46
A5055659486,Cassandra E.R. Scott,Unknown,18,2019,46
A5065417240,Karen M. Freund,US,63,2019,46
A5090085204,John B. Wong,US,195,1994,46
A5002454742,Saeid Shahraz,US,37,2010,46
A5088186669,Anastassios G. Pittas,US,17,2016,46
A5108201966,Donnie McGrath,US,35,2003,46
A5111637678,Michael L. Bennish,ZA,35,2003,46
A5080180747,Ian Darnton‐Hill,AU,76,2005,158
A5003138503,Mihoko Tomida,JP,27,2006,160
A5013552926,Yoshiyuki Hirano,JP,155,2002,160
A5018411477,Masafumi Fujita,JP,27,2006,160
A5029611705,Minoru Onozuka,JP,155,2002,160
A5049271846,Yasushi Ido,JP,27,2006,160
A5069165211,Masami Niwa,JP,51,2006,160
A5101799446,Toru Takahashi,JP,27,2006,160
A5103420881,Masayuki Kanematsu,JP,27,2006,160
A5108753664,Kazuko Watanabe,JP,51,2006,160
A5008093175,Alton Hart,US,50,2004,46
A5012952275,Anshu P. Mohllajee,US,22,2010,46
A5028772063,Megan Othus,US,22,2010,46
A5100421497,Yi Li,US,22,2010,46
A5005240568,Fang Fang Zhang,US,29,2019,46
A5017212045,Aisling McGough,US,15,2019,46
A5022296816,Laura Keaver,IE,15,2019,46
A5026965923,Lisa Gualtieri,US,108,2012,46
A5045066741,Deanna J. Attai,GB,15,2019,46
A5045443660,Virginia R. Chomitz,US,315,2005,46
A5060309283,Winnie Chang,US,15,2019,46
A5100735336,Mengxi Du,US,29,2019,46
A5079929906,Giangiacomo Bravo,SE,814,2009,9
A5012620737,Yohei Takasu,JP,18,2010,159
A5020448212,Yuriko Iwakura,JP,18,2010,159
A5076825700,Taisuke Kato,JP,18,2010,159
A5103638030,Masako Shibuya,JP,18,2010,159
A5043957469,Santiago Rodas-Moya,NL,15,2015,158
A5064179544,Stephen Kodish,US,15,2015,158
A5084796844,Mark Manary,US,49,2015,158
A5013444133,Mohammed Samaka,QA,15,2018,33
A5060930304,Michele Fattoruso,US,14,2019,33
A5108674117,Mrinal Kanti Roy,BD,14,2019,33
A5001724196,Gabriel Muñoz Zolotoochin,CL,11,2021,88
A5001775141,Eiichi Furukawa,Unknown,27,1995,159
A5069467740,Toshio Doi,JP,27,1995,159
A5005285741,Lynda Woi‐Messe,NE,12,2016,158
A5035731525,Claudine Prudhon,GB,12,2016,158
A5024915953,Mingxing Wu,CN,11,2020,87
A5031687614,Tian Zhou,CN,50,2017,87
A5078035842,Wanyuan Zhang,CN,50,2017,87
A5090702210,Paul R. White,GB,11,2020,87
A5101720576,Chao Xu,CN,26,2019,87
A5101939538,Weidong Du,CN,11,2020,87
A5000232932,Helen Moestue,US,21,2004,158
A5009568625,M Z Ishtiaque,BD,21,2004,158
A5050797761,Abdul Hye,GB,21,2004,158
A5085800390,Nasreen Huq,BD,82,1996,158
A5103215664,Andrew Hall,GB,21,2004,158
A5111582346,N Sultana,BD,21,2004,158
A5100840033,Masatoshi Itoh,JP,46,2005,29
A5101509613,Manabu Tashiro,JP,19,2006,29
A5107145654,Kazumi Hirayama,JP,53,2006,29
A5016182324,Eisuke Hida,JP,18,1985,159
A5081413351,Satoshi Imai,JP,18,1985,159
A5110272507,Kén-Ichi Naka,JP,18,1985,159
A5113818558,Minoru Tsukada,JP,18,1985,159
A5012824639,Yutaka Oyama,JP,11,2008,157
A5015841809,Takahiro Hayashi,JP,11,2008,157
A5018114926,Shigenobu Yazawa,JP,11,2008,157
A5091348767,Masafumi Inoue,JP,11,2008,157
A5109562573,M. Hosokawa,JP,11,2008,157
A5103519186,Mitsunobu Nakamura,JP,12,1982,159
A5036983906,Jie Wu,CN,2543,2000,49
A5058815871,Matthew Salganik,US,3349,2006,33
A5066696247,Gueorgi Kossinets,US,3520,2002,12
A5032005702,Seth Flaxman,GB,1898,2013,33
A5079845832,Justin M. Rao,GB,2865,2011,33
A5029418921,Steven H. Strogatz,US,4130,2003,10
A5025141452,Verena V. Hafner,DE,1448,2004,79
A5091887839,Frédé́ric Kaplan,CH,2638,2003,79
A5112309835,Pierre‐Yves Oudeyer,FR,6122,2003,79
A5110467021,Shaomei Wu,US,1483,2011,33
A5004153109,Max Jaderberg,GB,2829,2014,52
A5008904142,Volodymyr Mnih,US,11934,2010,52
A5054808675,Joel Z. Leibo,GB,4624,2011,52
A5064372346,Wojciech Marian Czarnecki,GB,1860,2016,52
A5081322018,Tom Schaul,GB,6797,2008,52
A5090341705,Koray Kavukcuoglu,GB,18171,2014,52
A5091771290,David Silver,GB,13767,2009,52
A5033856151,Manuel Lopes,PT,2106,2005,79
A5035612953,Jacqueline Gottlieb,US,1622,2013,79
A5080846930,Adrien Baranès,US,1757,2009,79
A5020965594,Sébastien Lahaie,US,1231,2005,33
A5005349213,Demis Hassabis,GB,6137,2007,52
A5005912318,Dhruva Tirumala,GB,1339,2016,52
A5034618143,Zeb Kurth‐Nelson,GB,4234,2007,52
A5046090328,Hubert Soyer,GB,2692,2016,52
A5048551460,Dharshan Kumaran,GB,4863,2007,52
A5016419651,Rémi Munos,GB,418,2016,52
A5102898754,Charles Blundell,GB,8373,2012,52
A5114032765,Matt Botvinick,GB,886,2016,52
A5020296382,Resa E. Lewiss,US,383,2020,80
A5061960454,Nicole L. Simone,US,383,2020,80
A5064171835,Mathias Wullum Nielsen,DK,1131,2012,80
A5076973801,Reshma Jagsi,US,498,2015,80
A5101689796,Jens Peter Andersen,DK,750,2018,80
A5054395332,Wang Wei,CN,366,2014,17
A5075414122,Mark Newman,US,413,2006,33
A5006533777,Rémi Munos,GB,2697,2016,52
A5001833084,Tomaso Poggio,US,3120,2008,52
A5060084823,Ethan M. Meyers,US,931,2008,52
A5079424258,Leyla Işık,US,438,2012,52
A5036551422,Janusz Marecki,GB,1048,2005,23
A5049659586,Marc Lanctot,GB,4284,2015,52
A5074826751,Vinícius Zambaldi,GB,1161,2017,52
A5006947993,Edward Hughes,US,614,2018,52
A5035060247,Pedro A. Ortega,ES,504,2017,52
A5041145688,Çaǧlar Gülçehre,US,1046,2013,52
A5042659302,Angeliki Lazaridou,GR,1161,2014,52
A5046953322,Natasha Jaques,US,1274,2015,52
A5082304130,Nando de Freitas,US,3362,2001,52
A5089226694,DJ Strouse,GB,297,2018,52
A5009103844,Carter Bloch,DK,375,2012,80
A5022382049,Sébastien Forestier,FR,327,2016,79
A5074172429,Yoan Mollard,FR,205,2015,79
A5008158115,Jack W. Rae,US,346,2016,52
A5053990531,Daan Wierstra,US,11084,2008,52
A5055550766,Avraham Ruderman,GB,188,2016,52
A5062883663,Alexander Pritzel,GB,5489,2015,52
A5063890110,Benigno Uría,GB,471,2016,52
A5102705813,Yazhe Li,CN,175,2016,52
A5106432708,Linda B. Smith,US,624,1999,14
A5002085983,Sabine Oertelt‐Prigione,NL,166,2020,80
A5004882355,Emer Brady,DK,129,2020,80
A5103485800,Daniel C. Medina,US,297,2005,28
A5002658393,Alexander Peterhansl,US,307,2004,33
A5033935340,Nobuyuki Hanaki,JP,318,2004,33
A5013932834,Evgeniy Gabrilovich,US,1721,2008,12
A5101799605,Bo Pang,CN,1537,2004,12
A5108541542,Andrei Broder,US,1855,1992,12
A5012276327,Jimmy Ba,CA,2361,2014,52
A5046449484,Catalin Ionescu,US,163,2016,52
A5108093963,Geoffrey E. Hinton,CA,10603,1987,52
A5024542656,Camelia Simoiu,US,161,2017,24
A5066926540,Duncan S. Callaway,US,356,2002,114
A5080833581,M.E.J. Newman,Unknown,136,2011,114
A5036233384,Sumeet Gulati,CA,407,2005,4
A5040961138,Milind Kandlikar,CA,715,1996,4
A5062343820,Simon Harding,CA,132,2016,4
A5043155699,Travis Martin,US,552,2013,33
A5080592530,Amit Sharma,IN,611,2011,6
A5024731704,Katharina J. Rohlfing,DE,815,2006,79
A5044783914,Anna-Lisa Vollmer,DE,440,2009,79
A5067961454,Britta Wrede,DE,738,2006,79
A5000791222,Jennifer L. Skeem,US,131,2004,33
A5013750306,Geoffrey S. Holtzman,US,98,2019,33
A5042805137,William Cai,US,147,2019,33
A5110862612,S.M. Anderson,US,98,2019,33
A5006159402,Rémy Portelas,FR,134,2019,79
A5027441885,Katja Hofmann,GB,602,2009,8
A5048471111,Cédric Colas,US,485,2018,79
A5027355077,Noah Guzmán,US,63,2021,52
A5084467223,Nikolaus Kriegeskorte,US,804,2007,52
A5085344934,Nanthia Suthana,US,88,2019,52
A5086579690,Toby Wise,GB,134,2019,52
A5062397992,José Ignacio Arroyo,CL,58,2022,10
A5082328104,Beatriz Dı́ez,PT,58,2022,10
A5023749345,Dunia López-Pintado,ES,209,2004,10
A5029946497,Richard J. Timpone,US,268,1993,17
A5033011680,Cliff Carrubba,US,123,2005,17
A5079100556,Douglas Rivers,US,313,2013,17
A5089682862,Qianli Liao,US,1396,2013,52
A5002329799,Houshmand Shirani-Mehr,US,78,2018,17
A5005537718,Yunkang Yang,US,86,2018,1
A5030852680,W. Lance Bennett,US,7053,2009,1
A5054478253,Alexandra Segerberg,SE,6406,2011,1
A5026508384,Alexander Kladakis,DK,72,2019,80
A5080634784,Kaare Aagaard,DK,115,2017,80
A5010833575,Jim Maddock,US,220,2015,64
A5053945884,Emma S. Spiro,US,1383,2012,64
A5058404777,I.C.A.Oyera A.L. Edwards,US,94,2016,64
A5061091966,Sindhuja Narasimhan,US,70,2016,64
A5008547992,Karl Tuyls,US,1315,2008,52
A5029820246,Kris Cao,GB,116,2018,52
A5103590334,Stephen Clark,GB,898,2003,52
A5000735215,Alain Droniou,FR,204,2012,79
A5003467974,Vincent Padois,FR,153,2013,79
A5022711233,Serena Ivaldi,FR,920,2012,79
A5027931470,David Filliat,FR,177,2012,79
A5042850624,Olivier Sigaud,FR,737,2012,79
A5046094611,Sao Mai Nguyen,FR,206,2011,79
A5082510229,Natalia Lyubova,FR,140,2012,79
A5061560652,Fang Yu,CN,121,2015,49
A5100606351,Yongsheng Yang,CN,63,2017,49
A5111812838,Daofang Chang,CN,63,2017,49
A5087711642,Jesper W. Schneider,DK,176,2016,80
A5018388854,Charles Beattie,GB,113,2017,52
A5056707583,Julien Pérolat,GB,869,2015,52
A5019110555,Love Börjeson,SE,60,2019,80
A5017797502,Alexandre Péré,Unknown,120,2018,79
A5076908677,Adrien Laversanne-Finot,FR,59,2018,79
A5042203967,Matthias Schonlau,CA,941,2005,4
A5007123077,Viviane Herdel,IL,54,2021,6
A5028412677,Andrea Hildebrandt,DE,560,2012,4
A5088883088,Jessica R. Cauchard,IL,477,2015,6
A5090252428,Anastasia Kuzminykh,CA,169,2014,6
A5019224674,Tristan Karch,FR,117,2020,79
A5007090604,Richard Everett,GB,97,2018,52
A5056575786,Laura Weidinger,GB,62,2022,52
A5076757561,Dylan Hadfield-Menell,US,382,2014,0
A5082942104,Raphael Köster,GB,375,2015,52
A5039026472,Thomas Carta,Unknown,17,2023,79
A5071891236,Sylvain Lamprier,FR,17,2023,79
A5072955860,Clément Romac,Unknown,17,2023,79
A5107899645,Thomas Wolf,Unknown,50,2021,79
A5031224496,Ramón López,US,93,2007,4
A5059570814,Gustavo Anríquez,CL,93,2007,4
A5004404797,Thomas Cederborg,US,80,2010,79
A5100351449,Ming Li,CN,207,1994,14
A5076087972,Winrich A. Freiwald,US,397,2009,52
A5079466450,Fabio Anselmi,IT,358,2014,52
A5017441299,Souvik Datta,CH,54,2014,4
A5059008211,Steven N. Goodman,US,1976,2000,46
A5049398785,Mohamed Chétouani,FR,768,2012,79
A5090784869,Pierre F. Fournier,FR,150,2018,79
A5033543507,Baird Howland,US,31,2021,33
A5085081313,Stephanie Eckman,US,226,2011,4
A5056697979,Davide Baldo,DE,25,2022,17
A5065292053,Vinod Venkatraman,US,165,2006,17
A5086883376,Vaidyanathan S. Viswanathan,US,25,2022,17
A5061221525,Edgar A. Duéñez‐Guzmán,GB,99,2018,52
A5069192725,Suzanne Sadedin,US,13,2023,52
A5018406326,Kelly McConvey,CA,12,2023,6
A5007644472,Benjamin Radcliff,US,79,1995,17
A5046572196,Charles S. Taber,US,135,1995,17
A5053192109,Bradford Jones,US,79,1995,17
A5047220138,Prasad Tetali,US,135,2006,12
A5080195370,Ravi Montenegro,US,120,2006,12
A5081476783,Andrew Whyte,AU,76,2005,79
A5112141456,Daniel M. Reeves,US,395,2006,33
A5008987732,Shane Legg,CH,325,2017,52
A5016618355,Georg Ostrovski,US,774,2016,52
A5073888549,Toby Ord,SK,40,2018,52
A5084692264,Rahul Savani,GB,213,2014,52
A5019248683,Changyin Sun,CN,870,2007,49
A5100763540,Chun Zhang,CN,39,2016,49
A5101452675,Lei Xue,BD,205,2016,49
A5030271887,Chrisantha Fernando,GB,1014,2009,52
A5028139039,Jeff Avery,CA,35,2020,6
A5042792975,Edward Lank,CA,245,2012,6
A5049054993,Nivetha Govindaraju,CA,35,2020,6
A5102628586,Jenny Sun,US,35,2020,6
A5100627101,Hao Sheng,CN,153,2019,33
A5113947096,Josh Grossman,US,30,2021,33
A5013975803,Jonathan Grizou,GB,111,2013,79
A5102989133,Georgios Zervas,GB,1723,2013,24
A5090154151,Michael Johanson,CA,27,2020,52
A5018010486,Clément Moulin-Frier,FR,132,2012,79
A5009797437,Rania Abdelghani,FR,139,2022,79
A5043177488,Xingdi Yuan,CA,511,2017,79
A5065879846,Yen-Hsiang Wang,TW,76,2022,79
A5080872433,Hélène Sauzéon,FR,109,2020,79
A5100450967,Tong Wang,CN,379,2016,79
A5081572800,M. Frumin,Unknown,51,2007,33
A5091031461,Jean‐Marie Peretti,FR,51,2007,33
A5100738428,Yiling Chen,US,659,2005,33
A5008950244,Tine Ravn,DK,37,2012,80
A5014931471,Lise Degn,DK,66,2012,80
A5061911740,Niels Mejlgaard,DK,88,2012,80
A5030410921,James M. Sallee,US,58,2017,4
A5060495004,Carol McAusland,CA,207,2003,4
A5042206244,Iñaki Iturrate,US,641,2010,79
A5060302183,Luis Montesano,ES,1234,2007,79
A5031306756,Krzysztof Pietroszek,US,72,2012,6
A5083325500,James R. Wallace,CA,168,2008,6
A5005106534,Charles Deck,Unknown,25,2019,52
A5016838762,Adrià Puigdomènech Badia,DE,5924,2016,52
A5034114908,Gavin Buttimore,Unknown,38,2019,52
A5056424874,Steven Hansen,US,359,2018,52
A5073618265,Ryan Faulkner,AU,38,2019,52
A5088815712,Meire Fortunato,GB,38,2019,52
A5102801394,Melissa Tan,CA,25,2019,52
A5002746172,Charlie Beattie,GB,26,2018,52
A5043344696,Benjamin Bergen,US,62,2008,79
A5109875968,Jim Mutch,US,80,2011,52
A5070795618,Sergei Vassilvitskii,US,1411,2007,12
A5110021473,Quang Duong,VN,30,2013,33
A5089075465,Ambarish Chandra,CA,27,2017,4
A5057903433,Fabien Benureau,JP,25,2016,79
A5015165515,Guangye He,CN,93,2018,161
A5020165040,Yunsong Chen,CN,93,2018,161
A5030255458,Guodong Ju,CN,50,2020,161
A5045121596,Xiaogang Wu,US,19,2021,161
A5047787255,Anning Hu,CN,19,2021,161
A5029926998,Kathleen M. McGraw,US,41,1993,17
A5060244322,Gabor Bruck,US,41,1993,17
A5032703407,Devesh Roy,NZ,33,2008,4
A5071634649,David M. Pennock,NL,504,2007,33
A5090660252,Damien Gerardeaux-Viret,Unknown,43,2012,79
A5030124410,Louis ten Bosch,NL,118,2003,79
A5054110799,Olivier Mangin,FR,43,2013,79
A5061220999,Lorenzo Rosasco,IT,962,2009,52
A5071433151,Andrea Tacchetti,GB,215,2013,52
A5108192750,Jason Omedes,Unknown,21,2015,79
A5061766273,Johann Gaebler,US,19,2020,33
A5008050790,Ting Ge,CN,18,2020,161
A5060198214,Senhu Wang,SG,31,2020,161
A5089358974,Buwei Chen,US,31,2020,161
A5107433173,Thomas Cederbourg,Unknown,24,2011,79
A5037964335,Fabien Depraetre,FR,21,2014,79
A5052244227,Pierre Rouanet,US,21,2014,79
A5066640046,Matthieu Lapeyre,FR,21,2014,79
A5082949108,Alexandre Le Falher,FR,21,2014,79
A5106429708,Steve N’Guyen,FR,21,2014,79
A5002511707,Toshiya Kaihara,JP,49,2013,49
A5065647772,Nobutada Fujii,JP,49,2013,49
A5100511449,Wankou Yang,CN,19,2015,49
A5035229102,Pramod Kaushik,IN,17,2020,79
A5053005088,Alexandr Ten,US,17,2020,79
A5041664883,Brian McWilliams,US,125,2015,52
A5112947561,Ian Gemp,GB,43,2020,52
A5027937806,Charles D. Brummitt,US,743,2012,10
A5065695849,Rajiv Sethi,US,161,2004,33
A5032254007,Aaron Frank,US,17,2018,33
A5037553376,Tony H. Grubesic,Unknown,17,2018,33
A5042172804,Emorie D Beck,US,17,2018,33
A5072989920,Elisa Jayne Bienenstock,US,194,2012,33
A5090307961,Jake Bowers,US,41,2016,33
A5033557144,Adam Marblestone,US,679,2016,52
A5046100176,Peter Sunehag,GB,51,2010,52
A5089479740,Iain Dunning,GB,62,2018,52
A5108074030,Steven C. Wheelwright,GB,16,2019,52
A5024653975,Ahmed Akakzia,FR,15,2020,79
A5048448415,Javier Ruiz‐del‐Solar,CL,38,2006,3
A5060222673,Çetin Meriçli,US,101,2009,3
A5001035442,Amin Saberi,DE,1383,2001,12
A5008241947,Shirish Goyal,US,15,2018,6
A5112452915,Yiqun Dong,CN,13,2020,161
A5064636177,Youssef Mroueh,US,72,2013,52
A5053035058,Charlie Deck,Unknown,13,2019,52
A5058663704,S. M. Hansen,AU,13,2019,52
A5101175099,Mélissa Tan,US,13,2019,52
A5024901763,Yuhuai Wu,US,154,2018,52
A5026525021,Rémi Leblond,GB,12,2019,52
A5030684417,Alexander Sasha Vezhnevets,GB,605,2016,52
A5003986370,Mayalen Etcheverry,FR,23,2019,79
A5042833606,Chris Reinke,FR,12,2019,79
A5041285418,James Vercammen,CA,37,2005,4
A5020217729,Yuqiong Zhou,CN,12,2018,1
A5000626413,Benjamin Olken,US,3631,2005,10
A5078758511,Melissa Dell,US,1961,2009,10
A5053015700,Julian Wills,US,987,2017,4
A5083370450,Yannis Theocharis,DE,1369,2013,17
A5032530685,Pierre Azoulay,DE,812,2000,10
A5043229356,J. Daniel Kim,US,328,2020,10
A5050910881,Javier Miranda,DE,438,2018,10
A5067335234,Mohammad Ahmadpoor,US,282,2017,10
A5013450193,Laura Pritschet,US,220,2016,0
A5037698996,Derek Powell,US,437,2015,0
A5050716607,Zachary Horne,GB,473,2015,0
A5058790810,Michael R. Dougherty,US,117,2005,4
A5012749606,Денис Стукал,RU,350,2017,17
A5027736166,Sergey Sanovich,US,350,2017,17
A5058678073,Christophe Hurter,FR,197,2015,6
A5061444760,Fereshteh Amini,US,135,2015,6
A5078907679,Pourang Irani,CA,217,2015,6
A5085545989,Yevgeniy Golovchenko,DK,247,2018,17
A5048433857,J. Daniel Kim,US,110,2018,10
A5050111446,Oliver Gruebner,CH,188,2016,6
A5054435054,Giuseppe Raviola,US,81,2019,6
A5101646304,Stephanie L. Smith,CA,81,2019,6
A5058797533,Meysam Alizadeh,CH,85,2015,17
A5022418196,Sarah‐Jane Leslie,US,404,2015,0
A5027847558,Matthew D. Hammond,NZ,113,2017,0
A5038553899,Melis Muradoglu,US,121,2019,0
A5014931127,Molly J. Crockett,US,841,2013,4
A5081802970,L. Elisa Celis,US,47,2022,4
A5086655976,Anne-Marie Nußberger,GB,58,2019,4
A5100779200,Lan Luo,CN,47,2022,4
A5020119183,Jason Wittenberg,US,154,2002,17
A5016766075,Ted Brader,US,235,2008,17
A5060130910,Andrew T. Little,US,128,2015,17
A5070145742,Tom LaGatta,US,87,2015,17
A5039292004,Amr El Abbadi,US,1197,1992,33
A5059945353,Divyakant Agrawal,IN,1168,1992,33
A5000101002,Claudia Canales Holzeis,GB,72,2018,10
A5006168249,Terry van Gevelt,SG,72,2018,10
A5019090382,John Holmes,GB,125,2015,10
A5022128559,Brian Heap,GB,89,2015,10
A5031354032,M.T. Safdar,PK,72,2018,10
A5049418516,Shailaja Fennell,GB,72,2018,10
A5067213660,Marc‐Hubert Depret,FR,72,2018,10
A5000530634,Colton Padden,US,61,2020,1
A5005384315,Lisa Singh,US,260,2012,1
A5081965702,Kornraphop Kawintiranon,US,83,2019,1
A5015272481,Nick Yeung,GB,4246,2003,0
A5044737071,Anna-Katharina Hauperich,GB,40,2021,23
A5034728614,Matti Nelimarkka,FI,372,2010,34
A5063531848,Eva Durall,FI,164,2013,34
A5075699074,Teemu Leinonen,FI,175,2013,34
A5102960424,Philip Dean,FI,40,2021,34
A5074848625,Michael Matzenberger,AT,31,2022,10
A5021656842,Lia Bozarth,US,45,2020,33
A5055236250,Christopher L. Quarles,US,25,2020,33
A5003319171,Theodore Georgiou,US,86,2013,33
A5017627015,Yada Pruksachatkun,CN,105,2017,6
A5058319194,Pedro Reynolds-Cuéllar,US,88,2020,34
A5081865654,Victoria Palacin,CA,60,2020,34
A5101397764,Christoph Becker,DE,370,2015,34
A5060488949,Lukas Otto,DE,206,2013,42
A5042418453,Sonia Jaffe,US,400,2010,31
A5057330200,Longqi Yang,US,954,2015,6
A5062751420,Fengqi You,US,128,2020,6
A5068392986,Yanqiu Tao,US,128,2020,6
A5092893770,Peter Bergen,US,12,2023,6
A5055373623,John C. Besley,US,215,2004,42
A5059049737,Andrea Retzbach,DE,180,2013,42
A5061822556,Michaela Maier,Unknown,357,2012,42
A5088843989,Tobias Rothmund,DE,68,2014,42
A5071177661,Rakesh Agrawal,US,48,2013,33
A5051320860,Martijn Warnier,NL,304,2008,24
A5012713180,Manisha Ajmani,CA,57,2018,12
A5035227760,Dejan Vukobratović,RS,90,2014,12
A5042598865,Sinan Sinanović,GB,57,2018,12
A5062757270,Salla-Maaria Laaksonen,FI,153,2017,34
A5022761956,Jenni Hokka,FI,41,2019,34
A5046604116,Reeta Pöyhtäri,FI,39,2019,34
A5053385413,Juho Pääkkönen,FI,65,2019,34
A5059585472,Markus Ojala,FI,39,2019,34
A5079841918,Mervi Pantti,FI,84,2019,34
A5084497699,Kaarina Nikunen,FI,39,2019,34
A5027462528,Kate Niederhoffer,Unknown,2934,2002,24
A5032540341,Fabian Thomas,DE,62,2018,42
A5042206417,Adam Shehata,SE,113,2015,42
A5086031195,Elisabeth Prestele,Unknown,27,2021,42
A5110243162,John E. Hummel,US,591,1997,0
A5006667336,Arto Kekkonen,FI,33,2017,34
A5050307246,Mikko Villi,FI,51,2017,34
A5062260087,Mari Marttila,Unknown,33,2017,34
A5082779675,Mari Tuokko,FI,55,2017,34
A5074963371,Ashwin Rajadesingan,US,466,2014,27
A5011580452,Nina Savela,FI,1194,2017,10
A5043728035,Atte Oksanen,FI,2203,2014,10
A5079255958,Anna Di Natale,IT,22,2021,10
A5104313398,Alexander Herzog,US,42,2010,17
A5011550664,Muyeye Chambwera,GB,38,2010,10
A5060431898,M. Chundama,Unknown,38,2010,10
A5110207675,Isilda Nhantumbo,GB,38,2010,10
A5112923194,I. Bond,AU,38,2010,10
A5054575790,N. Ángel Pinillos,US,33,2015,0
A5083840626,Borut Trpin,DE,31,2018,10
A5015768706,Bruce A. Weinberg,US,196,2014,4
A5024816513,E.J. Reedy,US,31,2014,4
A5050705257,Gregg Willcox,US,126,2017,23
A5065607545,Louis Rosenberg,Unknown,126,2017,23
A5081925452,Airi Lampinen,SE,293,2010,34
A5089262955,Jesse Haapoja,FI,38,2020,34
A5075057755,Ellis R. Mitchell,GB,30,1944,10
A5076699017,Virginia B. Peters,US,30,1944,10
A5109040447,Albert J. Dalton,US,30,1944,10
A5039592180,Joachim Retzbach,DE,45,2013,42
A5052685354,Michał Krzyżanowski,SE,24,2018,17
A5073893699,Jennifer Grygiel,US,103,2019,34
A5113885169,Jean Philippe Rancy,US,23,2019,34
A5068007932,Tarja Valkonen,FI,22,2020,34
A5015108715,Pihla Toivanen,FI,37,2020,34
A5072766947,Katja Valaskivi,FI,37,2020,34
A5056994522,Isabella Glogger,SE,84,2018,42
A5056015267,Aldo Paparo,IT,42,2019,17
A5084209458,Lorenzo De Sio,IT,42,2019,17
A5038242041,Yingzhen Li,CN,125,2019,8
A5100373391,Xiaofei Liu,LB,37,2019,8
A5100435139,Jingwen Zhang,CN,15,2021,8
A5100601566,Liyun Zhang,CN,37,2019,8
A5112665979,Huiyun Zeng,CN,15,2021,8
A5029529751,Isabelle Langrock,US,11,2022,10
A5063601934,Marion Rahnke,DE,20,2013,42
A5076828114,Arto Hellas,FI,96,2017,30
A5035948107,Arto Vihavainen,FI,76,2015,30
A5024393481,Nicole R. Nugent,US,89,2019,30
A5028651556,Michael F. Armey,US,34,2019,6
A5043009584,Heather T. Schatten,US,34,2019,6
A5002206519,Yilin Huang,CN,14,2018,24
A5016006301,Giacomo Poderi,DK,14,2018,24
A5018472151,Frances Brazier,NL,296,1998,24
A5028217559,Hanna Hasselqvist,SE,14,2018,24
A5038737450,Carolyn Stein,US,26,2021,10
A5103118684,Ryan Hill,CA,290,2017,10
A5079568362,Amber L. Seligson,US,21,2005,17
A5063066923,Ian Harmon,US,12,2015,0
A5036669088,Juuso Karikoski,FI,47,2010,10
A5112518038,Daniel Romero,PY,11,2017,33
A5015471711,Jenifer Z. Siegel,US,271,2013,4
A5041209516,Robb B. Rutledge,US,2154,2009,0
A5054264386,Andreas Kappes,GB,95,2012,4
A5012530135,Hans Schumann,US,11,2019,23
A5084116084,Detmar W. Straub,US,24910,1988,81
A5086187658,David Gefen,US,15007,1997,81
A5086112254,Marshall W. Van Alstyne,US,6559,1995,20
A5101535189,Geoffrey Parker,GB,4763,2000,20
A5050779192,Mark Keil,US,2744,1997,81
A5103836039,Walter Brenner,CH,1208,1997,81
A5039114436,Richard J. Welke,DE,1327,1998,81
A5015254262,Elena Karahanna,US,3577,1998,81
A5017877672,Thomas R. Eisenmann,DE,1596,2006,20
A5071993179,Andrew Burton‐Jones,AU,1451,2006,81
A5056406543,Moez Limayem,US,958,1995,81
A5088248861,Elena Karahanna-Evaristo,US,958,1995,81
A5113719793,Soon Ang,SG,6556,1993,81
A5053369574,Marko Sarstedt,DE,47940,2009,81
A5087109003,Christian M. Ringle,DE,47107,2009,81
A5073057328,Sangeet Paul Choudary,Unknown,610,2016,20
A5048663930,Anthony Vance,US,1809,2008,81
A5108434746,Christophe Elie‐Dit‐Cosaque,FR,674,2008,81
A5050995871,Edward E. Rigdon,US,1820,2010,81
A5063908996,Mark Srite,US,868,2002,81
A5110189508,Karen D. Loch,US,1580,1998,81
A5111955497,Roberto Evaristo,US,882,1994,81
A5049306051,William H. Bommer,US,540,2008,81
A5103270691,Michael Workman,US,540,2008,81
A5018609918,Serge Belongie,DK,26023,2015,6
A5039275573,Cheng-Kang Hsieh,US,596,2015,6
A5041864624,Yin Cui,US,2724,2015,6
A5052768778,Tsung-Yi Lin,US,24827,2015,6
A5043002180,Jidong Chen,CN,514,2015,17
A5064102134,Christine Koh,SG,3822,1999,81
A5015817857,Junbin Gao,AU,1209,2006,87
A5016399094,Zhouchen Lin,CN,1659,2010,87
A5101993864,Ming Yin,US,959,2005,87
A5044154093,Sherif Kamel,DE,382,2003,81
A5067032971,Lui Sha,CN,838,2002,144
A5075972332,Qixin Wang,US,545,2008,144
A5100372152,Xue Liu,CA,1182,2008,144
A5103175261,Sathish Gopalakrishnan,CA,544,2004,144
A5020560603,Kjerstin Thorson,US,1602,2006,1
A5029559269,Pascal Siegers,DE,280,2019,1
A5002962395,Denae Ford,US,670,2016,31
A5011347521,Jenna Butler,US,329,2021,31
A5038905934,Margaret‐Anne Storey,CA,844,2010,31
A5043569707,Brian Houck,US,323,2021,31
A5061605447,Thomas Zimmermann,US,3036,2008,31
A5088100364,Chandra Maddila,US,275,2020,31
A5101612061,Nachiappan Nagappan,US,2145,2008,31
A5100424705,Chenyang Wang,CN,168,2018,6
A5100838958,Xuan Yuan,CN,168,2018,6
A5060541841,Tali Kristal,IL,603,2007,162
A5069417886,Meir Yaish,IL,195,2020,162
A5009738158,Mirko Polato,IT,58,2023,49
A5014031647,Carmine Spagnuolo,IT,95,2013,49
A5025069859,Alessia Antelmi,IT,99,2018,49
A5026625771,Dingqi Yang,MO,362,2015,49
A5036057602,Vittorio Scarano,IT,417,2009,49
A5084267145,Gennaro Cordasco,IT,141,2012,49
A5002897462,William D. Nance,US,329,1990,81
A5000935199,Richard T. Watson,US,2117,1988,81
A5011358173,Carole E. Hill,GB,566,1998,81
A5060435251,Kamal El-Sheshai,US,258,1998,81
A5067400912,Gregory M. Rose,US,1665,1998,81
A5031623358,Dale L. Goodhue,US,2118,1989,81
A5048145231,Yongqiang Sun,CN,733,2010,81
A5070756197,Kai H. Lim,HK,3243,1997,81
A5085213531,Yulin Fang,CN,1760,2011,81
A5050515610,Jessie Pallud,FR,276,2011,81
A5033588812,Qinfeng Shi,AU,230,2007,87
A5053575337,Yi Guo,CH,248,2014,87
A5083546489,Carol Hsu,AU,148,2012,81
A5101509618,Jae-Nam Lee,KR,310,2012,81
A5112016478,Yinon Cohen,US,672,1991,162
A5020152067,Aaron Baird,US,590,2013,81
A5049585534,Langtao Chen,US,435,2014,81
A5006688081,Ben Johnson,GB,119,2018,17
A5012789140,David B. Sullivan,US,119,2018,17
A5024187182,Kris Shaffer,US,119,2018,17
A5028973834,Robert Matney,Unknown,119,2018,17
A5032761960,Becky Ruppel,Unknown,119,2018,17
A5059839883,Jonathan Albright,US,119,2018,17
A5072027426,Ryan B. Fox,Unknown,119,2018,17
A5086938626,E. Glen Weyl,US,552,2010,12
A5043262479,Shengli Xie,CN,804,2015,87
A5053349477,Zongze Wu,CN,260,2015,87
A5100356824,Yun Zhang,CN,515,2015,87
A5028862815,Florian Wintterlin,DE,105,2017,42
A5056978785,Katherine M. Engelke,DE,97,2019,42
A5067073060,Valerie Hase,DE,205,2017,42
A5014023569,Hadas Mandel,IL,56,2021,162
A5006897094,Carl Yang,US,305,2006,27
A5015101640,Yanqiao Zhu,CN,780,2020,27
A5033157677,Hejie Cui,US,136,2022,27
A5100458657,Xiaoxiao Li,CA,126,2020,27
A5100752235,Wei Dai,CN,50,2022,27
A5013588572,Aidong Zhang,US,137,2012,27
A5029588473,Jundong Li,CN,2358,2016,27
A5032200312,Jing Ma,MO,87,2022,27
A5046172814,Mengting Wan,CN,303,2016,27
A5054719216,Ruocheng Guo,HK,733,2015,27
A5083735555,Amy Austin Renshaw,AU,218,1996,20
A5003851716,Yu Lan,US,157,2005,17
A5059476370,Fu Jie ZHANG,CN,157,2005,17
A5101467385,Yi Wen,CN,157,2005,17
A5101842555,Yan Zhao,CN,157,2005,17
A5058974994,Violet T. Ho,US,141,2003,81
A5010300673,Jonathan Wareham,ES,845,1998,81
A5015268941,Jack Zheng,US,133,2005,81
A5070576229,James C. Wetherbe,US,617,1989,81
A5004474203,Richard Baskerville,US,967,2001,81
A5046464686,Kalle Lyytinen,US,902,1998,81
A5061657299,V. Sambamurthy,US,1247,1989,81
A5091573499,Javier Cenamor,SE,77,2017,20
A5112114761,Xing Wan,CN,77,2017,20
A5038167054,Betsy Sinclair,US,450,2008,17
A5064978705,Maya Sen,US,320,2013,17
A5005790090,Masashi Toyoda,JP,175,2013,18
A5038078845,Kazuyuki Aihara,JP,508,2001,18
A5056438865,Masaru Kitsuregawa,JP,175,2013,18
A5089700115,Yoshito Hirata,JP,332,2008,18
A5011339962,Jagadish Thaker,AU,70,2019,42
A5049079591,Daniela Mahl,CH,183,2019,42
A5054146103,Tobias Keller,DE,192,2018,42
A5058697220,Mikko Siponen,US,701,2001,81
A5100381946,Qiang Zhang,CN,266,2020,18
A5101951731,Yi Wang,CN,57,2020,18
A5089031824,Edo Navot,US,73,2018,162
A5018492648,Harri Terho,FI,60,2021,81
A5049578624,Alex R. Zablah,US,60,2021,81
A5061151005,Rami Olkkonen,FI,650,2011,81
A5062509192,Samppa Suoniemi,FI,60,2021,81
A5039046293,Corinna Oschatz,NL,54,2021,42
A5057709084,Jürgen Maier,Unknown,181,2012,42
A5047523245,Shu Wu,CN,817,2019,27
A5100409503,Qiang Liu,CN,451,2020,27
A5100705957,Yichen Xu,CN,29,2022,27
A5009433206,Jonathan Hersh,US,19,2023,20
A5014823752,Seth Benzell,US,172,2020,20
A5004634811,Cecil Eng Huang Chua,US,332,2002,81
A5013914739,Lan Cao,US,759,2002,81
A5014378225,Karlene Cousins,US,124,2002,81
A5103338892,Christophe M. Elie-Dit-Cosaque,MQ,72,2010,81
A5024112994,Wolf J. Schünemann,DE,94,2017,1
A5070482817,Stefan Steiger,DE,94,2017,1
A5008530453,Arun Rai,US,2135,2002,81
A5027578613,Theo K. Dijkstra,NL,58,2014,81
A5034066593,Adamantios Diamantopoulos,AT,1442,2012,81
A5091257250,Jan-Michael Becker,NO,3583,2013,81
A5020426332,Myungsub Park,KR,51,2019,81
A5059543459,Byung Cho Kim,KR,63,2019,81
A5101920479,Dawoon Jung,KR,51,2019,81
A5053438217,Maggie Chuoyan Dong,AU,120,2016,81
A5042394235,Jiawen Huang,US,41,2020,87
A5076948208,Ruichu Cai,CN,455,2016,87
A5100396980,Zhifeng Hao,CN,440,2016,87
A5100436501,Lijuan Wang,CN,137,2007,87
A5090644503,Georgios Petropoulos,US,47,2021,20
A5045712451,Christoph Beuthner,DE,25,2022,1
A5078523938,Tobias Gummer,DE,252,2017,4
A5103078784,Bernd Weiß,DE,196,2019,34
A5056951551,Joshua Lukemire,US,21,2022,27
A5070286873,Xuan Kan,CN,21,2022,27
A5100723626,Ying Guo,CN,71,2019,27
A5000866162,P. Christopher Earley,AU,1623,1993,81
A5018659302,L. L. Cummings,US,111,1993,81
A5017345211,Stuart Madnick,US,228,1995,20
A5012109626,Yitchak Haberfeld,IL,389,1991,162
A5054774293,Hind Benbya,AU,193,2010,81
A5064994633,Amit Poddar,US,306,2008,81
A5081899940,Jessica Mack,Unknown,60,2011,81
A5091684487,Jessica Whitney,US,60,2011,81
A5101604363,Yujie Wei,CN,321,2008,81
A5083985230,Molly Roberts,US,56,2012,17
A5013415306,Kirk Ouimet,US,53,2013,81
A5046084978,David Eargle,US,542,2013,81
A5044977576,Akiko Matsuo,JP,52,2019,14
A5070501515,Minoru Karasawa,JP,59,2013,14
A5109357369,Yasuhiro Taguchi,JP,41,2019,14
A5077981249,Kyle A. Jaros,US,39,2017,17
A5066666509,Wentao Xu,CN,30,2021,14
A5109489250,Carly Miller,US,20,2022,17
A5049444528,Hannu Makkonen,FI,608,2011,81
A5036726400,Richard Klein,FR,118,2001,81
A5005974550,Guy Mundlak,IL,74,2007,162
A5009517302,Deb Verhoeven,CA,74,2014,33
A5010616841,Arun Sundararajan,US,1999,2004,33
A5088417289,Michel Avital,DK,944,2007,81
A5101727867,Magnus Andersson,SE,38,2014,33
A5005577377,Kenta Suzuki,JP,128,2008,14
A5015691007,Kazuo Okanoya,JP,721,2005,14
A5030977322,Miki Takahasi,JP,248,2005,14
A5047713899,Ofer Tchernichovski,US,207,2015,14
A5042109662,Yanto Chandra,HK,35,2016,6
A5100688642,Chengjun Wang,CN,35,2016,6
A5100403511,Fan Zhang,US,46,2015,6
A5110216529,John P. Pollak,US,413,2010,6
A5001950261,Faisal Alquaddoomi,CH,67,2016,6
A5043189450,Mashfiqui Rabbi,BD,1574,2010,6
A5047581446,JP Pollak,US,124,2011,6
A5035407958,Delfina Malandrino,IT,305,2009,49
A5047223857,Vanessa Molter,US,28,2020,17
A5030878386,Priscilla N. Y. Wong,GB,44,2021,6
A5101614563,Chia-Jung Lee,TW,23,2021,6
A5002282690,Veda C. Storey,US,479,2000,81
A5019272049,Kathy A. Stewart,US,66,2000,81
A5047912696,P. Ganti,US,60,2004,144
A5057633046,Chi‐Sheng Shih,TW,81,2004,144
A5060442004,Marco Caccamo,DE,267,2002,144
A5051378222,Kathy Stewart Schwaig,US,166,2005,81
A5110231916,Seymour E. Goodman,US,43,2008,81
A5084777793,Mis Editor-in-Chief,Unknown,36,2011,81
A5050076555,Shuting Cai,CN,34,2013,87
A5019169770,Curtis L. Cole,US,30,2016,6
A5060965451,Hongjian Yang,US,30,2016,6
A5011851603,Ralph Beneke,US,30,2017,1
A5012131730,Richard Latzel,DE,30,2017,1
A5017018895,Dominik Reim,Unknown,30,2017,1
A5018675196,Volker Fresz,Unknown,30,2017,1
A5021852148,Sebastian Kaufmann,DE,30,2017,1
A5035600372,Olaf Hoos,DE,30,2017,1
A5100399325,Han Zhang,CN,28,2019,17
A5017471172,Shengxiang Gao,CN,74,2019,87
A5036950222,Taisong Jin,CN,41,2016,87
A5100619287,Zhengtao Yu,CN,497,2016,87
A5018964484,Ying Guo,CN,25,2020,27
A5020981458,Xuan Kan,US,14,2022,27
A5091443977,Yi‐Hsin Yang,TW,14,2022,27
A5030740380,Koichi Onoue,CN,93,2003,163
A5066309452,Tomoyuki Nishita,JP,93,2003,163
A5016210398,Theodore C. Loder,US,43,2006,20
A5091081027,Rick Wash,US,961,2006,6
A5073851856,Christina Tsangouri,US,41,2018,6
A5110533623,Katherine M. Grosser,DE,24,2017,42
A5011200846,Niels Bjørn‐Andersen,DK,593,1987,81
A5062196000,Dorothy E. Leidner,US,830,2002,81
A5101196513,Ephraim R. McLean,US,667,1991,81
A5111407609,M. Lynne Markus,US,3069,1987,81
A5035590326,Ning Su,CN,17,2021,81
A5036189966,Hyun-Sun Ryu,KR,17,2021,81
A5050293390,So-Eun Park,KR,23,2020,81
A5047642101,Robert Kutka,DE,43,1996,1
A5016455110,Savitha Kadiyala,US,41,2005,81
A5076912169,Huoy Min Khoo,US,58,2005,81
A5087764197,David Kuechler,US,41,2005,81
A5012118692,Gengyin Li,CN,502,2006,87
A5065012451,Ming Zhou,CN,563,2000,87
A5110223706,Chenyong Zhao,CN,38,2006,87
A5006565311,Izak Benbasat,CA,2102,1991,81
A5006737705,Harrison McKnight,US,38,2006,81
A5008496192,Paul A. Pavlou,US,4984,2002,81
A5084474554,Katherine Stewart,CA,38,2006,81
A5041554519,Lars Mathiassen,US,1089,1985,81
A5070314636,Rong Du,CN,84,2014,81
A5079037893,Michael B. Knight,US,20,2016,81
A5101880773,Liu Li-li,CN,20,2016,81
A5043166945,Gengyin Li,CN,36,2005,87
A5050527102,Guangkai Li,CN,36,2005,87
A5084817144,Haifeng Liang,CN,36,2005,87
A5038687147,Renée A. Beauclair,US,63,1988,81
A5041563916,Ulrike Schultze,NL,1201,2002,81
A5056840058,Emanuela Prandelli,IT,31,2007,20
A5084715861,Petri I. Salonen,US,31,2007,20
A5053025298,Nathaniel Bulkley,US,47,2004,20
A5100681268,Yi Guo,AU,62,2006,87
A5026953642,Hongyi Wen,CN,31,2018,6
A5032063589,Kimon Kieslich,NL,219,2020,42
A5018699262,Russell Littlefield,US,35,1997,81
A5003038158,Kenneth A. Kozar,US,2429,2003,81
A5075496480,Kai R. Larsen,US,2542,2003,81
A5023546994,Chad Anderson,US,86,2009,81
A5052008856,Xiaozhao Fang,CN,437,2014,87
A5103267867,Yajing Zhou,CN,17,2017,87
A5009595144,Drew Dunne,US,29,2019,6
A5040175704,Jenny Chen,US,40,2019,6
A5112861905,Yu Wang,CN,58,2019,6
A5085241514,Faye S. McIntyre,US,15,2020,81
A5041638136,Yasuki Kakishita,JP,22,2008,14
A5110559347,Tetsuro Nishino,JP,22,2008,14
A5047234300,Darryl Romanow,US,74,2012,81
A5090028917,Sunyoung Cho,KR,439,2006,81
A5040148096,Chander Velu,GB,55,2013,20
A5100905235,Peijuan Xu,TH,15,2015,87
A5101560082,Xuejie Liu,CN,15,2015,87
A5101879016,Jingbin Wang,CN,15,2015,87
A5039190712,Hans Solli‐Sæther,NO,38,2012,81
A5067772162,Leif Skiftenes Flak,NO,38,2012,81
A5101998859,Daming Shi,CN,80,2016,87
A5074532835,Scott Duke Kominers,US,710,2011,12
A5081456457,Alfred Galichon,US,446,2007,12
A5111969957,Arnaud Dupuy,LU,202,2014,12
A5047824440,Rishemjit Kaur,IN,11,2021,14
A5073517996,Maneet Singh,US,11,2021,14
A5080507324,S. R. S. Iyengar,IN,24,2016,14
A5066505604,Diane Lending,US,73,1992,81
A5015372644,J. J. Po-An Hsieh,US,474,2003,81
A5062264562,Ricardo M. Checchi,US,25,2003,81
A5021395390,Pamela S. Galluch,US,16,2009,81
A5103134481,Varun Grover,US,109,2009,81
A5051071974,Bader Alahmad,CA,14,2011,144
A5019256037,Mingyao Lin,CN,13,2018,87
A5080470205,Yong Kong,CN,13,2018,87
A5100399819,Kai Liu,CN,82,2018,87
A5100403937,Wei Hua,CN,82,2018,87
A5104192554,Ziqi Ma,CN,13,2018,87
A5071054399,Yu Wang,CN,103,2019,6
A5030458503,Woojoo Lee,KR,11,2016,164
A5082589496,Kang‐Hyun Cho,KR,11,2016,164
A5100407264,Seung Hyun Lee,KR,11,2016,164
A5052366939,Josh Hunt,US,23,2003,20
A5056300959,R. Frankel,US,23,2003,20
A5083456282,Ga Young,US,23,2003,20
A5003028670,Gayle Beyah,Unknown,21,2003,81
A5082315288,Han Min Woo,KR,21,2003,81
A5101929473,Peng Xu,CN,21,2003,81
A5113592301,Kannan Mohan,US,303,2003,81
A5017498156,Takashi Ikegami,JP,16,2007,14
A5038233164,Karen Young,GB,79,2012,49
A5090996360,John G. Breslin,IE,111,2008,49
A5001027770,Reiji Suzuki,JP,187,2003,14
A5007424153,Takaya Arita,JP,213,2003,14
A5061632159,Yuki Takeichi,JP,11,2015,14
A5100617264,Haixin Wang,CN,24,2014,87
A5102723037,Haihong Huang,CN,11,2014,87
A5003327935,Sweta Sneha,US,171,2010,81
A5110195856,Carol V. Brown,US,219,1996,81
A5006120288,Robert M. Davison,HK,772,2001,81
A5110224452,Malcolm C. Munro,CA,18,2004,81
A5102815250,Takashi Ikegami,JP,38,2004,14
A5111372037,Susan Goodman,US,12,2008,81
A5058461921,Cynthia Mathis Beath,US,1428,1991,81
A5064056113,Steven L. Neuberg,US,4330,1987,29
A5030925103,Shelley E. Taylor,GB,5634,1975,29
A5082473613,Peter Glick,US,4544,1997,29
A5026651576,Audrey J. Ruderman,US,953,1978,29
A5055962146,Nancy L. Etcoff,US,2095,1978,29
A5057732526,Mark A. Pavelchak,US,668,1983,29
A5110933986,Pierre Deville,BE,1886,2012,10
A5061228797,Patricia W. Linville,US,531,1980,29
A5029567259,Michael S. North,US,1063,2012,29
A5009649878,Don Operario,US,800,1998,29
A5013380779,Monica H. Lin,US,405,2004,29
A5072127219,Virginia S. Y. Kwan,US,722,2003,29
A5111751500,Anna Cheung,US,405,2004,29
A5056524678,Alexandra Gubin,US,403,2000,29
A5088201078,Vincent Yzerbyt,BE,4882,1988,29
A5112780559,Stephanie A. Goodwin,US,669,1998,29
A5043451188,Cydney H. Dupree,GB,412,2014,29
A5109910625,Ralph Erber,US,465,1982,29
A5045193568,W.Michael Larter,US,344,1983,17
A5065393757,Michael Wooldridge,GB,3974,1994,23
A5109355908,Nathaniel Jennings,US,342,2009,23
A5109991453,Monica Lin,ID,305,2018,29
A5077561974,Shawn Walker,US,414,2011,1
A5026619205,Federica Durante,IT,467,2009,29
A5054557062,Courtney Bearns Tablante,US,241,2014,29
A5100625892,Yang Wang,CN,235,2018,10
A5036306729,Magnus Resch,CH,168,2018,10
A5075585231,Samuel P. Fraiberger,US,632,2009,14
A5011899466,Wendy L. Bennett,US,445,2013,1
A5067413576,Cinoo Lee,Unknown,62,2023,12
A5068204319,Shibani Santurkar,US,62,2023,12
A5068324037,Orly Bareket,IL,54,2023,29
A5005301387,Éric Dépret,FR,596,1993,29
A5011063478,Sandra Milberg,CL,309,1987,29
A5050416392,Ann E. Beattie,US,309,1987,29
A5013342472,Amy J. C. Cuddy,US,867,2002,29
A5061613549,Mark D. Peters,US,1471,1980,17
A5111859740,Robert P. Abelson,US,800,1970,17
A5025628042,Jennifer Crocker,US,416,1978,29
A5054296113,Andrea Giovannucci,US,295,2009,23
A5025564264,Richard A. Smith,US,198,1990,29
A5076962474,Richard R. Lau,US,349,1986,29
A5019124620,Elizabeth K. Dreben,US,191,1979,4
A5083068244,Reid Hastie,US,1815,1979,4
A5069937773,Tiane L. Lee,US,1345,2007,29
A5103098572,Zhixia Chen,CN,312,2009,29
A5007303016,Laura E. Stevens,US,274,1995,29
A5060345759,Alan Page Fiske,US,623,1991,29
A5090589044,Nick Haslam,AU,1320,1991,29
A5003811053,Andrew Harrison,GB,176,2007,165
A5030966600,Kevin C. H. Parker,CA,176,2007,165
A5089384499,Matthew Edwards,BE,226,2007,165
A5033456334,Rachel Connor,US,190,2016,29
A5070826955,Julian A. Oldmeadow,AU,152,2007,29
A5028571578,Kathy Hirsh‐Pasek,US,10095,1996,166
A5051838456,Rebecca A. Dore,US,518,2013,166
A5087575367,Roberta Michnick Golinkoff,US,9799,1996,166
A5091907646,Steven J. Amendum,US,123,2018,166
A5011503876,C. Macrae,Unknown,114,2012,29
A5076845855,Nicolas Kervyn,BE,672,2008,29
A5032089204,Josep Blat,ES,273,2008,10
A5035756067,Stanislav Sobolevsky,US,1403,2014,10
A5036390484,Yuji Yoshimura,JP,173,2014,10
A5066110995,Juan Pablo Carrascal,GB,128,2011,10
A5103467060,Fabien Girardin,ES,346,2008,10
A5054586972,Michael Szell,IT,1625,2010,10
A5057170475,Tyler Perlman,US,49,2022,10
A5091875646,Sayat Mimar,US,114,2019,10
A5030813034,Matthieu Nadini,GB,168,2018,14
A5064185672,Alberto Bracci,GB,119,2021,14
A5088276589,Amin Mekacher,GB,63,2022,14
A5018893896,Lasana T. Harris,GB,713,2004,29
A5014176079,Janet B. Ruscher,US,140,1993,29
A5040997913,James G. Ladwig,AU,146,2002,0
A5054700748,Jennifer Gore,AU,146,2002,0
A5087692270,Tom Griffiths,NO,313,2002,0
A5043484296,Martha G. Cox,US,114,1979,29
A5065143196,Hilary B. Bergsieker,CA,702,2009,29
A5006354562,Jean‐Charles Delvenne,BE,507,2011,10
A5017807232,Tim Evans,GB,172,2011,10
A5058010593,Mauricio Barahona,GB,476,2004,10
A5005829228,Alexis Paller,US,79,2018,166
A5027298091,Lien Vu,US,79,2018,166
A5046048840,Natalie Brezack,US,79,2018,166
A5061776758,Tara L. Valladares,US,79,2018,166
A5085220255,Brenna Hassinger‐Das,US,476,2016,166
A5033957161,Jillian K. Swencionis,US,78,2016,29
A5046955571,Peter Meylakhs,RU,139,2014,24
A5065611989,Andrey Zheluk,AU,122,2012,61
A5082716076,Casey Quinn,US,313,2010,61
A5083979714,Robert M. Hauser,US,502,1984,12
A5035853405,Deborah L. Nichols,US,65,2020,166
A5058965214,Caroline Gaudreau,US,80,2020,166
A5079191714,Hannah Puttre,US,65,2020,166
A5087542244,Yemimah A. King,US,65,2020,166
A5007830440,Alex Koch,US,1248,2015,29
A5027925190,Julie Terache,BE,61,2020,29
A5053035973,Christian Unkelbach,DE,1672,2001,29
A5054378901,Roland Imhoff,DE,586,2016,29
A5076675833,Antonin Carrier,FR,84,2019,29
A5090242279,Milán Janosov,DE,182,2020,10
A5011785766,Dmitry Grigoryev,RU,68,2019,29
A5045415587,Anastasia Batkhina,RU,68,2019,29
A5046786525,Andrea E. Abele,DE,572,1999,29
A5067477814,Naomi Ellemers,NL,3415,2000,29
A5001708606,Heidi Myyryläinen,FI,14,2023,167
A5012806143,Mervi Raudsaar,EE,14,2023,167
A5028748887,Iuliia Trabskaia,EE,14,2023,167
A5043488321,Aleksei Gorgadze,RU,14,2023,167
A5050252738,Siddhartha Sen,US,150,1987,155
A5070982948,Danny Birmingham,US,124,2001,155
A5111417773,Kumar S. Gupta,IN,124,2001,155
A5011566098,Nadim N. Rouhana,US,114,1995,29
A5074196179,Richard A. Smith,US,167,1991,29
A5054283888,Felicia Pratto,US,1623,1983,29
A5054947147,Wouter van den Bos,NL,1077,2007,0
A5056062668,Jaime Iranzo,ES,207,2009,10
A5113502150,L. M. Florı́a,ES,2941,1994,10
A5060206333,Lyle Williams,US,74,2009,29
A5076687639,Ann Marie Russell,US,91,2009,29
A5073357990,Chris Malone,US,67,2013,29
A5061387988,Martina Deplano,IT,98,2012,24
A5046780362,Malena de la Fuente,US,57,2017,29
A5046463517,Martin V. Day,CA,44,2019,29
A5076887081,Daiki Miyagawa,JP,43,2020,23
A5001196193,Beth Morling,US,111,1996,29
A5001559036,Bruce Hopper,AU,50,2011,165
A5088392939,Melissa Buckman,AU,50,2011,165
A5004946117,Michele Trevisiol,ES,176,2012,24
A5045565551,Stefan Thurner,AT,3093,2007,10
A5112789623,Daniel L. Ames,US,227,2011,29
A5003785096,Jennifer M. Zosh,US,1621,2013,166
A5013616365,Symeon Papadopoulos,GR,1051,2013,24
A5059911956,David Corney,GB,403,2013,24
A5053797937,Jun Xu,CN,70,2018,29
A5076743789,Jaclyn M. Dynia,US,33,2020,166
A5019022972,Sarah Brennan,GB,32,2020,166
A5100456945,Jialu Li,CN,32,2020,12
A5044325054,Jessica K. Laufer,US,56,1979,29
A5090849007,Chiara Volpato,IT,79,2009,29
A5000212728,Oskar Skibski,PL,57,2013,23
A5031364164,Piotr Szczepański,RU,67,2012,23
A5071999741,Ramasuri Narayanam,IN,43,2013,23
A5050402048,Eric R. Stone,US,135,2013,4
A5051575417,Christy M. Buchanan,US,38,2014,4
A5090019552,Miguel Moya,Unknown,352,2000,29
A5063098095,Abeer ElBahrawy,GB,187,2017,14
A5025105803,Takashi Nagatani,JP,192,2004,23
A5028950652,Kei‐ichi Tainaka,JP,107,2017,23
A5016917332,Arsen Davitadze,RU,28,2020,24
A5051497504,Elizabeth J. King,IN,28,2020,24
A5089226310,Aleksey Lakhov,Unknown,28,2020,24
A5040844400,Giacomo Livan,IT,403,2013,10
A5087795032,Sadamori Kojaku,US,39,2018,18
A5002012048,Corrado Monti,IT,137,2016,14
A5002786759,Mohammad Shamsul Arefin,BD,32,2017,168
A5076145498,Miftahul Jannat Mokarrama,BD,32,2017,168
A5011978745,Pasquale Lops,IT,243,2008,24
A5028406899,Piero Molino,US,306,2008,24
A5005596564,Julián Padget,GB,294,2010,23
A5022739916,Sattar Hashemi,IR,28,2017,23
A5079960170,Fatemeh Jahedpari,GB,28,2017,23
A5082496615,Marina De Vos,US,281,2011,23
A5108366553,P. C. Glick,US,27,2019,29
A5024664329,Viviana Patti,IT,1535,2013,24
A5075075586,Marco Milanesio,IT,64,2008,24
A5005703077,Dorota Marciniak,PL,47,2010,23
A5024011571,Marcin Szamotulski,Unknown,47,2010,23
A5013688285,Federico Musciotto,IT,193,2016,10
A5025342513,Holger H. Hoos,DE,2797,1999,23
A5026396216,Alexandre Fréchette,GB,69,2016,23
A5032997049,Lars Kotthoff,US,76,2016,23
A5089807699,Kevin Leyton‐Brown,CA,2088,2004,23
A5071203172,Azumi Mamiya,JP,21,2020,23
A5063391440,Laura Zimmermann,US,107,2018,166
A5019847516,Tomohiro Tsuchiya,JP,17,2021,23
A5102396855,Shunsuke Watanabe,JP,17,2021,23
A5072715409,Manuela Barreto,GB,1866,2000,29
A5012215428,Toshihiro Tanizawa,JP,26,2013,23
A5057594342,Yuto Tenguishi,JP,26,2013,23
A5060112511,Zsuzsa Millei,FI,25,2013,0
A5039211833,Emily J. Hopkins,US,328,2013,166
A5065609400,Angeline S. Lillard,US,319,1999,166
A5011779415,Regina Ruane,US,39,2014,2
A5016441449,Vera J. Lee,US,22,2016,2
A5036948624,Sergey Koltsov,RU,21,2014,24
A5091072864,Yuri Rykov,SG,54,2014,24
A5110589505,Olessia Koltsova,RU,106,2014,24
A5034050686,Liane Longpre,US,21,2019,12
A5005457508,Romano Fantacci,IT,129,2008,24
A5050723190,Luigi Chisci,IT,24,2009,24
A5073508672,Matteo Rosi,IT,24,2009,24
A5077326244,Leonardo Maccari,IT,81,2008,24
A5085167000,Luca Chiarandini,ES,23,2012,24
A5050150656,Edith Elkind,GB,1333,2007,23
A5046224601,Nicola Barbieri,IT,595,2012,14
A5027359740,António O.S.S. Rangel,PT,256,2010,0
A5044114214,Andrew Dowell,GB,47,2008,23
A5091346096,Jacek Sroka,PL,23,2009,23
A5025980285,Linda D. Molm,US,319,1998,29
A5109273170,Simina Brânzei,US,168,2009,23
A5029302134,Yadviga Sinyavskaya,RU,33,2017,24
A5049597789,Robert J. Sternberg,US,565,1981,4
A5069162733,Emmanuel Koku,US,222,2001,2
A5048344653,Giulio Cimini,IT,526,2011,10
A5019323495,Areej Malibari,SA,14,2020,23
A5022150667,Sasan Maleki,IR,14,2020,23
A5039326288,Hamid Beigy,IR,14,2020,23
A5052833933,Siddhartha Ghosh,IN,82,2011,23
A5083023211,Daniyal Alghazzawi,SA,14,2020,23
A5105986872,Alex Rogers,GB,2883,2005,23
A5009239738,Eleftherios Spyromitros-Xioufis,GR,194,2013,24
A5015683164,Bart Thomée,US,54,2013,24
A5084122016,Ioannis Kompatsiaris,GR,1200,2004,24
A5090509447,Ayşe Göker,Unknown,229,2013,24
A5105985686,Carlos Javier Blanco Martín,ES,15,2013,24
A5012915897,The Anh Han,GB,1375,2010,23
A5082841553,Tri-Dung Nguyen,GB,15,2013,23
A5017900355,Carmen Vaca,EC,76,2014,24
A5013229642,Mauro Coletto,IT,721,2015,14
A5030358452,Claudio Lucchese,IT,714,2005,14
A5044165871,Fabrizio Silvestri,IT,809,2006,14
A5017052716,Benoît Dardenne,BE,167,1995,29
A5108350206,Jacques‐Philippe Leyens,BE,2045,1988,29
A5111813148,Jean‐Claude Croizet,FR,331,2000,29
A5072287016,Eugene Borgida,US,137,2000,29
A5029938190,Matthew D. Lerner,US,14,2013,166
A5065239720,Carolyn M. Palmquist,US,14,2013,166
A5076136025,Eric Smith,US,151,2010,166
A5063669497,Euridice Charon Cardona,AU,13,2015,0
A5015760420,Ioannis Arapakis,ES,399,2014,14
A5101581308,Xiao Bai,US,251,2014,14
A5047067786,Madeleine Pearce,US,12,2020,166
A5067699138,Mark Paterra,US,12,2020,166
A5090177288,Katherine Aloisi,US,12,2020,166
A5109477563,Maruf Hossain,BD,12,2020,166
A5045540138,Lisa Knezevic,AU,14,2010,0
A5070939593,Sophie Trawalter,US,474,2012,166
A5101578389,Kelly M. Hoffman,US,1069,2003,166
A5018861386,Vivien de Beauce,Unknown,13,2004,155
A5028348518,R. Holman,GB,48,1987,155
A5017669758,David Easley,US,9530,1982,12
A5019027303,Xiangyang Lan,US,1884,2004,12
A5111936847,D.P. Huttenlocher,US,2623,1991,12
A5010422300,Zak Evernden,GB,940,2021,33
A5032862939,Gordon Andrew,GB,940,2021,33
A5053094139,David Gibson,FJ,904,1998,12
A5078491738,Prabhakar Raghavan,US,17777,1990,12
A5045451254,Javier Garcia‐Bernardo,NL,1529,2010,17
A5053346702,Guido Franco,ES,680,2010,17
A5068669723,Lilas Demmou,FR,680,2010,17
A5084346359,Luiz De Mello,FR,662,2010,17
A5114072975,Maria Bas,IN,662,2010,17
A5017529415,Samy Bengio,US,2891,2002,3
A5027041171,Maithra Raghu,US,1272,2015,12
A5022886322,Tim Roughgarden,US,4267,2003,12
A5027826222,Elliot Anshelevich,US,1338,2003,12
A5061449196,Anirban Dasgupta,US,1790,2003,12
A5044308577,Leysia Palen,US,7261,1995,64
A5060353074,Amanda Hughes,US,3480,2006,64
A5010373001,Eelke M. Heemskerk,NL,1522,2015,17
A5089137149,Jan Fichtner,DE,1034,2017,17
A5006380227,Kilian Q. Weinberger,FR,10945,2009,44
A5052541789,Manish Raghavan,US,1057,2017,12
A5065203625,Geoff Pleiss,US,4141,2017,44
A5074393700,Felix Wu,US,3268,2017,44
A5041348628,Tiancheng Lou,CN,1333,2011,26
A5085763758,Seth A. Marvel,US,573,2009,10
A5032475130,Frank W. Takes,NL,608,2015,17
A5076876084,Lillian Lee,GB,3391,2004,12
A5101799604,Bo Pang,CN,384,2011,12
A5052372722,Cass R. Sunstein,US,2552,1999,12
A5029243115,George J. Pappas,US,3518,1998,20
A5052733656,Vasileios Tzoumas,US,383,2012,20
A5078288116,Ali Jadbabaie,US,3548,2004,20
A5018937306,Ashesh Rambachan,US,253,2018,12
A5065086423,Alejandro Portes,US,1194,1998,166
A5072392110,Lingxin Hao,US,1159,1989,166
A5060975667,Paul Ginsparg,US,280,2003,12
A5108558234,Romain Rancière,US,266,2009,14
A5109806868,Emmanuel Farhi,FR,430,2009,14
A5113794399,Adrien Verdelhan,US,261,2009,14
A5112605942,Suet-ling Pong,US,194,2007,166
A5001009813,Stephanie A. Stanek,US,231,2015,64
A5005282387,Heather T. Pedersen,US,146,2015,64
A5034162373,Mania Orand,US,254,2015,64
A5110931159,Yipei Huang,CN,146,2015,64
A5065743725,Sigal Oren,IL,663,2011,12
A5073697071,David Bindel,US,689,2011,12
A5013836248,Fernando Dı́az,US,517,2014,6
A5050910936,Larry Blume,US,160,2007,12
A5062957860,Leo G Stewart,US,230,2017,64
A5084689590,Wonsun Shin,AU,383,2009,2
A5025881232,Alfred Ko-wei Hu,TW,123,2014,166
A5056248802,Jamie O. Lo,US,123,2014,166
A5086567295,Milan Babić,NL,242,2017,17
A5026573942,Haneen J. Al-Hassani,US,108,2015,64
A5030967576,Daniel E. Sandoval,US,108,2015,64
A5056692074,Robert M. Mason,AU,120,2013,64
A5040947766,Soyoen Cho,US,192,2010,2
A5058081442,Ronald J. Faber,US,341,2000,2
A5001791116,Elodie S. Fichet,US,178,2016,64
A5059563468,Cynthia Andrews,CA,93,2016,64
A5101185389,Yuwei Ding,CN,93,2016,64
A5050048557,Ning Hsieh,TW,89,2021,14
A5065811299,Stef M. Shuster,US,101,2020,14
A5023098458,Vaibhavi Rangarajan,US,83,2018,6
A5057270156,Himanshu Zade,US,177,2016,6
A5075283249,Priyanka Kshirsagar,US,83,2018,6
A5010571732,Deepak L. Bhatt,US,94,2021,14
A5032756299,Samantha Bates,AU,187,2005,14
A5068694242,Karthik Dinakar,US,594,2012,14
A5084146359,Kyle Staller,US,94,2021,14
A5010624110,Mossaab Bagdouri,MA,156,2012,64
A5065442798,Joanne White,IE,175,2012,64
A5081312228,Aleksandra Sarcevic,US,104,2012,64
A5089388359,Kenneth M. Anderson,US,1802,2010,64
A5009233506,Annuska Perkins,US,89,2014,64
A5012066145,Ankitha Bharadwaj,US,89,2014,64
A5034817051,Jared Comis,US,89,2014,64
A5074224778,Camille Cobb,US,161,2014,64
A5074762052,Brian Do,US,89,2014,64
A5086023358,Ted McCarthy,US,111,2013,64
A5009374458,Zena Worku,US,85,2017,64
A5060465782,Paul Townsend,US,85,2017,64
A5110074320,John J. Robinson,US,85,2017,64
A5069421706,Charalampos E. Tsourakakis,US,320,2009,12
A5072647467,Rediet Abebe,US,601,2018,12
A5030972813,Yoanna Dosouto,US,75,2016,64
A5042790746,Kelley Shanahan,US,75,2016,64
A5043342491,Fang-Ju Chou,US,75,2016,64
A5052493051,A. Conrad Nied,US,103,2017,64
A5023048192,Lawrence E. Blume,DE,3338,1982,12
A5004918186,Ben Poole,US,1850,2016,12
A5056551357,Surya Ganguli,US,4512,2013,12
A5064986566,Jascha Sohl‐Dickstein,US,1898,2015,12
A5082418673,Edward C. Malthouse,US,1013,2012,42
A5024266154,Lena Ajdacic,CH,55,2020,17
A5102867344,Li Zeng,CN,93,2016,64
A5049055278,Siddhartha Sen,IN,68,2020,12
A5067319603,Reid McIlroy-Young,CA,104,2019,12
A5037735812,Hoda Heidari,US,1916,2014,9
A5043354448,Benjamin Laufer,US,91,2022,9
A5064217008,A. Feder Cooper,US,121,2021,9
A5108521073,Sameer Jain,IN,27,2022,9
A5031192635,Carey K. Morewedge,US,1912,2009,12
A5092142329,Haaya Naushan,CA,17,2023,12
A5105407916,J. Ludwig,US,17,2023,12
A5046315164,Nate Veldt,US,16,2023,12
A5002482464,Sylvie Venuto,US,14,2023,64
A5012563227,Stephanie Blucker,US,14,2023,64
A5039309158,Zarine Kharazian,US,14,2023,64
A5043101935,Carly Minow,US,14,2023,64
A5045705203,Stephen Prochaska,US,14,2023,64
A5062907466,Kayla Duskin,US,14,2023,64
A5103200572,Christos H. Papadimitriou,US,829,2001,12
A5032569600,Leonard N. Reid,US,906,1998,2
A5043379042,Denise E. DeLorme,US,839,1998,2
A5000982895,Robert Pavia,US,136,2014,64
A5031664396,Ann Bostrom,US,238,2008,64
A5076228560,Thomas M. Leschine,US,136,2014,64
A5103775446,Ann Hayward Walker,US,136,2014,64
A5108213960,Dharma Dailey,US,507,2010,64
A5017569760,Rahmtin Rotabi,US,79,2017,12
A5011499597,Do Lee,US,65,2018,14
A5040467938,Damien Puy,US,65,2018,14
A5072232894,Lakshminarayanan Subramanian,US,276,2005,12
A5081562952,Ananth Balashankar,US,35,2019,12
A5056817709,Brenda J. Cude,US,111,2004,2
A5104056982,Christos H. Papadimitriou,US,797,1985,12
A5100844316,Guihua Xie,CN,84,2002,166
A5024390954,Kedar Dhamdhere,US,449,2005,12
A5045162648,T. -H. Hubert Chan,US,80,2005,12
A5066182501,Ofer Neiman,IL,248,2005,12
A5105178801,A. Gupta,Unknown,80,2005,12
A5111705381,Y. Bartal,IL,121,1999,12
A5059413670,Soontae An,KR,55,2010,2
A5027955157,Keith J. Kelley,US,55,2018,169
A5038158438,Yannick Thams,US,127,2010,169
A5038314918,Thomas A. Hemphill,US,40,2018,169
A5074608697,Owla Mohamed,US,39,2018,64
A5101788900,Gina Lee,US,39,2018,64
A5000826009,Meena Devii Muralikumar,US,46,2018,64
A5049989327,Cameron A. Wood,US,34,2020,64
A5079550945,Melinda McClure Haughey,US,34,2020,64
A5100359688,Yiran Zhang,CN,33,2020,2
A5029284290,Jan Hązła,RW,28,2021,20
A5061724900,Chris Coward,US,27,2021,64
A5070609145,Ryan Calo,US,383,2014,27
A5002619444,Patrick Hummel,GB,236,2011,12
A5002440488,Benjamin Mako Hill,US,1014,2010,6
A5010564893,Nathan TeBlunthuis,US,45,2018,6
A5055209420,Niccolò Pisani,IT,33,2019,17
A5002338764,Kate Donahue,US,114,2020,12
A5033593347,Klara Kedem,IL,785,1989,12
A5111811662,L. Paul Chew,CA,771,1990,12
A5112864313,Michel X. Goemans,US,63,1998,12
A5033198222,Andrew J. Cherlin,US,96,2004,166
A5023765219,Pedro F. Felzenszwalb,US,310,2002,0
A5108821623,Romain G. Rancière,US,60,2009,14
A5078401676,Flavio Chierichetti,IT,1234,2009,12
A5039749384,Annie Liang,US,100,2017,12
A5017556236,Whitney Douglas Fernandez,US,27,2018,169
A5015710623,James Kendra,US,13,2022,64
A5021985785,Bradley T. Ewing,US,172,2006,64
A5026132127,Alexia Stock,US,13,2022,64
A5028159300,Maggie León-Corwin,US,13,2022,64
A5035634006,Válter Martins,BR,13,2022,64
A5070850690,Linda K. Nozick,US,457,2005,64
A5082579613,Rachel A. Davidson,US,457,2005,64
A5044078921,Bonnie Berger,US,65,1999,18
A5113572159,Tom Leighton,GB,302,1996,12
A5020837990,Timothy P. Novikoff,US,30,2012,10
A5080633143,Kolina Koltai,US,51,2017,55
A5102143229,Ralph A. Luce,DE,19,1953,33
A5037550522,SIDNEY L. SANDS,US,17,1952,33
A5014191572,Isabella Brown,US,12,2022,6
A5019869593,Laura Levi,FR,12,2022,6
A5042103524,Charles Kiene,US,217,2016,6
A5042426158,Nicole McGinnis,US,12,2022,6
A5017396293,Jonathan Aizen,US,41,2004,12
A5047370430,Antal Novak,US,41,2004,12
A5076084785,Rita Langteau,US,33,2007,2
A5100607328,Arpita Ghosh,GB,2343,2007,12
A5064238722,Pooya Molavi,US,800,2011,20
A5035804681,Tyler A. Scott,US,38,2014,64
A5003620596,Mohammad Saleh Tavazoei,IR,52,2010,20
A5027580528,Zhaohao Fu,US,21,2017,166
A5017612757,Morgan Wack,CH,15,2021,64
A5029967709,Joseph B. Bak-Coleman,DE,76,2018,64
A5062334356,Ian Kennedy,US,15,2021,64
A5067890045,Joseph S. Schafer,US,15,2021,64
A5081028196,Andrew Beers,US,15,2021,64
A5076173089,M. Sandler,US,40,2003,12
A5064485567,Drew Fudenberg,US,7726,1986,5
A5063633119,Alessandro Panconesi,IT,937,2005,12
A5021197130,David Liben‐Nowell,US,2033,2002,12
A5015761687,Duccio Piovani,GB,18,2017,10
A5110938922,Vassilis Zachariadis,GB,18,2017,10
A5036721964,Aya S. Chacar,US,42,2010,169
A5066921656,Margarethe F. Wiersema,US,16,2018,169
A5030450451,Ying Liu,CN,17,2012,169
A5055407392,Mary Ann Von Glinow,US,17,2012,169
A5008758354,Linhua Hu,CN,17,2010,59
A5013028725,Fantai Kong,CN,17,2010,59
A5037340562,Changneng Zhang,CN,17,2010,59
A5051963030,Songyuan Dai,CN,17,2010,59
A5055299231,Yang Huang,HK,17,2010,59
A5082041657,Jian Weng,CN,61,2010,59
A5100318873,Lijun Wang,US,17,2010,59
A5102786650,Shuanghong Chen,CN,17,2010,59
A5102841535,Masha Krupenkin,US,64,2018,33
A5108126300,Gur Huberman,US,15,2018,33
A5069420646,Xiao Yu,US,23,2017,166
A5085973114,Andrew Leroux,US,145,2017,166
A5089030792,Ciprian M. Crainiceanu,US,184,2013,166
A5030500341,Zhibin Liang,US,11,2021,12
A5057257639,Mauro Sozio,FR,156,2005,12
A5027117465,Ronald Fagin,US,3603,1983,12
A5041567023,Ronitt Rubinfeld,US,413,1997,12
A5101519422,Madhu Sudan,US,211,1998,12
A5104023644,Sridhar Rajagopalan,US,1098,1999,12
A5089372170,Miroslav Dudı́k,US,343,2007,33
A5101851026,Deepak Pathak,US,3763,2014,0
A5000696374,Sarah Groh,US,12,2020,14
A5017997494,Denise Anthony,US,444,2014,14
A5030336086,Celeste Campos‐Castillo,US,235,2014,14
A5029814083,Robert Mayer,US,20,2005,2
A5102766827,Chunsik Lee,US,13,2010,2
A5077611292,Junga Kim,US,11,2013,2
A5050833068,Jennifer Golbeck,US,322,2010,27
A5052623072,Ben Shneiderman,US,1559,1997,6
A5086904495,Adam Tauman Kalai,US,3551,1999,12
A5071016611,Moses Charikar,US,2015,1999,12
A5103835895,Amit Sahai,US,854,2000,12
A5104047850,James S. Coleman,US,31,1989,166
A5026850047,Sokol Celo,US,26,2010,169
A5078381067,Anupam Gupta,US,1383,2000,12
A5058770372,Rahi Abouk,US,310,2020,2
A5003250661,Mert Kosan,US,25,2023,20
A5044662028,Zexi Huang,US,25,2023,20
A5049055881,Sourav Medya,US,25,2023,20
A5054697900,Sayan Ranu,IN,25,2023,20
A5011604176,Ozan Kuru,SG,210,2015,6
A5003617821,Scott W. Campbell,US,1063,2008,6
A5016520794,Yuanyuan Wu,SG,26,2022,6
A5072343019,Lemi Baruh,TR,62,2020,6
A5029749525,Joseph B. Bayer,US,1873,2012,6
A5032036540,Lisa Rhee,US,162,2020,6
A5100648336,David S. Lee,US,341,2012,6
A5077296929,David A. Gianetto,US,66,2015,2
A5017863793,Mohsen Moghaddam,US,24,2021,2
A5101528623,Qiliang Chen,CN,24,2021,2
A5010608821,Laiyang Ke,US,22,2021,2
A5023358526,Michael J. Pennock,US,25,2018,2
A5008246591,Saïd Unger,DE,19,2021,12
A5021082197,Oliver Wieczorek,DE,19,2021,12
A5032011804,Jan R. Riebling,DE,40,2013,12
A5079270160,Lukas Erhard,DE,19,2021,12
A5082538744,Christian Koß,DE,19,2021,12
A5022876052,Matthew Motta,US,168,2019,6
A5060508167,Kathleen Hall Jamieson,US,1594,1994,30
A5063718786,Dominik Stecuła,US,274,2019,6
A5007623580,Abbas Ehsanfar,US,19,2016,2
A5071243287,Michael W. Traugott,US,1125,1986,4
A5026583508,Wei Chen,US,11,2018,2
A5036201536,Jitesh H. Panchal,US,82,2012,2
A5084521578,Anja Maier,GB,11,2018,2
A5043622044,Ali Mostashari,US,201,2009,2
A5050471174,Roshanak Nilchiani,US,201,2009,2
A5112819261,Mayada Omer,EG,73,2011,2
A5069948947,Benjamin H. Good,US,1043,2010,18
A5016939864,Qinghua Wu,CN,1633,2004,49
A5082111905,J. R. Saunders,US,1001,2004,49
A5089476192,Emmanuel Prempain,GB,501,2004,49
A5032779977,Kristian Skrede Gleditsch,GB,456,2007,33
A5018392096,Matteo Magnani,SE,741,2005,64
A5044596386,Barbora Micenková,DK,230,2015,64
A5063950837,Cécile Bothorel,FR,231,2011,64
A5074307594,Juan David Cruz Gomez,FR,231,2011,64
A5047897879,Huawei Shen,CN,1686,2009,10
A5110544572,Yogesh Virkar,US,204,2014,33
A5018503243,Rishabh Mehrotra,IN,904,2015,14
A5038618660,Lucas Maystre,NL,283,2020,14
A5073662865,Ian Anderson,AU,148,2020,14
A5039133265,Michael Cafarella,US,862,2008,6
A5103852640,Christopher Ré,US,1807,2007,6
A5063648924,Vishal Sanwalani,US,158,2006,33
A5089831647,Vamsi Kalapala,US,158,2006,33
A5101772779,Ravi Kumar,IN,3943,1999,12
A5051097264,Isaac Waller,CA,165,2019,12
A5008159594,Obaida Hanteer,DK,76,2021,64
A5041660039,Roberto Interdonato,FR,303,2013,64
A5069257022,Luca Rossi,DK,786,2010,64
A5047351656,Thamar Solorio,AE,449,2006,24
A5100454614,Seung-Hyun Kim,KR,83,2021,24
A5036936081,Skyler Cranmer,US,916,2011,17
A5101803962,Weihua Li,CN,433,2014,10
A5101965096,Zhiming Zheng,CN,231,2013,10
A5014032439,Ryan Woodard,GB,881,2009,10
A5019949140,Tao Jia,CN,159,2015,26
A5053541912,Kang G. Shin,US,544,2011,49
A5011517415,Colleen Alkalay-Houlihan,CA,135,2018,12
A5049696662,Marc-Etienne Brunet,US,135,2018,12
A5043639182,Laura Radaelli,IL,78,2016,3
A5074522618,Karla Badillo-Urquiola,US,691,2017,24
A5030788989,Nurun Naher,US,49,2022,24
A5100454620,Seung‐Hyun Kim,KR,30,2022,24
A5024537982,Irene V. Pasquetto,US,28,2022,17
A5076021360,Shubham Atreja,US,28,2022,17
A5044567071,F. Marta L. Di Lascio,IT,74,2010,64
A5079931812,Barbara Pacelli,IT,74,2010,64
A5059792053,Danilo Montesi,IT,252,1999,64
A5049135480,Ziyou Gao,CN,311,2006,10
A5101980060,Liang Gao,CN,196,2014,10
A5003418485,S.-H. Gary Chan,US,187,2005,49
A5100427955,Ting Wang,CN,54,2014,10
A5009114285,Zhengdi Zhang,CN,363,2016,170
A5057537114,Le He,CN,196,2010,170
A5057711793,Linhe Zhu,CN,350,2019,170
A5087150169,Heidi Hartikainen,FI,48,2021,24
A5029239726,Joshua Gracie,US,25,2022,24
A5100454626,Seunghyun Kim,US,25,2022,24
A5013116742,Sampada Regmi,US,11,2023,24
A5086974321,Diep N. Nguyen,US,11,2023,24
A5030711721,Sanjeet Mann,US,77,2005,49
A5080994989,J. Fitch,GB,90,2005,49
A5113527770,Jyh-Hrong Wen,TW,77,2005,49
A5004588741,Yadong Yin,CN,76,2010,170
A5008929927,Serkan Zorba,US,58,2010,170
A5047936376,Yongxing Hu,CN,58,2010,170
A5058121043,Miaomiao Ye,CN,58,2010,170
A5070050328,Constantine Farah,US,58,2010,170
A5074677059,Randolph Thomas Maxwell,US,58,2010,170
A5100357514,Qiao Zhang,CN,76,2010,170
A5076265623,Emine Yılmaz,TR,290,2012,14
A5054164320,Dimitrios J. Economou,CA,39,2018,33
A5031468037,Asger Andersen,DK,37,2020,9
A5019051904,Davide Vega,SE,47,2019,64
A5042435184,Andreas Kotsios,SE,36,2019,64
A5090619642,Kristoffer Lind Glavind,DK,19,2022,9
A5037036194,Yuben Qu,CN,19,2022,49
A5062643597,Chaocan Xiang,CN,19,2022,49
A5076665590,Liangyi Gong,CN,30,2021,49
A5100357922,Zhenhua Li,CN,80,2013,49
A5100408399,Chao Chen,CN,441,2015,49
A5101533504,Yaoyu Li,CN,19,2022,49
A5101817332,Yanlin Zhou,US,19,2022,49
A5106173081,Jihye Song,US,45,2017,24
A5100427940,Ting Wang,CN,139,2013,10
A5100455842,Fei Wang,CN,175,2014,10
A5037488679,Sears Merritt,US,55,2013,33
A5021170243,Cassandra Overney,US,28,2020,31
A5066508991,Jens Meinicke,US,153,2016,31
A5067467896,Christian Kästner,US,621,2015,31
A5032423232,Abraham Wallin,Unknown,25,2021,6
A5033247821,Janice Tsai,US,485,2009,6
A5041906419,Jofish Kaye,US,203,2015,6
A5051099787,Ian Bicking,Unknown,25,2021,6
A5037684756,Yi Ding,US,111,2019,20
A5038811034,Tian He,CN,562,2005,20
A5091361888,Baoshen Guo,CN,66,2021,20
A5100328296,Shuai Wang,CN,25,2021,20
A5100451759,Guang Wang,US,101,2020,20
A5100603762,Desheng Zhang,CN,541,2014,20
A5018899731,Mohamed Reda Bouadjenek,AU,97,2015,12
A5022442588,Ron Bodkin,CA,15,2022,12
A5028174137,Scott Sanner,CA,388,2011,12
A5030280741,Tianshu Shen,CN,37,2022,12
A5037760138,Zhaolin Gao,CN,15,2022,12
A5066572795,Zheda Mai,US,37,2022,12
A5110118358,Frederik W. Wiegel,NL,42,2009,33
A5003765405,P.C. Morais,BR,31,2015,170
A5014963346,Shiqiang Pi,CN,31,2015,170
A5100748744,Qingguo Xie,CN,31,2015,170
A5101680347,Wenzhong Liu,CN,31,2015,170
A5009417234,Hongwei Zheng,CN,13,2022,10
A5077155985,Nikos Rizopoulos,GB,47,2005,64
A5109879262,Peter Mc.Brien,GB,47,2005,64
A5033698575,Etan A. Green,US,25,2018,12
A5018208799,Benjamin Kandel,US,47,2012,30
A5033634434,Zhongyang He,US,21,2018,10
A5091510379,Zhen Lei,CN,21,2018,10
A5009288058,Ching Jin,US,20,2019,10
A5074592394,Geoffrey Canright,NO,113,2004,46
A5009461324,Tao He,CN,43,2019,49
A5026492466,Qun Niu,CN,43,2019,49
A5077610457,Fan Zhou,US,19,2020,49
A5100426931,Xiaonan Luo,GB,260,2012,49
A5100740602,Ning Liu,CN,74,2013,49
A5011256345,S. Redner,US,4451,1977,10
A5088553895,Lindsay Heger,US,26,2010,33
A5047112693,Alison Scott,US,18,2016,12
A5082522656,Moya L. Alfonso,US,18,2016,12
A5084417437,Kristen Harper,US,18,2016,12
A5009612150,Yoshiki Ishii,JP,17,2020,171
A5014505005,Tamio Nobuta,JP,17,2020,171
A5075417449,Tomohiro Murakami,JP,17,2020,171
A5078648515,Kenta Shintani,JP,17,2020,171
A5086609208,Norikazu Ohtori,JP,17,2020,171
A5110523107,Yuta Kondo,JP,17,2020,171
A5000291599,Sebastian Nowozin,GB,290,2009,79
A5039789856,Gabriele Nunziante,IT,20,2011,64
A5033977409,Kael Greco,US,16,2014,3
A5038699799,Riccardo Campari,US,16,2014,3
A5046561315,Fahad Alhasoun,US,97,2014,3
A5001989092,Neeraj Chatlani,US,28,2020,24
A5078247174,Zainab Agha,US,77,2020,24
A5056830084,Xiaodong Ma,US,15,2020,170
A5067840099,Ruihong Shang,CN,52,2020,170
A5100449095,Xuesong Li,CN,52,2020,170
A5101944011,Yu Ma,US,15,2020,170
A5027489805,Dmitrii Moor,Unknown,12,2021,14
A5041458702,Francesco Sanna Passino,GB,12,2021,14
A5101810876,David J. Schwab,US,22,2008,10
A5017718157,Nathaniel S. Winstead,US,38,2006,64
A5055835272,Joseph B. Olson,US,18,2007,64
A5065414344,Brian A. Colle,US,118,2006,64
A5085727885,Nicholas A. Bond,US,77,2005,64
A5047408004,Chaoming Song,US,13,2012,10
A5031271510,Funda Ustek‐Spilda,GB,176,2019,64
A5049278459,Alison Powell,GB,376,2010,64
A5060152403,Sebastián Lehuedé,GB,32,2020,64
A5006419939,Koby Crammer,IL,416,2005,35
A5033696194,Partha Talukdar,US,215,2007,35
A5077295091,Ning Liu,CN,11,2019,49
A5016974124,Wenhu Tang,NL,171,2005,49
A5079687270,Amnon Aharony,IL,10941,1980,10
A5007033871,Greg Barron,US,2473,2002,4
A5071670501,Ido Erev,IL,3230,1994,4
A5021615498,Eduard Brandstätter,AT,902,2006,4
A5004508573,Ramtin Rahmanzadeh,DE,488,2010,70
A5008093470,Xiang Zheng,CN,488,2010,70
A5010191866,Y. Mir,MA,488,2010,70
A5041573563,Prakash Rai,US,488,2010,70
A5058184923,Tayyaba Hasan,US,540,2010,70
A5058568678,Srivalleesha Mallidi,US,540,2010,70
A5063176293,Stefan Elrington,US,488,2010,70
A5103932257,Ahmat Khurshid,PK,488,2010,70
A5051539367,Andreas Pedroni,CH,1038,2013,4
A5111995000,Daniel Kahneman,US,21778,1990,37
A5008049737,Thomas V. Pollet,GB,1276,2009,10
A5039921154,Toon Kuppens,NL,918,2009,29
A5008935489,E. A. Leicht,GB,1567,2007,10
A5054397603,Vishal Sood,CH,576,2006,10
A5068238985,Tibor Antal,GB,2635,2006,5
A5015454909,Kinneret Teodorescu,IL,563,2013,4
A5051052887,Philipp Gerlach,DE,347,2018,4
A5066122579,Renata Suter,DE,399,2011,4
A5086703877,Till Grüne‐Yanoff,SE,282,2015,4
A5006793496,Dirk U. Wulff,DE,635,2014,4
A5043262638,Max Mergenthaler-Canseco,DE,242,2017,4
A5030302493,David Richter,SG,662,2015,4
A5032824352,Gert G. Wagner,DE,6280,1995,4
A5074340839,Anika K. Josef,DE,409,2015,4
A5014245189,Florian Steinmann,DE,227,2012,4
A5068630829,Jürgen Schupp,DE,6143,1995,4
A5009826260,Gilles Dutilh,CH,370,2015,4
A5082166492,Adrian Bruhin,CH,312,2017,4
A5011698674,Caleb Harris,US,54,2022,52
A5014300312,Roxana Daneshjou,US,387,2020,52
A5021715576,Luis R. Soenksen,US,28,2024,52
A5056256357,Omar Badri,US,54,2022,52
A5073580328,Arash Koochek,US,54,2022,52
A5005406093,Yuki Yamada,JP,43,2018,4
A5034089601,Samantha Vanderslott,GB,23,2024,4
A5040429395,Friederike Stock,US,23,2024,4
A5050883853,Mosoka Fallah,ET,202,2015,4
A5065945713,Young Anna Argyris,US,53,2021,4
A5070926854,Kai Ruggeri,US,161,2014,4
A5082168520,Paulo S. Boggio,BR,35,2021,4
A5091880612,Bojana Većkalov,NL,42,2022,4
A5033120688,Eva Van Den Broek,NL,324,2005,4
A5050159724,Barbara Fasolo,GB,1253,2005,4
A5032602392,P. L. Krapivsky,US,2898,1996,10
A5087149978,Yaroslav Ispolatov,CL,385,1998,10
A5026945531,Frank J. Sulloway,US,291,2002,4
A5039220989,Jennifer Nerissa Davis,US,322,1999,4
A5030939830,Robin Hau,DE,385,2008,4
A5111442609,Jürgen Kiefer,DE,251,2008,4
A5051100399,E. Ben‐Naim,US,1145,1992,10
A5038326894,Stephanie Kurzenhäuser,DE,341,2002,4
A5019453094,Shira Dvir-Gvirsman,IL,512,2013,138
A5055753504,Nicholas John,IL,163,2015,138
A5015912945,Oliver Scott Curry,GB,443,2011,10
A5058983709,Nathalie Martin,FR,140,2013,4
A5065895514,Matthias Sohn,DE,111,2013,4
A5072021922,Emanuel de Bellis,CH,151,2013,4
A5082695430,Marwa El Zein,FR,117,2019,11
A5084334220,Bahador Bahrami,DE,551,2012,11
A5022761385,Yariv Tsfati,IL,1797,2003,42
A5074826112,Ericka Menchen-Trevino,GB,594,2010,17
A5004365676,V. Jemseena,IN,97,2018,10
A5018566359,Anupam Kundu,IN,362,2011,10
A5021080434,Abhishek Dhar,BD,378,2011,10
A5030744203,Kanaya Malakar,US,97,2018,10
A5047748977,Satya N. Majumdar,FR,1298,2001,10
A5056462946,Sanjib Sabhapandit,IN,946,2009,10
A5086102110,K. Vijay Kumar,IN,97,2018,10
A5047059002,Benjamin De Bruyne,FR,135,2020,10
A5074447316,Julien Randon-Furling,FR,128,2008,10
A5049206353,Samuli Reijula,FI,105,2018,4
A5015642017,B. Kahng,KR,274,1999,10
A5057603411,J. Kim,KR,165,2002,10
A5040237524,Valerie M. Chase,CH,161,1998,4
A5074424615,Federico Vázquez,AR,1057,2002,10
A5056903032,Peter Sedlmeier,DE,1611,1989,4
A5020127161,Victor Spirin,AU,264,2001,10
A5044833732,Björn Benz,DE,120,2008,4
A5102763812,Stefan Krauß,DE,551,2003,4
A5004657356,Paul Meakin,US,517,1986,10
A5005632516,F. Leyvraz,MX,252,1986,10
A5107836259,K. Kang,JP,116,1986,10
A5010351644,N. Gibert,FR,116,2010,18
A5017591427,Sergei Maslov,US,344,1998,10
A5030718567,Mark Ludwig,DE,99,2009,4
A5047979964,Michaela Huber,DE,99,2009,4
A5011452937,Tatiana A. Vlahovic,US,178,2012,10
A5035113554,Tomás Lejarraga,ES,765,2010,4
A5076876507,Cleotilde González,US,1340,2004,23
A5002735772,Anna Ilona Roberts,PL,425,2012,10
A5070078178,Sarah‐Jane Vick,GB,314,2012,10
A5036815084,Baruch Meerson,IL,132,2013,10
A5052026918,Hal R. Arkes,US,171,2002,30
A5027563274,David A. Coall,AU,581,2011,4
A5034778389,Charles R. Menzel,US,70,2014,10
A5088288377,Sonja Hilbrand,DE,128,2014,4
A5101650308,David McKenzie,AU,279,2011,52
A5109728989,Tara Vishwanath,US,286,2011,52
A5110282617,Nandini Krishnan,IN,239,2011,52
A5028297977,Randal S. Olson,US,65,2015,4
A5029972705,Arend Hintze,SE,568,2010,4
A5031224365,Christoph Adami,FR,568,2010,4
A5044367578,Kailas Vodrahalli,US,50,2020,52
A5076092565,Peter J. Reynolds,GB,531,1977,10
A5031538891,Alistair﻿ Sutcliffe﻿,GB,475,2009,10
A5072404376,Jens Binder,GB,490,2009,10
A5028050486,Klaus Zuberbühler,CH,92,2012,10
A5077139210,Hannah M. Buchanan‐Smith,GB,157,2012,10
A5047900722,Robin M. Hogarth,ES,1172,1989,18
A5004988945,Eric F. Dubow,US,565,1987,138
A5014790206,L. Rowell Huesmann,US,540,1987,138
A5022704493,Paul Boxer,US,615,2001,138
A5064995480,Khalil Shikaki,PS,545,2007,138
A5072254967,Simha F. Landau,IL,142,2013,138
A5083572203,Todd M. Gureckis,US,2513,2004,0
A5016186200,Claudia Spies,DE,96,2015,4
A5033976023,Odette Wegwarth,DE,721,2008,4
A5013657622,Alex Wiegmann,IL,297,2012,0
A5025203706,Antonia F. Langenhoff,US,35,2021,0
A5032718192,Lidor Ivan,IL,64,2019,138
A5076996627,Keren Tsuriel,IL,76,2019,138
A5078324685,Hagar Afriat,IL,32,2021,138
A5046732678,Daniel Sude,US,11,2023,138
A5090218097,Carola Fanselow,DE,83,2003,4
A5009594982,Nour Shammout,US,47,2015,52
A5010264892,Denis Gerstorf,US,1762,2007,4
A5049702565,Andrea H. Meyer,CH,110,2015,4
A5003389515,Wernher M. Brucks,CH,40,2018,4
A5073528635,Andreas Herrmann,DE,40,2018,4
A5024802973,Arwa Alzeer,SA,36,2020,45
A5026814365,Nora shameri,SA,36,2020,45
A5030569394,Arwa Alhowimel,SA,36,2020,45
A5054311085,Hend Alrasheed,SA,49,2017,45
A5075621078,Aisha Althyabi,SA,36,2020,45
A5019791626,Daniel D. Schnitzlein,DE,35,2019,4
A5026329605,Christin Schulze,DE,216,2014,4
A5079244248,Thomas Icard,US,281,2017,0
A5004484776,Virginie Do,FR,50,2021,33
A5026104258,Jamal Atif,FR,37,2021,33
A5084360449,Nicolas Usunier,US,671,2006,33
A5001763609,I. Majid,US,181,1983,10
A5009231979,Z R Yang,US,55,1982,10
A5039560708,Rahul Agrawal,IN,54,1979,10
A5055646750,D Volovik,US,77,2009,10
A5006656288,Limor Ziv,IL,32,2019,138
A5064127126,Hagar Afriat-Aviv,IL,32,2019,138
A5017469016,Ondřej Rydval,CZ,164,2005,4
A5027902940,Sasha Prokosheva,CZ,42,2009,4
A5058671886,Jason Olejarz,US,133,2011,10
A5074060568,Judith Avrahami,IL,440,1994,4
A5078363848,Nathaniel Phillips,IL,34,2014,4
A5038059939,Guido Biele,NO,837,2006,4
A5077845709,Tor Endestad,NO,165,2014,4
A5061462552,Justin D. Yeakel,US,200,2011,10
A5100391234,Ying Li,CN,80,2019,4
A5015577544,Joshua K. Hartshorne,US,636,2015,0
A5072622518,Matthew L. Stanley,US,83,2020,0
A5080881764,Liane Young,US,2932,2006,0
A5102998589,Laura Niemi,US,132,2017,0
A5007522324,Samuel C. Lindsey,US,55,2003,4
A5074332646,E. T. Gawlinski,US,39,1983,10
A5020698518,Norbert Donner‐Banzhoff,DE,30,2013,4
A5049082292,Hironori Otsubo,JP,27,2013,4
A5072323579,Werner Güth,DE,791,1982,37
A5068209108,Erika Y. Niwa,US,529,2007,138
A5006939697,Catherine Molho,FR,148,2016,11
A5060974606,Reinout E. de Vries,NL,394,2013,9
A5012512455,Lasare Samartzidis,DE,18,2021,4
A5075151889,Daniel ben‐Avraham,US,907,1982,10
A5009456940,Alan Gabel,US,49,2012,10
A5072047324,Nagendra K. Panduranga,US,25,2012,10
A5054339619,Ruth Halperin,IL,23,2018,138
A5073048033,Tamar Ashuri,IL,23,2018,138
A5042584624,Junyi Dai,CN,82,2015,4
A5002104655,Adam Morris,US,312,2015,0
A5066361095,Fiery Cushman,US,4368,2006,0
A5073117032,Lou M. Haux,DE,53,2019,11
A5074229558,Jan M. Engelmann,US,82,2021,11
A5104007268,Esther Herrmann,GB,144,2016,11
A5011645737,Mattea Dallacker,DE,11,2022,4
A5062222438,Jutta Mata,DE,448,2007,4
A5088501616,Vanessa Knobl,DE,11,2022,4
A5081620405,Gregory M. Barron,Unknown,29,2008,4
A5003447732,J. Ward,GB,178,2007,10
A5005979348,A. M. Rucklidge,GB,169,2013,10
A5055751248,Mauro Mobilia,GB,215,2009,10
A5067115138,Andrew Mellor,GB,20,2015,10
A5017506251,Sheldon Danziger,IL,320,1998,11
A5088556829,Liat Hadar,IL,743,2006,37
A5015919057,Rebecca Sear,GB,505,2011,4
A5077503344,Deepak Bhat,IN,17,2019,10
A5017621115,Francis Lareau,CA,33,2019,13
A5026024797,Jonathan St-Onge,CA,16,2020,13
A5077152506,Christophe Malaterre,CA,33,2019,13
A5089143868,Davide Pulizzotto,CA,33,2019,13
A5108605095,Simon Stephan,DE,16,2020,0
A5039885663,Simon Stephan,DE,78,2017,0
A5005654345,Felix Sosa,US,14,2021,0
A5003892229,Yudan Liu,CN,159,2019,26
A5023086553,Leyu Lin,CN,650,2017,26
A5041921496,Fuzhen Zhuang,CN,1086,2010,26
A5058109169,Zhenwei Tang,CN,14,2021,26
A5100437332,Xu Zhang,CN,203,2019,26
A5100562748,Yongchun Zhu,CN,14,2021,26
A5100734672,Qing He,CN,747,2010,26
A5101577090,Ruobing Xie,CN,1906,2016,26
A5039486064,Yu-En Lu,GB,21,2009,10
A5041470785,Nicolas Hengartner,US,726,2004,10
A5011527368,Ludger Starke,DE,17,2015,4
A5084845571,Dirk Ostwald,DE,17,2015,4
A5061857062,Sara Heydari,IR,16,2018,10
A5044971636,Leonidas Spiliopoulos,DE,211,2014,4
A5029706876,Krastan B. Blagoev,FR,22,2007,10
A5075522706,S. A. Trugman,US,22,2007,10
A5025642426,Adam P. Morris,AU,15,2018,0
A5016737786,Julia van Huizen,GB,14,2017,27
A5061483468,Carsten Jung,GB,27,2017,27
A5068256800,Matthew Scott,DE,14,2017,27
A5001262645,Riana M. Brown,US,12,2021,10
A5023677506,Felix Sosa,US,11,2021,0
A5029910781,Amos Schurr,IL,64,2008,4
A5053342641,Dvorit Shimonowitch,Unknown,18,2008,4
A5003271075,Adele Diederich,DE,722,1999,4
A5055571891,Douglas Markant,US,456,2012,0
A5047351142,Basil Saeed,US,13,2017,0
A5047843932,Josh Tenenbaum,US,462,2011,0
A5068090762,Ilker Yildirim,US,493,2015,0
A5086851146,Feodor F. Dragan,US,13,2017,45
A5111471446,Ekkehard Köhler,DE,13,2017,45
A5070347077,Pascale Willemsen,CH,94,2017,0
A5043668496,Shayak Sen,US,804,2014,27
A5068755260,Philippe Bracke,GB,13,2019,27
A5111177928,Anupam Datta,IN,905,2006,27
A5085007274,Arthur Paul Pedersen,US,12,2015,4
A5063780618,Tamsin K. Saxton,GB,30,2017,10
A5079595967,Kristofor McCarty,GB,166,2017,10
A5082802425,Connor Malcolm,GB,12,2020,10
A5043232834,Antonio Coniglio,IT,658,1978,10
A5065235257,L. de Arcangelis,IT,478,1987,10
A5044443758,Ted Ruffman,NZ,16,2008,10
A5063019610,Karen McComb,GB,16,2008,10
A5016254268,Anwesha Chakrabarti,IN,11,2019,10
A5032628825,Adrian Clark,NZ,82,2012,33
A5111510857,Andreas Dünser,AT,97,2012,33
A5009397866,Hyunggyu Park,KR,105,1993,10
A5072900903,Jun Zhuo,CN,19,1993,10
A5029072212,In-Mook Kim,US,17,1993,10
A5069391578,Jutta Köhler,DE,17,1993,10
A5005469426,Vladimir Privman,US,15,1987,10
A5061603084,Wonmuk Hwang,US,11,1999,10
A5000417348,Tim Johnson,US,661,2007,5
A5004215570,Oleg Smirnov,US,820,2005,5
A5075713315,Rafael Lalive,CH,460,2007,11
A5076982741,Charles Efferson,CH,1378,2004,11
A5081521085,Mark Lubell,US,1269,2005,11
A5006899249,Ben Gibson,GB,223,2013,64
A5055283196,Britta Johnson,US,275,2013,64
A5080359474,Sean M. Fitzhugh,US,390,2012,64
A5102874756,Jeannette Sutton,US,1454,2007,64
A5045132686,Venkata Rama Kiran Garimella,FI,658,2012,9
A5002784136,Samuel Smith,GB,509,2019,52
A5004625775,Karen Simonyan,US,1890,2014,52
A5006805259,Andrew Brock,AU,315,2020,52
A5036322364,Soham De,IN,1060,2015,52
A5015326615,Tyler H. McCormick,US,857,2010,14
A5051757791,Nina Cesare,US,483,2014,14
A5060606663,Ali Shojaie,US,409,2014,14
A5073996787,Hedwig Lee,US,593,2014,14
A5050954769,Krishnamurthy Dvijotham,US,395,2018,52
A5059632022,Sven Gowal,GB,712,2018,52
A5076040849,Robert Stanforth,GB,617,2018,52
A5076073500,Chongli Qin,US,415,2019,52
A5100891241,James Martens,AU,3594,2013,52
A5103067148,Alhussein Fawzi,US,221,2019,52
A5103083233,Dilip Krishnan,BE,1784,2019,52
A5032489175,Lucy Lai,US,204,2020,0
A5009433086,Dominik Deffner,DE,193,2020,11
A5050023117,Paul Röttger,IT,124,2023,16
A5051050719,Hannah Rose Kirk,GB,138,2022,16
A5003862256,Daniel Reznik,DE,30,2023,0
A5020024319,Hanna Hillman,US,78,2021,0
A5041281882,Roey Schurr,US,30,2023,0
A5033480100,William M. Baum,US,426,2004,11
A5057206436,Brian Paciotti,US,451,2004,11
A5090470255,Edward Edsten,US,304,2005,11
A5088274459,Pontus Strimling,SE,633,2008,11
A5091245588,Poh Lin Tan,SG,135,2016,9
A5104029561,S. Philip Morgan,GB,135,2016,9
A5005385786,Susan Perry,US,130,2017,11
A5062156025,Brendan J. Barrett,DE,173,2017,11
A5009802656,Ben C. Sheldon,GB,1858,2012,11
A5088537383,Lucy M. Aplin,CH,1908,2012,11
A5056266127,Ryan M. Acton,US,323,2011,64
A5005892968,Bastien Brier,GB,100,2019,0
A5022362506,Michael T. Todd,GB,507,2008,0
A5069362336,Bradley C. Love,GB,1968,1998,0
A5006237435,Hossein Estiri,US,94,2019,9
A5004896252,Rango Marzia,Unknown,171,2018,9
A5034153283,Spyridon Spyratos,IT,364,2018,9
A5103080414,Fabrizio Natale,IT,262,2016,9
A5103613834,Vespe Michele,Unknown,92,2018,9
A5000731446,Bharath Ganesh,NL,467,2018,16
A5012523196,Phil Howard,GB,79,2019,16
A5085374728,Andrew Bulovsky,GB,79,2019,16
A5073818477,Michele Vespe,IT,363,2016,9
A5039074542,Vivien Kleinow,DE,71,2020,11
A5025386668,Albert Gu,US,228,2016,52
A5043910056,Razvan Pascanu,GB,3179,2013,52
A5068330248,Anushan Fernando,Unknown,23,2023,52
A5081990239,Antonio Orvieto,Unknown,23,2023,52
A5046759211,Cody T. Ross,DE,187,2015,11
A5055482292,Daniel Redhead,NL,202,2018,11
A5005837617,Robert L. Bettinger,US,128,2005,11
A5038306902,Bruce Winterhalder,US,206,2005,11
A5017250576,William Irons,US,116,2010,11
A5020053091,Adrian R. Bell,GB,116,2010,11
A5036173592,Leela Hazzah,GB,116,2010,11
A5081576422,Monique Borgerhoff Mulder,DE,748,2004,11
A5086684695,Ila Fazzio,GB,116,2010,11
A5112605363,Tom Hertz,CH,284,2010,11
A5008082945,Yang Xiang,CN,713,2010,44
A5024923124,Qiang Lü,CN,86,2012,44
A5025230449,Guobing Zou,CN,384,2009,44
A5028755343,Ruoyun Huang,US,189,2007,44
A5100393445,Yixin Chen,US,641,2003,44
A5101356732,You Xu,US,150,2010,44
A5100699702,Minmin Chen,US,934,2011,44
A5014748978,Jeffrey C. Schank,US,241,2011,11
A5024577194,Enayat Ullah,US,344,2018,12
A5084835559,Anirbit Mukherjee,GB,103,2018,12
A5015364866,Hayley M. Dorfman,US,235,2018,0
A5077285288,Brent Hughes,US,140,2009,0
A5001098032,Glen Nowak,US,75,2019,16
A5013019304,María E. Len‐Ríos,US,57,2019,16
A5019541409,Karen W. Carera,US,57,2019,16
A5053900942,Deborah McFalls,US,57,2019,16
A5078564346,Bartosz W. Wojdynski,US,927,2015,16
A5113461925,Nathaniel J. Evans,US,911,2015,16
A5089417863,Katsushige Kitazawa,GB,53,2020,16
A5000465689,Carlo Giovanni Camarda,FR,96,2020,9
A5004892784,Emanuele Del Fava,IT,126,2020,9
A5024491455,Marco Bonetti,IT,69,2016,9
A5028327260,Daniela Perrotta,DE,177,2020,9
A5028901479,Ugofilippo Basellini,DE,113,2016,9
A5070069894,Diego Alburez‐Gutierrez,DE,168,2019,9
A5049231060,Leonard Berrada,GB,27,2022,52
A5085679401,Borja Balle,GB,175,2019,52
A5104083546,Jamie Hayes,Unknown,27,2022,52
A5041711564,Lucas G. Drouhot,NL,27,2022,9
A5076225305,Carolina V. Zuccotti,ES,27,2022,9
A5084167541,Emanuel Deutschmann,DE,98,2019,9
A5057481716,Madhur Tulsiani,US,310,2007,12
A5057752375,Luca Trevisan,IT,421,2002,12
A5073672615,Grant Schoenebeck,US,470,2007,12
A5027439631,Christian Cordes,DE,74,2008,11
A5019945431,Monica Stephens,GB,73,2012,16
A5076701535,Katrina Ligett,IL,1111,2006,12
A5011090827,Carl P. Schmertmann,US,61,2014,9
A5024142629,Mikko Myrskylä,FI,635,2010,9
A5028165929,Joshua R. Goldstein,US,179,2012,9
A5037244349,Graham McNeill,GB,54,2017,16
A5001732267,Elke Loichinger,DE,53,2014,9
A5033856056,Tobias Vogt,NL,53,2014,9
A5110441529,Fanny A. Kluge,DE,66,2014,9
A5087193137,Quan Zhou,CN,67,2012,44
A5100734874,Wenlin Chen,CN,206,2013,44
A5100820808,Zhixiang Xu,CN,545,2012,44
A5108523545,Matt J. Kusner,GB,1819,2013,44
A5058603769,Yuqing Kong,CN,151,2016,12
A5045686484,Magali Barbiéri,FR,49,2017,9
A5009222917,Guillermo Vinué,ES,48,2017,9
A5025403362,Lee Fiorio,US,76,2017,9
A5027599381,Guy Abel,AT,205,2010,9
A5061303616,Jixuan Cai,CN,76,2017,9
A5080109277,Merry Mou,US,47,2018,33
A5023796355,Francesco Rampazzo,GB,157,2019,9
A5045705124,Jorge Cimentada,DE,74,2020,9
A5054043838,André Grow,DE,136,2011,9
A5076653924,Sofía Gil‐Clavel,NL,151,2019,9
A5033370951,Benoît Dherin,US,56,2021,52
A5109502776,David G. T. Barrett,GB,1340,2017,52
A5016646798,Olivier Klein,BE,332,2002,29
A5079014462,Myrto Pantazi,BE,46,2018,29
A5050321033,Agnese Vitali,IT,193,2009,9
A5063239904,Jakub Bijak,GB,139,2010,9
A5002738975,Tae Jung Oh,KR,21,2022,48
A5066708574,Hyuk‐Joon Lee,KR,21,2022,48
A5090460555,Young Min Cho,KR,68,2012,48
A5019799032,Andrew Sih,US,2319,2007,11
A5030300456,Sean Fogarty,US,1232,2007,11
A5076872617,Tomas Brodin,SE,372,2007,11
A5087318898,Barney Luttbeg,US,438,2007,11
A5023083645,Matt Greczek,US,109,2012,64
A5045900240,Nicole Pierski,US,57,2012,64
A5090315460,Jeremy Koster,DE,87,2013,11
A5045371931,Limei Peng,CN,47,2012,48
A5045403869,Chan‐Hyun Youn,KR,61,2012,48
A5054786389,Moon Jung Kim,KR,47,2012,48
A5102957571,Eun Bo Shim,US,47,2012,48
A5111925306,Sangjin Jeong,KR,61,2012,48
A5049203811,Elisabetta De Cao,US,44,2014,9
A5061900944,Alessia Melegaro,IT,44,2014,9
A5077184948,Piero Manfredi,IT,1129,2000,9
A5049279805,Abhay Kumar Yadav,IN,131,2016,52
A5060687985,Tom Goldstein,US,2024,2015,52
A5108792867,David W. Jacobs,US,949,2007,52
A5014182520,Whitney Erin Boesel,US,41,2015,33
A5038294819,Charlie DeTar,NG,41,2015,33
A5064896154,Jaclyn Friedman,NG,41,2015,33
A5077129893,Amy Johnson,AU,41,2015,33
A5032994272,Jie Bi,CN,41,2018,44
A5084907331,Zhenjie Yao,CN,41,2018,44
A5048005854,Daniela V. Negraia,DE,41,2019,9
A5032981030,Katja A. Waldron,US,80,2018,64
A5049732683,D Litt,US,277,2012,64
A5069151563,Lovenoor Aulck,US,197,2016,64
A5076637418,Melissa A. Lewis,US,291,2012,64
A5079486945,Maya K. Head-Corliss,US,40,2018,64
A5111830023,Alex Swanson,US,60,2016,64
A5086361853,Thomas J. Flamson,US,430,2004,11
A5056358363,Karthik Abinav Sankararaman,US,64,2019,52
A5100352892,Wei Huang,GB,35,2019,52
A5101651954,Zheng Xu,US,64,2019,52
A5084714502,Gabriel Pestre,US,43,2019,9
A5108806839,Johnathan Hill,GB,28,2021,9
A5000689165,Shengxiang Hu,CN,51,2021,44
A5006352222,Bofeng Zhang,CN,210,2017,44
A5018896387,Ming Jiang,US,380,2015,44
A5074292957,Chenhong Cao,CN,27,2021,44
A5076453110,Yanglan Gan,CN,189,2009,44
A5100398874,Tengfei Li,US,45,2021,44
A5011311758,Eun-mee Kim,KR,20,2022,6
A5032468304,Yena Ko,KR,20,2022,6
A5042712039,Ji Soo Choi,ET,20,2022,6
A5078961899,EunRyung Chong,KR,20,2022,6
A5100607808,Hyun Suk Kim,KR,428,2012,6
A5112738402,Boyoung Song,KR,20,2022,6
A5019720345,Mallika Snyder,US,19,2022,9
A5029597575,Iván Williams,AR,19,2022,9
A5008556268,Elan C. Hope,US,227,2017,33
A5025160783,Neil A. Lewis,US,83,2020,33
A5021268896,Xiaofei Zhu,CN,119,2011,10
A5029998682,Xueqi Cheng,CN,6673,2003,10
A5088621320,Jiafeng Guo,CN,5374,2008,10
A5100620404,Pan Du,CN,43,2011,10
A5078679591,Stéphane Reissfelder,GB,147,2011,16
A5037194708,Nathan E. Stevens,US,38,2015,11
A5046330465,Xintong Han,CN,36,2017,52
A5101687172,Bharat Singh,IN,36,2017,52
A5101861410,Carlos D. Castillo,US,890,2007,52
A5073592066,John Andrew Bunce,DE,34,2017,11
A5048617506,Amitabh Basu,US,32,2018,12
A5100667045,Wei Huang,CN,50,2019,52
A5005229925,Michael S. Avidan,US,105,2019,44
A5102850318,Christopher R. King,US,49,2020,44
A5103156859,Muhan Zhang,HK,178,2020,44
A5080436996,Martin Kolk,SE,36,2021,9
A5009122629,Thomas C. Bailey,US,46,2011,44
A5026604447,Marin H. Kollef,US,57,2011,44
A5033788363,Gregory Hackmann,US,46,2011,44
A5034805517,Chenyang Lu,US,1494,2005,44
A5100699701,Minmin Chen,CN,46,2011,44
A5101656987,Yi Mao,CN,117,2011,44
A5034485449,Rodrigo Cánovas,AU,33,2013,14
A5080743153,Gonzalo Navarro,CL,2140,1996,14
A5000092386,Victoria D. Alexander,GB,61,2017,16
A5044459771,Grant Blank,GB,809,2016,16
A5019851061,Patrick Roos,US,310,2011,29
A5070913945,Michele J. Gelfand,US,1569,1995,29
A5084686808,Dana S. Nau,US,420,1992,29
A5078409412,Philip J. Reed,US,29,2016,64
A5069721021,Sayamindu Dasgupta,US,160,2016,6
A5026826555,Mário A. T. Figueiredo,BR,484,2009,52
A5083617223,Christoph Studer,CH,1477,2016,52
A5101651952,Zheng Xu,CN,953,2016,52
A5054352161,Jeongmin Byun,KR,39,2016,16
A5054771988,Alice Oh,KR,822,2002,16
A5100679181,Sungjoon Park,CZ,94,2016,16
A5100694008,Sooyoung Kim,KR,27,2016,16
A5101881109,Suin Kim,CA,343,2012,16
A5053469058,Emily Smith‐Greenaway,US,50,2021,9
A5073700655,Jenny Trinitapoli,US,109,2009,9
A5059291599,Austin Hounsel,US,13,2022,24
A5068586837,Nick Feamster,US,293,2008,24
A5065594776,Nicola Barban,IT,132,2012,9
A5070508566,Xi Song,CN,13,2022,9
A5081167336,Ashton M. Verdery,US,393,2015,9
A5083451202,Hal Caswell,US,253,1980,9
A5087739396,Rachel Margolis,GB,587,2010,9
A5103042605,Emily Smith-Greenaway,US,13,2022,9
A5020843331,John E. McInroy,US,54,2003,44
A5100951791,Yong Yi,CN,54,2003,44
A5080392568,Benjamin W. Wah,HK,762,2007,44
A5101930378,Chih‐Wei Hsu,US,82,2007,44
A5027382514,Yujie He,CN,51,2013,44
A5019710285,Marina Zannella,IT,47,2013,9
A5050698435,Francesco C. Billari,IT,863,2000,9
A5057345471,Mert Özer,US,21,2020,14
A5066955365,Kivan Polimis,US,20,2020,9
A5027192227,Alan H. Krakauer,US,82,2011,11
A5087021480,Gail L. Patricelli,US,82,2011,11
A5024419417,Mary K. Shenk,US,249,2010,11
A5075310015,Kathrine Starkweather,US,36,2019,11
A5012638182,Xiaohai Liu,CN,21,2011,117
A5026858298,Michael S. Flannery,US,21,2011,117
A5079807652,Xinjian Chen,CN,21,2011,117
A5102800569,Wenrui Huang,CN,43,2002,117
A5065378241,Yi Mao,CN,64,2007,44
A5009939188,Xinyue Pan,HK,144,2018,29
A5039012338,Boyu Tian,US,18,2018,12
A5060287971,Barzan Mozafari,US,18,2018,12
A5101400522,Jiamin Huang,KR,250,2003,12
A5058582171,Franco Berbeglia,US,25,2017,23
A5067555645,Felipe Maldonado,GB,25,2017,23
A5030173821,Brittney Wagner,US,18,2014,9
A5059257039,Gabriel Movsesyan,US,18,2014,9
A5006502257,Wen Xu,CN,31,1998,28
A5034172400,Joanna M. Rankin,US,54,1998,28
A5102318346,Xueyan Gao,CN,31,1998,28
A5109859076,Xin-Ji Wu,CN,31,1998,28
A5109887859,Valerij M. Malofeev,RU,31,1998,28
A5007529212,Annika Wallin,SE,127,2007,4
A5082583686,Sebastian Klüsener,DE,110,2014,9
A5005425763,Valeria Bordone,AT,26,2008,9
A5012213855,Raya Muttarak,AT,210,2014,9
A5006110904,Nechumi Malovicki Yaffe,US,50,2017,33
A5019685613,Joel E. Martínez,US,65,2018,33
A5045803551,Ana P. Gantman,US,236,2015,33
A5052633468,Robin Gomila,US,45,2015,33
A5078248372,Jordan Starck,US,95,2018,33
A5089893332,Elizabeth Levy Paluck,US,64,2013,33
A5006126647,Erich Striessnig,AT,195,2014,9
A5009257759,Bret Beheim,DE,81,2011,11
A5016588178,Silke Atmaca,DE,13,2020,11
A5074073110,Claudia Bavero,DE,13,2020,11
A5087507901,Riana Minocher,DE,13,2020,11
A5023154495,Wei Liu,CN,26,2021,44
A5025593957,Yuliang Zhang,CN,11,2021,44
A5069988750,Ling Chen,CN,484,2017,44
A5101602571,Bin Li,CN,11,2021,44
A5009099785,Jonathan Mayer,US,1172,2011,33
A5064735227,Jerry Wei,US,12,2020,33
A5073886734,Ben Kaiser,US,12,2020,33
A5100379912,Kevin Lee,TW,12,2020,33
A5020281116,Masanori Takezawa,JP,709,1997,4
A5003047511,Jussi Ojala,FI,11,2017,9
A5020927276,Ayberk Kocatepe,US,235,2015,117
A5045540139,Mehmet Baran Ulak,NL,331,2016,117
A5056717187,Mark W. Horner,US,180,2015,117
A5069329927,Mahyar Ghorbanzadeh,US,87,2019,117
A5076953562,Onur Alişan,US,23,2018,117
A5084450364,Eren Erman Özgüven,US,476,2015,117
A5100359204,Juan Chen,CN,13,2006,44
A5100431699,Wei Liu,CN,25,2006,44
A5101465265,Yi Pan,CN,324,2006,44
A5101877341,Ling Chen,CN,25,2006,44
A5108625853,S.M. Blanchard,US,15,2002,16
A5047601648,Malcolm L. Spaulding,US,11,2002,117
A5087900468,Taegyoon Kim,KR,13,2021,17
